:020000041800E2
:1030000010B5024B00221B68984710BDC00000009D
:1030100010B5024B01221B68984710BDC00000008C
:1030200010B5024B00221B68984710BDC00000007D
:1030300010B5024B01221B68984710BDC00000006C
:10304000F8B50A202FF0E6FF114D2E68002E1CD196
:10305000F8BD3B00A3401E4203D02000C9B200F0DF
:1030600027FA0134E4B20B4B1B78023B9C4202DA94
:1030700029890029EDD12B68002BE9D02B89002B61
:10308000E6D00A202FF0A4FFE2E700240127EAE7B8
:10309000C40000000506000010B5040001280ED091
:1030A000022809D0002803D10A2008492FF074FF14
:1030B000200000F047F910BD0A202FF0ABFF0C22D2
:1030C0000021034831F0FCFEF2E7C0464130001811
:1030D000C400000010B500F031F810BD024B98801C
:1030E000D98019817047C046C4000000014B18897F
:1030F0007047C046C400000070B50125094C8540EA
:10310000236800290BD01D4205D12389002B02D052
:103110000A202FF05DFF23681D43256070BDAB437F
:103120002360FBE7C400000010B504000021FFF796
:10313000E3FF0021200000F089F810BDF8B5184F1A
:1031400086003B6804009B59002B05D00022154BDC
:10315000110001201B689847042320021843002116
:103160002FF022FE002138202FF0C2FB041E08D1D0
:103170000C4B020001001B68012098473B689C51E2
:10318000F8BD002520C030F097FA2000E560A57654
:10319000103030F091FA0423E5762377EEE7C0464D
:1031A000DC0000005806000070B50424000204434F
:1031B000200016000D002FF065FE002E05D02843DC
:1031C000C1B220002FF0F0FD70BDA843F8E7000069
:1031D000F8B50D00110004221C0006AB1E88000289
:1031E00007AB1F880243062304482FF049FA0570F5
:1031F0008780468044702FF067FAF8BD040A00000B
:10320000F7B51300104A0D00126881008E580400B3
:10321000002E17D0002D15D1316800290DD00F00D8
:1032200005200C3F3A890978009001952000FFF7AE
:10323000CFFF38002FF07AFA3560002201212000FC
:10324000FFF7B2FFF7BDC046DC000000F0B5384F15
:1032500087B0830004933B6882009C5804220302D9
:103260001A43050003910592002C31D0314811001A
:103270002FF064F92068002807D0039B002B2DD184
:10328000462219002800FFF7BBFF0126216900290B
:1032900028D1E068002801D02FF0B4FBFFF726FF0B
:1032A000002805D1A37E002B02D00A302FF090FE1B
:1032B000214AA37E11895B1813816668002E17D1FD
:1032C0003B68049A98582FF09DFB3B68049A9E50E7
:1032D0003F2105982FF068FD07B0F0BD0C382FF0A6
:1032E00025FAD2E7039A2800724001F011FFCDE7DA
:1032F000201D30F03FFA039B0600002B0DD1828881
:103300000E4B9A420DD1039B02890193438A0621F9
:10331000009328004623FFF75BFF30002FF072FB7D
:10332000CBE7074B290002201B689847F5E7C0460A
:10333000DC000000140A0000C4000000120A0000B3
:103340005806000070B5040001282FD002282BD0A9
:10335000002814D11A491B4B1B4D0B601B4B04203A
:103360001B6804264B602B78023B0B81184B1B8893
:103370004B812FF0BDFC2B78023B9C4200DB70BDE3
:1033800020023F21304301342FF00EFDE4B2F2E77A
:1033900020000121FFF75AFF0134E4B20A4B1B78E9
:1033A000023B9C42F4DBEAE70024F7E7064B0021EE
:1033B0001A78084B023A1868920031F081FDDEE776
:1033C000D0000000D83F001805060000E000000013
:1033D00040400018DC0000000F4B70B51B688200F5
:1033E000D5580E4B0C001B78023B984205DB00229F
:1033F0000B4B110001201B689847002C05D00022C0
:10340000074B110001201B689847A4006359181E40
:1034100000D0187870BDC046DC0000000506000032
:10342000580600000D4B70B51B688200D5580C4B38
:103430000C001B78023B984205DB0022094B11006F
:1034400001201B689847002C05D00022054B110075
:1034500001201B689847A400605970BDDC00000083
:1034600005060000580600000E4B70B51B681500DD
:103470008200D6580C4B0C001B78023B984205DBAF
:1034800000220A4B110001201B689847002C05D030
:103490000022064B110001201B689847A400A5518B
:1034A00070BDC046DC0000000506000058060000A4
:1034B000F0B5AB4B82001B688FB0D3580700089162
:1034C0000493002B00D143E15C68231E02D00B0063
:1034D0005A1E9341042206933B021A430B92069B09
:1034E000002B00D12CE1162308AA9B1800221A8079
:1034F0001523012508AA9B181D7014F085FA059064
:10350000002805D1974B020001001B68280098474E
:10351000954A059B944663440993A188934B99422D
:1035200035D0934B994200D0A9E0152208ABD218B0
:10353000E3892000591E8B4113700092162208A9BE
:1035400052182100099B0E31103000F0EFFD0300EE
:10355000051E03D1228A002A00D095E0002122898D
:103560000191618A380000910621FFF731FE049B2A
:10357000181D30F0FFF820002FF0D8F8002D00D1F2
:103580007BE0059814F098FA00230693D4E002211A
:103590003800228A01F0A0FD061E00D1DCE0431CA9
:1035A000DB7FDB0700D4D5E0438BE5890793A38A53
:1035B0000A93002D16D11D00079B02359D4200D9AC
:1035C0001D00ADB2B18B002904D1664B0A00012069
:1035D0001B689847B38B013BB383638A01336382D3
:1035E00000230EE0A81C0799FFF722FD079B0A9A0B
:1035F0005B1A551B9D4200D91D00ADB28BB200294C
:10360000E0D05A1E9341152208A9DBB2521813705C
:10361000162202932300521821000E3301950093C5
:103620003800099B103100F00DFD051E03D1E28921
:10363000A38A9A4215D1B37B618A2289380001910D
:10364000009304212B00FFF7C3FD049B181D30F0ED
:1036500091F820002FF06AF8002E8FD000237360BD
:103660008CE7B58B002D0FD102230136F27F134377
:10367000F377049B181D30F07DF8069504E0394B74
:103680003A0003201B689847380007F0E1F9082347
:1036900001000B9A37482EF0F3FF162308AA9B1857
:1036A000198805004180002904D12E4B0320A288EF
:1036B0001B689847059B38006B6007F0C9F9000B41
:1036C00008D0284B38001E6807F0C2F92A490200CA
:1036D0000320B04738002E8807F0BAF91523360BBF
:1036E000360336B2064308AA2E809B181A78234E5A
:1036F0001303334205D0C0211A4B03201B688901F4
:1037000098472B8808AA1E4015239B181B78280071
:103710001B031E43B604B60C2E8010F069FD184A38
:10372000089913890139013B1381049B049A9B7EFC
:1037300001339376CBB20893089B002B00D0CEE6E2
:10374000049B380059684B1E9941C9B2FFF7D4FC5D
:103750000FB0F0BD33256EE73325237C6CE7C04600
:10376000DC00000058060000004000500D0A000078
:10377000120A000006110000FF0F0000FFCFFFFF3C
:10378000C400000010B5024B1B68984710BDC0462E
:103790001407000000207047F7B5100016000C0059
:1037A0001D002FF06FFB462302002178300A3F2ACC
:1037B00003D04B1F5A1E934142330026E279A7796A
:1037C00012023A43019600922A00FFF701FD3000F1
:1037D000FEBD73B510000E0015002FF053FB002442
:1037E0003F280AD0F388052B07D13378280AA34253
:1037F00005D1311D01F00CFC0400200076BD332BF7
:10380000FBD0717A312B05D1012200941A3B01F0D3
:1038100097FBF2E70029F0D0230022000094F6E79E
:10382000F0B5088889B00005000D059107F0F4F89F
:103830000600FF2858D04E4B82001B68D558059BC8
:1038400059684C4BCB180793002904D14A4B0A0006
:1038500001201B689847059B02AA5B885382059B41
:103860001B889B049F0F002D05D1434B2A00290084
:1038700001201B689847012F04D0022F34D130005B
:1038800000F0E4FEEA7E2B7F9A4208D2122302AABD
:103890009B181A00300007A900F038FF0227EC68D7
:1038A000002C21D0A188354B994225D0344B994228
:1038B00058D1029702AB5B8A22000193079B21003B
:1038C00000932B00300018330E32103100F072FDDF
:1038D000002802D12B8B002B06D10023EB60207334
:1038E00020000C302EF0F0FE059B586880B214F0DA
:1038F00045F8002009B0F0BD2A0002AB18325B8AFF
:103900000192220021000E32029700923000079AA5
:10391000103100F0CDFB071E02D12B8B002BE3D121
:1039200001213000228A01F0D7FB011E16D0431C72
:10393000DB7FDB0712D5002F0BD1E289A38A9A42E5
:1039400004D1876020000C302EF0BEFE0023EB6017
:10395000CAE73A00300001F031FCF7E7E8682FF0E1
:1039600051F8F3E7044B320003201B689847BBE78C
:10397000DC00000000400050580600000E0A000065
:10398000130A000070B510000D0014002FF07AFA31
:103990003F2808D0240A00212000FFF71DFD012840
:1039A0000DD0022801D0002070BD01216A882000BE
:1039B00001F092FB01220100200001F0A9FB452249
:1039C00000212000FFF71CFCEDE70000F7B5150013
:1039D00010000C001F002FF055FA2D0AEEB23F2800
:1039E00038D02378042B0BD043230025A288300045
:1039F000009221783A000195FFF7EAFB280022E0C7
:103A000001213000A28801F067FB002824D0436820
:103A1000002BE9D12189028B91421FD84460638039
:103A2000C38AA380838B002B0ED021000C4BAD00EA
:103A30001B680C39E85804302FF054FE0121300087
:103A4000FFF75AFB0120FEBD02230130C27F134362
:103A5000C377F7E74623C8E73323C6E73123C4E734
:103A6000DC000000F7B5140010000D001E002FF060
:103A700009FA220A2978D7B23F2813D0432306290E
:103A800011D129000D4B92001B680C39D05804301D
:103A90002FF028FE38000121FFF72EFB0023012024
:103AA0006B80FEBD46230024EA8838000092019412
:103AB0003200FFF78DFB2000F3E7C046DC0000007A
:103AC000F7B50091132B0FD1FFF710FB0024009BDB
:103AD00001909D1C009B1B78A34207D8019B002BE3
:103AE00002D10A202FF074FA0020FEBD288806F0CB
:103AF00093FF0200FF2814D00C4F86003B689B59AF
:103B0000002B04D10A4B032029881B689847094BD6
:103B100069881A898A181A813B689A59937E5B1AB8
:103B200093760134A4B20235D4E7C046DC0000002D
:103B300058060000C4000000F0B5100087B00D006A
:103B400004922FF09FF93F2800D179E0049B0221D5
:103B50001F0A38002A8801F0BFFA041E00D16FE066
:103B6000AB783726002B36D0431CDA7F01231600B2
:103B70001E401A4200D072E02B8905930BF02AFDFB
:103B8000059B984200D26CE02B89162B00D868E088
:103B90006B8905930BF024FD059B984200D262E0EF
:103BA0006989162900D85EE0288908180130FFF7D6
:103BB0002FFAEB88984258DAAB88002B43D0AA88BA
:103BC0001300403B3F2B52D80121380001F084FA0A
:103BD000002800D03E26AB883000E3812B89238269
:103BE0006B896382EB88A38201F058FA0100208A76
:103BF000E21CE389D27F0290608A0190A08A009043
:103C0000380001F023FBAB78002B12D00C23E18BA2
:103C1000049A1B482EF034FDA38906704380E38983
:103C20008380A38BC380238B0381638B43812EF01E
:103C30004BFD002E1DD101230134E27F1343E377B6
:103C4000002007B0F0BD4023AB8001213800AA88D6
:103C500001F042FA0028B2D0AB880133F4E74326E2
:103C6000B9E73126B7E73226B5E73D26B3E7332675
:103C7000B1E700222100380001F04AFAE0E7C0462F
:103C8000080A0000190010B5030A04000A2B08D125
:103C90008A4206D00448083B2EF0F2FC04802EF045
:103CA00013FD002010BDC0460F0A0000F0B585B01E
:103CB00004000D0016000293002905D00022244BB9
:103CC000110001201B6898470820230218432FF099
:103CD000D9F83378070003933F2828D02900200023
:103CE000FFF7A0FB01231A00864203D02F41DA1808
:103CF0001F4208D0100005B0F0BD039A934218D0BF
:103D0000029B01330293029B1B78002BF5D14025C7
:103D100030002EF012FD0026052302000093200043
:103D20002B0003990196FFF753FA3200E2E743258F
:103D3000EEE73200012629002000FFF795FB310055
:103D4000A94032002000C9B2FFF72EFAEDE7C046C5
:103D500058060000F0B502230D00002185B0170AB7
:103D600002AA1371517138002A0003ABFFF79EFFBE
:103D70000600012826D101006A88380001F0ACF95C
:103D8000041E25D0431C0193DB7F334203D1831CE7
:103D9000DB7F002B1CD0FFF7F5FCC0B2002814D04D
:103DA0006870E38AE2893800697801F071FA0122CB
:103DB000631CDB7F134205D0A6219343019A023492
:103DC000E177D377300005B0F0BD01236B70E8E7F1
:103DD000332200213800FFF713FAF3E7F7B5032386
:103DE0000C0069460B7100216B46170A59712200BD
:103DF000380001ABFFF75AFF0600012829D1010066
:103E00006288380001F068F94722051E1DD0431C66
:103E1000DB7F334219D0A188073A002915D0808A68
:103E20000E4B1B1A994210DCFFF7ACFCC0B2002805
:103E300011D06070A388EA893800617801F059FADE
:103E4000A288AB8A9B180022AB8200213800FFF7C2
:103E5000D7F93000FEBD6670ECE7C046FFFF0000FA
:103E6000F0B58BB0079301230C0004A90B7500215A
:103E700004AB5975130A05936B461F7D2200380069
:103E800009ABFFF713FF0690012865D16388002B6B
:103E900000D17AE025890BF09DFB854200D976E0C0
:103EA00023893126162B00D866E065890BF098FB34
:103EB000854200D96DE06189162900D869E0208922
:103EC00008180130FFF7A4F8E388984200DB62E0AD
:103ED000A388002B43D0A2881300403B3F2B4AD835
:103EE0000121380001F0F8F8011E44D160880BF080
:103EF00077FC86B2002E3FD1012124202EF0F8FC61
:103F000005006388059A8381A388C682C3812389BB
:103F100092000382638929004382E38806848382B6
:103F2000079B4660C3831D4B86601B68D0581030CA
:103F30002FF00EFCFFF726FCC0B2002822D06070E4
:103F4000288AEB89AA890290688A61780190A88AF8
:103F50000090380001F04CF906980BB0F0BD4023FA
:103F6000A38001213800A28801F0B6F80028B2D061
:103F7000A3880133F4E7332600213800F2B2FFF7BB
:103F80003FF9E9E701236370DAE73A26F4E73126DF
:103F9000F2E73226F0E73D26EEE7C046DC000000FF
:103FA00070B50D00042114001A0004AB1B88000238
:103FB0004A3301439BB204482EF062FB0623C580BE
:103FC00004720370083070BD120A000010B5083882
:103FD0002EF07AFB10BD0000FFFF0000853C0018AA
:103FE000120A0000653A00180D0A0000CD390018C9
:103FF000100A000099370018050A0000613E0018F9
:10400000070A0000393B00180B0A0000DD3D0018CC
:10401000090A0000553D0018140A000085390018EF
:1040200003110000C13A00180611000021380018E1
:10403000130A0000D3370018040A0000953700184F
:104040000D00000070B5180004AB20CB1C8806AB37
:104050001E7800239E420BD1230A047043700B8804
:1040600083701B0AC3702B88002B16D004230430E6
:104070000E4E1C19B688B44200D93400A4B2148084
:10408000E41A2B88A4B206332200C91830F0FCFED3
:104090002B880020E4182C8070BD8B88023C0371B3
:1040A0001B0A4371A4B206230630E1E7C4000000F6
:1040B000F7B51F000AAB1B78089D099C009101927F
:1040C000012B1DD0184B2A881B688000C15804237F
:1040D000002A03D12388023B23800623CE7E288832
:1040E000009AF61AF6B21D3306301018C9183200BD
:1040F00030F0CAFE2B88F3182B8023889E1B268065
:1041000023883420BB420ED32888009B06303A0017
:104110001818019930F0B8FE00202B88FB182B806E
:104120002388DF1B2780FEBDDC000000F0B587B0D0
:104130000293002313800C9B04001B78160004914B
:104140000093002B00D00BE1038043880279052BFC
:104150000DD0062B2ED0042B00D01DE1914B522AFE
:1041600000D11DE11F21D22A03D1152105E017211D
:104170008D4B8A4200D311E111008900CB58019385
:10418000002B00D10AE1029B651D1A715F1D238877
:104190000133238033880133338000230393019B51
:1041A0001878009B002800D1ABE0002B05D00098C8
:1041B00007B0F0BD0F217D4BDBE7019B0133059379
:1041C00052280FD8402811D9413811280ED830F084
:1041D0002FFE54100D0D0D0D0D0D0D0D3A2E0D0D64
:1041E0000D8B0D4757280FD06C2853D034230093E4
:1041F00019E02B7801353B70238801370133238088
:104200003388013333800EE001226B1C93432288F4
:104210009D1C023222803288023232801B883B7021
:104220001B0A7B700237019B01330193B7E701231F
:1042300001359D4323880235023323803388039759
:1042400002333380EEE729003800102230F01CFEE4
:104250002388103510332380338810371033D1E78B
:1042600029003800082230F00FFE23880835083373
:104270002380338808370833C4E729003800062232
:1042800030F002FE23880635063323803388063754
:104290000633B7E70123019A013552789D432B88F5
:1042A0000235572A1BD15B009BB2414A3188908866
:1042B00022889A182280021F521A92B201929A42C0
:1042C00000D901932900019A380030F0DDFD019AF0
:1042D0003388AD189B183380059B0193A3E7422ACE
:1042E000E3D0059B019381E729003800202230F0BC
:1042F000CBFD23882035203323803388203720339B
:1043000080E7002B00D052E7039B002B06D03388B8
:10431000039A043B9BB213701B0A537063881720E7
:10432000052B04D02A30062B01D00BF053F923883B
:10433000834212D8029A13701B0A537063889370D9
:104340001B0AD3703288131D338023889B1A238065
:10435000049B04342D1B1D8029E731230093F7E7CC
:10436000134A038892889A4200D91A00049B211D9F
:104370001B880298C91895B230F086FD3388049ADC
:10438000EB183380049B1B88EB18138023885D1B7C
:104390000023258000930AE73323FBE73423F9E762
:1043A0001421EAE6EC490018A44A0018684A0018EB
:1043B000C4000000F0B58DB0079312AB069204CB99
:1043C00001911B880B92039314AB1B78022B00D036
:1043D000DFE0994B80001B68C35804930B79498830
:1043E00005290ED0062900D1F3E0042911D1934A02
:1043F000522B00D11DE11F21D22B00D0EBE0152361
:10440000EDE0049A0332D27F002A00D00EE13F276C
:1044100006E0019B03201A88894B33271B689847C5
:104420000222019B5B889343042B04D0049B019AD6
:104430000333DB7F537138000DB0F0BD029B0133B5
:10444000059352280FD8402811D9413811280ED889
:1044500030F0EEFC550F0D0D0D0D0D0D0D0D22164E
:104460000D0D0D2B0D4C57280AD06C2850D0342739
:1044700038E02B780136237001350134F6B231E093
:104480000123621C9A436B7829781B020B43941C0E
:10449000138002350236F1E729002000102230F0A7
:1044A000F3FC103410351036E8E7049B1B7F043B07
:1044B0009B1B09930593202B01D9202305936B4661
:1044C0001B7D29002000059A0A9330F0DDFC099B32
:1044D0001F2B01D801230893059BE418ED180A9BB4
:1044E000F318DEB2029B0133029386E0290020001C
:1044F000082230F0C9FC083408350836BEE7290028
:104500002000062230F0C0FC063406350636B5E73A
:104510000122019B01349443029A1B8852785B1A52
:104520009BB2572A1AD15B08049A2900127F238074
:10453000043AD2B2931BDEB2023420000892320059
:1045400030F0A2FC019B019A1B88A419023313804E
:10455000059B089E029301230893C3E7422AE3D0F8
:10456000059B02930123089381E7914251D8089B50
:10457000002B01D191424CD1079B521A1A80019B0A
:10458000069A0433E31A1488E4181480002F00D02C
:1045900046E7039B002B1AD0079B039A1B883427FE
:1045A000934200D247E7069B0198198804304018CF
:1045B0000B9930F069FC069B039A1B88D318069A66
:1045C0001380079B039A1B889B1A079A1380002766
:1045D00031E70F211B4A3F278B4200D320E79B0086
:1045E0009B580293002B00D111E7019B01265C1D13
:1045F00000231F00049D08932235029BB1B2187856
:10460000079B1A880028B0D0002F02D1914200D811
:1046100014E7019B34275B88052B00D000E7019B42
:104620001B88172B00D8FBE6033FF9E61721064A43
:10463000D1E71423D3E7C046DC000000EC490018A2
:1046400058060000684A0018A44A00182C4B820043
:104650001B6870B5D4580500E068002820D0294BAD
:1046600082889A4216D10121028A280000F034FD86
:10467000011E05D0002334228360280000F09EFD37
:10468000E0682EF053F80023E3600023E376043360
:10469000237770BD34230C3003702EF015F8F2E749
:1046A000E37E227F9A42F0D9032BEED92100042029
:1046B0001F312A024D7813B20243E07F2D020543D9
:1046C0001100342628B2052D0AD0062804D0013E58
:1046D000042805D1062100E008213426194389B2B7
:1046E0004A2309482DF0CCFF0023067043808380C5
:1046F000C580A31CDB7F03722DF0E6FFC5E7C04633
:10470000DC0000000E0A0000130A0000F0B50E00E5
:10471000A44B17001B68820085B0D5580290E87E34
:104720002C7FA04225D23B88002B01D105B0F0BDE3
:10473000241A9C4200D91C001D3022003168281820
:1047400030F0A2FBEB7E1B19DBB2EB763A88121B32
:104750003A80326814193460042BE0D1AB7F6A7F51
:104760001B021343172B00D917232A7F9B182B7783
:10477000D5E7A042DAD1AB7F6A7F1B0213430093D7
:104780002B001F335B78EA7F1B0213430193403BEE
:104790003F2B00D9A7E00121019A029800F09CFC70
:1047A000041E00D1EBE0431CDB7FDB0700D4E6E016
:1047B0008668002E3BD033000C3BEB603389708859
:1047C00003930027618A009B99426AD3A38A9C467F
:1047D000002B00D183E0228A039B9A4200D280E022
:1047E000002834D19A1C009B9A4235DB002F59D106
:1047F0006346013BA382002E30D1029A039B100234
:1048000004220A339BB20243E18B67482DF038FF44
:104810000123C380019B47808380039B03810300A6
:104820000C3BA060EB600770009B2B834AE0009B71
:10483000012B08D92B0021331A785B7830001B023A
:1048400013430393BDE7300034270396BAE7009B78
:10485000C218039B9A42C9DD342723E0F488009BE9
:1048600001340230C018A4B24B1EF480C018FEF709
:10487000CFFB80B28442D7D90421029B4B481A0255
:10488000114306230A002DF0FBFE03230370019B56
:10489000438001238380F388013BF3802DF014FFD4
:1048A000C2E7322702983A00210000F087FCE8684E
:1048B000002803D02DF03AFF0023EB600023A36013
:1048C000332F5CD0E868002800D12FE7002F00D1FB
:1048D0002CE70C302DF0F8FE0023EB6026E73B2799
:1048E000E0E73127DEE70426AB1CDB7F0393029B66
:1048F0001B021AB21E436B4604215B5E0199052917
:1049000038D0062B31D0042B39D106240298144319
:1049100003F0B2FE009B312798428041A4B20740C9
:10492000009B002B00D134270AF054FE009B9842D4
:1049300022D34A23002F02D1009B4A339BB232007C
:1049400021001B482DF09CFE00234380019B077033
:10495000C3807B427B41009A5B4213408380039B70
:104960000C3803751300E8605FE708241443A4B211
:104970000027D5E73400FBE731274A23DFE704228D
:10498000029B0B48190211434A230A002DF078FEBE
:1049900033270023019A43800770C28083800C383C
:1049A000E8608FE7DC0000000E0A00000B0A000040
:1049B000130A000042574200426C42005757576C9E
:1049C00042004B005752004241005050004257579E
:1049D0006C5700424C575700424C575757570042AC
:1049E0004C5700424C5757575757000000000000E3
:1049F000B4490018E1490018E1490018D5490018E8
:104A0000B8490018BC490018B9490018BD49001838
:104A1000B8490018E1490018B9490018D5490018EB
:104A2000B9490018D0490018B9490018BD49001803
:104A3000B8490018BE490018C9490018BE490018F5
:104A4000BE490018BD490018BD4900188C5901180D
:104A5000C949001800000000BE490018000000000D
:104A6000BE490018C9490018000000007459011817
:104A700074590118C2490018C24900188C5901180C
:104A8000C2490018C4490018C2490018C749001893
:104A9000C24900188C590118CA490018C2490018A7
:104AA0008C59011800000000CD49001800000000DA
:104AB000000000000000000000000000D3490018C2
:104AC000D3490018000000000000000000000000B2
:104AD00000000000000000000000000000000000D6
:104AE000000000000000000000000000D84900188D
:104AF000DF490018E3490018E3490018D3490018BA
:104B0000F8B50E008A880221050000F0E5FA041EBF
:104B10000ED0471CFB7FDB070AD5818B1D4BF2882B
:104B20005B1A9A4206DD01003D22280000F046FB98
:104B30000020F8BD002AFBD004232A02C18B1A43AF
:104B400015482DF09DFDF288A38BD318A383E3892C
:104B5000428003802DF0B8FDFA7F9307E8D56368A3
:104B6000002B04D10D4B290003201B68984702221B
:104B7000FB7F9343FB770A4BAA001B686168D05800
:104B80000C3904302EF0AEFD01212800FEF7B4FAF6
:104B9000CEE7C046FFFF00000C0A000058060000E8
:104BA000DC000000F7B50D0000210600FEF73AFC1E
:104BB00000282ED06A7843789A422AD101780129B8
:104BC00027D18288300000F087FA3323041E019336
:104BD0001AD0042733021F43390026482DF0AEFCBB
:104BE000AB890B2B44D8244AD35C0193002B06D10C
:104BF000AA881300403B3F2B0DD94C230193002280
:104C00002100300000F084FA00213000019AFEF704
:104C1000F7FA0020FEBDEB88162BEED92B89162B58
:104C2000EBD90221300000F057FA0028E5D13A0014
:104C3000E18B0C2311482DF023FDAB88E382EA8839
:104C400022832B8963839C4601236989651CA18388
:104C5000EF7F3B43EB77A3894380E389C180838067
:104C6000634643810023028103702DF02DFDCBE7C5
:104C70003C23C3E7140A00004C500018080A000047
:104C800070B50D0000210400FEF7CCFB00281ED0FB
:104C90006A7843789A421AD10378022B17D10121FE
:104CA0004288200000F018FA4725011E04D0012296
:104CB000200000F02DFA00250421230205481943A5
:104CC0002DF03CFC2A0000212000FEF799FA00207C
:104CD00070BDC046140A00001523F0B589B002AAC1
:104CE00005009B18162288880F0002A95218290077
:104CF0000AF05CFD84B2472C00D193E0012128002A
:104D000005F0E4FF02AB01005E7D002800D071E0F9
:104D1000B3070CD0280005F0D9FF002806D00221E7
:104D2000280005F0D3FF3924002800D13624E0B252
:104D300000F0B4F90590002800D07AE0FA8813005A
:104D4000403B3F2B01D9092305933B89162B00D803
:104D50006AE07B89162B00D866E00221280000F06B
:104D6000BBF90A23002800D062E00121B8880AF0CC
:104D700037FD00285BD1059B002B5AD12A02043352
:104D800002A91A43C98A04332F482DF079FC012166
:104D9000060024202DF0ACFDBB88059A8381C281DA
:104DA000FB8802AAC3823B89040003837B89AD0090
:104DB0004383BB8921008383D38AC3830423038471
:104DC0007A78C31CDA77059B436083601F4B1B68AE
:104DD000E85810302EF0BCFCA38930003380E38A01
:104DE0007380238BB380638BF3802DF06DFC0020E8
:104DF00009B0F0BDB3070CD402AB5B7D5B0700D4F8
:104E000095E7280005F09CFF0F2800D98FE738248C
:104E10008DE7280005F07EFF03231E40B04200D23C
:104E200084E7E9E73A2482E70B23059395E7042317
:104E30000593002328007A78059902930193009343
:104E400000F004FAD3E7C046060A0000DC000000C8
:104E5000F8B50E00CA880221050000F03DF9041ED5
:104E600012D00127421CD37FBB43D377A322831CDC
:104E7000DA77C28AC3897178280000F027FA3A00ED
:104E80002100280000F044F90020F8BDF8B58B8817
:104E900004000D004C27022B01D8274AD75C0021C3
:104EA0002000FEF799FA431E06000021012B03D8CB
:104EB0002000FEF7B7FA41780423220210B21A4309
:104EC0006B788B422ED111001C482DF037FB012E40
:104ED00014D100212000FEF7A5FA002807D082880F
:104EE0003100200000F0F8F80022011E16D1200049
:104EF0003A000021FEF784F90020F8BD022EF6D119
:104F000000212000FEF78EFA0028F0D0012142880F
:104F1000200000F0E1F8011EE9D00122200000F09D
:104F2000F7F8E4E708230343280099B208382DF086
:104F3000ECFB0120E1E7C04658500018140A0000BD
:104F4000F0B585B01C000AAB1E88002704231500AD
:104F5000020203911343052101220097FFF720F875
:104F60008580012D03D0022D0FD0C78003E004728D
:104F7000240AC5804472039B4370C38801335B00DD
:104F80004380FFF723F805B0F0BD04728672240A4F
:104F9000360AC5804472C672EDE773B505000E008F
:104FA00005F06CFD041E08D103000200009071782A
:104FB0002800FFF7C5FF200076BD08212A02300037
:104FC000042513B2194308382A4389B22DF09DFBFA
:104FD0000120F1E737B504000D0005F04FFD012871
:104FE00009D16978002520002B002A000095FFF7E1
:104FF000A7FF28003EBD082122022800042413B286
:1050000019430838224389B22DF07FFB0120F1E7D4
:1050100073B5082300240D790B4A1678AE4200D1EF
:105020005468013BDBB20832002BF6D1002C02D0D1
:105030000431A04776BD4979230022000094FFF790
:105040007FFF2000F6E7C0465C500018003C3A3C69
:105050003536373839333E403C31330001000000EB
:105060008D4E001812000000D54F001813000000EC
:105070009B4F001806000000514E0018070000006A
:10508000814C001814000000D94C001815000000D5
:10509000A54B001816000000014B0018030000B5D6
:1050A00000280DD0353BDAB218000623052A07D8B0
:1050B000052804D82FF0BCFE0608030A0C0E0623B0
:1050C00098B200BD0423FBE70523F9E70723F7E7C0
:1050D0000823F5E70223F3E70C4B80001B68C05858
:1050E000002811D0006900280ED0012908D002291B
:1050F00008D0002902D18389934205D00068F2E7E5
:10510000C389F9E7C38AF7E77047C046DC000000AF
:10511000F0B5284B85B01B6803928200D658070073
:1051200030000C0010302EF02FFB631CD97FA089BB
:105130004907C90F0AF06EFB039B002B10D0042314
:105140003A021A43E18B1C482DF09AFAE389038056
:10515000A31CDB7F002B00D1463383702DF0B4FA03
:10516000A068002807D0F3680C38834201D10023DF
:10517000F3602DF0DBFA6568002D15D00C3D290099
:10518000301D2EF001FB039B002B0AD0002063682A
:105190002A89197801909B88380000934623FEF7EE
:1051A00017F828002DF0C2FA20002DF02BFC05B0D6
:1051B000F0BDC046DC0000000A0A0000042370B500
:1051C0000C0001021943150008480A002DF058FA96
:1051D000E3894380022303702DF076FA0121621CDB
:1051E000D37F02348B43D377E57770BD090A000083
:1051F000F0B5042487B01D000CAB1B880F0003938F
:105200000DAB1B88160004930EAB1B88142205936C
:1052100003021C430023052100932300FEF7C0FE78
:10522000039B47708381049B86804381059BC580D7
:105230000381FEF7CBFE2100024A03482DF0E4F87B
:1052400007B0F0BD30750000140A0000F0B585B05D
:105250001C000AAB1F880BAB1E880CAB1B8815000B
:1052600003930423020213430022029100920521BA
:105270001532FEF795FE039B4570C380029B848028
:10528000478106818381FEF7A1FE05B0F0BD0000D5
:10529000F7B504241D0003021C4300230F00160071
:1052A0000521062200932300FEF77AFE4770C68090
:1052B0008580FEF78BFE2100024A03482DF0A4F8FA
:1052C000F7BDC04630750000140A000073B51C001D
:1052D000042315000202134300220E000092052150
:1052E0000732FEF75DFE46708580C480FEF76EFED5
:1052F00073BD73B51C000423150002021343002282
:105300000E00009205211632FEF74AFE4670858097
:10531000C480FEF75BFE73BD7FB505000E00140070
:10532000684610220A492FF0AFFD0C20042C03D050
:10533000022C01D0002010243100220068442FF0FC
:10534000A3FD2800102269462FF09EFD7FBDC046B8
:10535000A05A001870B516001D0088B0022909D1A6
:10536000022B0BD12A0031002FF080FD434258411F
:10537000C4B206E0042907D1042BF3D00024102D79
:1053800004D0200008B070BD1029F7D10A00010038
:105390006846FFF7C1FF2A00310004A8FFF7BCFFF1
:1053A0001022684604A9DFE707B513006A460632F3
:1053B00013800223FFF7CEFF0EBD000030B510258D
:1053C000040085B02A00684608492FF05DFD2100E1
:1053D00002220C3103A82FF057FD2B0022002900D8
:1053E0006846FFF7B7FF05B030BDC046A05A0018A9
:1053F00030B51025040085B02A00684608492FF012
:1054000043FD210004220C3103A82FF03DFD2B00A9
:10541000220029006846FFF79DFF05B030BDC04659
:10542000A05A0018F0B587B003930CAB019204CBDF
:1054300002901E880FAB1F7804ABD9800123002592
:10544000072118000492039A934235D31623681C4F
:10545000032158432DF04CFA029B04001B88468020
:10546000038060239F4307710126002704AB457129
:1054700002220630991D2FF007FD0E9D0835039B73
:105480009E4229D3200000F057FB051E0ED1238831
:10549000029A010013800722030094460127039813
:1054A000CAB2904202D90498002838D120002DF0C9
:1054B000A9FA280007B0F0BD019A002A07D0019C84
:1054C000DA08A25C1C000C402241024201D00135E6
:1054D000EDB20133DBB2B6E7019B002B07D0019A96
:1054E000F308D35C072232401341DB0713D51623A0
:1054F00016207B43EA88E3181A85AA8812490137E7
:105500000A4078435A856A882900DA8420180222E2
:105510002FF0BAFCFFB20136F6B20835AFE70198BA
:10552000002807D0019ED008305C6646324010410A
:10553000384206D0029A049812889A1801334254CD
:10554000DBB20131ABE7C046FF9FFFFFF0B587B08C
:1055500003930CAB019204CB0F001B8802900593C0
:105560000FAB1D7801230026072118000492039A2F
:1055700093423AD31620731C584303212DF0B8F9F7
:10558000029B04001B8805710380059B6D06467114
:10559000438002220630AD0F03D09218012D00D0B7
:1055A0000C323900012600272FF06EFC0E9D1635B7
:1055B000039B9E4229D3200000F0BEFA051E0ED1A7
:1055C0002388029A010013800722030094460127D2
:1055D0000398CAB2904202D90498002843D120000F
:1055E0002DF010FA280007B0F0BD019A002A07D06C
:1055F000019CDA08A25C1C000C402241024201D04E
:105600000136F6B20133DBB2B1E7019B002B07D0C4
:10561000019AF308D35C072232401341DB071ED501
:1056200016227A43AB8AA21813856B8A781C53859D
:10563000298A5B13D1840321162219408C46032149
:105640005043143A20180B4204D063460232012B17
:1056500000D00C3229002FF017FC0137FFB20136C1
:10566000F6B21635A4E70198002807D0019ED008AD
:10567000305C664632401041384206D0029A0498A7
:1056800012889A1801334254DBB20131A0E710B5F9
:1056900086B06A4603880400013968461380517158
:1056A00000F026FA6B461B88238006B010BD000070
:1056B000F0B585B001930023140002AA0F00110079
:1056C0000293137100F008FE061E07D1A02102A864
:1056D000890100F057FE002803D00626300005B0EF
:1056E000F0BD204902A800F04DFE0028F5D11E496A
:1056F00002A800F047FE0028EFD11C4902A800F0E4
:1057000041FE0028E9D1A42102A8890100F03AFE57
:105710000028E2D1164902A800F034FE0028DCD1AE
:10572000144902A800F02EFE0028D6D1029A0420C7
:10573000115E93880029D0DB1B051D0D55196B8860
:10574000A34200D207262A883B19934207DC201D7A
:105750003A00019928182FF097FB6F80BEE70D26BD
:10576000BCE7C04601280000032800000228000012
:1057700002290000032900000023F0B58FB006AE17
:1057800003913100070015000693337100F0A4FD6A
:10579000041E1BD1A0213000890100F0F3FD002878
:1057A00017D00F2702ABFF180123390030000093F8
:1057B0000AAA00F043FE041E08D14B4E3A78039B20
:1057C00030001A800AA92FF05FFB2E6020000FB076
:1057D000F0BD3000454900F0D5FD0028E1D1300092
:1057E000434900F0CFFD002826D0013708AEBFB2F4
:1057F000089431003471380000F06EFD041E4FD162
:1058000001230F210093030002A809180AAA3000FF
:1058100000F014FE02ABDA7B0399D31C0B80089BCB
:1058200034495B8834481B0A4B77CF830AA92FF091
:105830002BFB2D4B2B60C9E73000304900F0A2FD57
:1058400000282FD0336808AE9A8831001205120D57
:105850009B1858791A79000208941043347100F0AB
:105860003BFD041E1CD10F2702ABFF18012339009A
:10587000300000930AAA00F0E1FD3F78039A089EE9
:105880003B1D13803100022217482FF0FDFA02223F
:10589000B11C1B482FF0F8FA3A001A480AA9C6E7CB
:1058A000802493E7A4213000890100F06BFD31686A
:1058B000002808D08A881205130D0222CB180399FC
:1058C00004330A80B6E704200A5E8B88002A08DBCE
:1058D0001B051B0DCB181A1D2A605B88039A1380C9
:1058E00074E7062472E7C046190100000128000091
:1058F00003280000FC0000001C010000022800003A
:105900001B0100001D0100000023F0B587B00192CB
:1059100002AA0091110004000293137100F0DCFC54
:10592000051E07D1A02102A8890100F02BFD002847
:1059300003D00625280007B0F0BD204902A800F0DA
:1059400021FD0028F5D11E4902A800F01BFD00280A
:10595000EFD11C4902A800F015FD0028E9D1A421CF
:1059600002A8890100F00EFD0028E2D104AF013C3D
:105970003900A0B2029E04953D7100F0ADFC0028F4
:105980000DD138000E4900F0FDFC002807D07388C7
:10599000009A1B0A120A934201D004F0DBFD802218
:1059A000009B019952017380B388114202D01343C6
:1059B000B380BFE7044A1340FAE7C046012800005D
:1059C0000328000002280000FFEFFFFF73B500234B
:1059D00015006A460E0069460093137100F07CFCC6
:1059E000041E07D1A0216846890100F0CBFC0028E5
:1059F00002D00624200076BD68460F4900F0C2FCA4
:105A00000028F6D168460D4900F0BCFC0028F0D112
:105A100068460B4900F0B6FC0028EAD1A42168468C
:105A2000890100F0AFFC0028E3D1009B5A88B24303
:105A30002A435A80DEE7C046012800000328000000
:105A40000228000010B50C0000F0AEFA030001209F
:105A5000002B06D060220020997A94431140214304
:105A6000997210BD10B50C0000F09EFA03000120E1
:105A7000002B04D0602200209B7A9343237010BD3A
:105A800010B5012804D0022801D100F075FA10BD2C
:105A90000022024B5A609A60F9E7C046FC00000001
:105AA000FB349B5F800000800010000000000000BD
:105AB000F7B50E4C050027680E000192002F14D098
:105AC000002806D1200010220C302FF0DDF9012330
:105AD00023773B68002B03D031002800019A9847B8
:105AE00020682CF08FFF00232360F7BDFC0000002E
:105AF0000288104B002A18D101221B680280002B5B
:105B000016D041790288521899888A4210DBDA88C7
:105B10000132F2E7D988914207D3417900209B886E
:105B20008A189A424041C0B270471B68002BF1D1DD
:105B30000020F9E700010000F0B589B00190FFF7FF
:105B4000D7FF051E039016D1019B10241E797606FF
:105B5000B60F08D00434012E05D0022E00D1EBE19F
:105B60004023043C0393019B5B79AB4200D8C7E020
:105B7000039B002B10D0039809B0F0BD6022019B5D
:105B800001991B7938009343019A12311371320045
:105B90002FF07AF91024E6E716236B43019AD31805
:105BA0005B8D5B049B0F38D0012B31D0022B02D0D0
:105BB00040230393DFE71027A01D83B2029316232F
:105BC000691C4B430493049A019B39009E18A02240
:105BD00030009201FFF7E8FB0028E9D139003000DE
:105BE000CC4AFFF7E1FB0028E2D139003000CA4A75
:105BF000FFF7DAFB002815D016236B43019AD31860
:105C0000A022DB8C1201134093421CD05623D0E714
:105C1000A01D83B204270293D1E7A01D83B20227FF
:105C20000293CCE739003000BC4AFFF7BDFB0028E7
:105C3000E2D139003000BA4AFFF7B6FB002806D09F
:105C40000C34A3B202930135029CEDB28BE7A4227F
:105C5000390030009201FFF7A7FB0028F0D139008E
:105C60003000B04AFFF7A0FB0028ECD1042F03D18D
:105C70000A34A3B2029316E0102F14D13000FFF7BC
:105C80009DFB002821D016236B43019AA649D31807
:105C90005A8D0A405A8502220499019B0C315918E9
:105CA00030002FF0F1F816236B43019AD3182A2104
:105CB0005A5E002AC7DB188D01230005000D053050
:105CC0009843029B181883B2BCE73000FFF790FBA3
:105CD000002813D00A34A3B2029316236B43019A0F
:105CE0009149D3185A8D1140802292010A43049998
:105CF0005A85019B0C3104225918D1E71634B8E7B4
:105D0000039B002B00D036E7200001212CF0F0FD92
:105D1000019B019A1B8805008380527904199B1806
:105D2000C380019B039A5B880381019B1B79C2722C
:105D300083725B069B0F17D1019B0222991D0C30C9
:105D40002FF0A2F80027019B5B79BB4220D80023EB
:105D50000120764A1168002900D1D5E0002B00D13E
:105D6000C8E004F0F7FB06E7012B0AD10422019BEF
:105D7000043C991D20002FF087F82B1DE31AAB81FE
:105D8000E0E7022BDED1019B1022103C991DF1E7C8
:105D900016210B007B43019AD3187A1C51435B8D6B
:105DA000019A5B049B0F06915618002B23D1062005
:105DB00078430E300222310028182FF065F80223B4
:105DC000029306237B430793EB18049316237B432C
:105DD000019A3000D3180593049ADB8C0299138240
:105DE000504AFFF7E1FA002829D00023049A538291
:105DF0000137FFB2A7E7012B0ED1043C042231008A
:105E000020002FF041F806237B43EA180E33EB18ED
:105E1000E31AD3810423D3E700220292022BD0D1CC
:105E2000103C1032310020002FF02EF806237B4367
:105E3000EA180E33EB18E31AD3811023C0E73000C1
:105E4000374A0299FFF7B0FA002813D002220699C8
:105E5000019BA61F123132807280A01E59182FF0AC
:105E600013F806237B43EA180E33EB18F31A3400B9
:105E70005382BDE7A422300002999201FFF794FA01
:105E80000028E3D13000244A0299FFF78DFA002858
:105E90000DD0162206237A4301997B438A18528D2E
:105EA0002349D204D20FEB180A435A82A0E73000EC
:105EB0001A4A0299FFF778FA0028EAD1059B1D4992
:105EC0002A229A5E059B11401B8D1B051B0D002A83
:105ED00003DA1943049B59828AE701265A1DB2430B
:105EE000A41A079A23800E32AA18A21A049B608073
:105EF0000A43DAE7AE888C88A64203D22960030001
:105F0000156027E70A0025E7002B00D029E7156078
:105F10002B6026E701280000022900000329000069
:105F20000228000003280000FF9FFFFF000100007F
:105F30000280FFFF00F0FFFF019B9F1D3800FFF76D
:105F40003DFA002800D019E63800FFF751FA202367
:105F50001C00002800D106E66021019A3800127961
:105F60000C3C8A4313430199019A123113710422A4
:105F70002EF08AFFF7E5C04670B50A4C606800282D
:105F80000AD12068002801D02CF03CFD002363607A
:105F9000A3602360237770BD05682CF033FD2800D3
:105FA000EDE7C046FC000000104A0300906810B501
:105FB0005168002806D084889C4203D8C188994241
:105FC0000ED2016808000121002809D084889C4273
:105FD00009D8C4889C4204D3C47A0C4201D1906091
:105FE00010BD0068F0E70020FAE7C046FC000000A2
:105FF000F0B5A04B8BB0049006911C7F002C09D00B
:10600000071E04D00A0000209B49B847002738002B
:106010000BB0F0BD27005E68002E66D0002F08D0C0
:10602000944C20680028F2D02CF0ECFC0023236074
:10603000EDE70122F37A134218D10320B288F388E6
:10604000B17A9B1A49110622DBB2014200D00E320E
:10605000A41806223500002753430E355B19A4B25D
:106060000393039B9D4201D0002F01D03668D3E7F4
:1060700003226B885B1313420BD1A4222B8892015D
:1060800093422ED007D87D4A93420AD07C4A93424D
:106090001DD00635E5E77B4A9B18042BF9D804345C
:1060A00013E0AB881B051B0DEB1858791A79000219
:1060B0001043FFF779FF002815D00321827A0A23C5
:1060C00052110A4200D00E33E418A4B2E1E70321D2
:1060D0006A8907345213A3B202240A42F4D00E3460
:1060E000F2E70634F1E75127D3E7002F98D10321D7
:1060F000201D2CF0FDFB2500049A5E4B0260186009
:106100005B6803900493049B002B00D19DE0002F5B
:1061100003D0432F00D17AE782E70122049BDB7A88
:1061200013423DD1049B06A99E88DB8809AA9B1BCC
:10613000DBB207930A235B1819003000FFF71CFB42
:10614000049B03999B88AA1E92B25BBA8A189BB2E1
:10615000043D1371ADB21B0A53714A197F21049B90
:1061600007009B7A282099429B415B42537106AB02
:106170005B890399ED1AADB210712A1D8A1809992D
:10618000002B11D1049B01360E330593079BB6B249
:10619000F3189BB20793079BB34201D0002F09D09D
:1061A000049B1B680493AEE7013B9BB2C85C107074
:1061B0000132E5E70322059B5B885B1313423ED166
:1061C000A422059B92011B88934204D032D82E4A08
:1061D0009B18012B33D801220398AB1E9BB271BAD6
:1061E000C31889B21971090A5971059B043D1B88AE
:1061F000ADB25BBA9BB241190B711B0A4B71002AFD
:106200001DD00A2306A95B18190009AA3000FFF760
:10621000B3FA070006AB5B890399ED1AADB22A1DEC
:106220008A180999002B0AD0013B9BB2C85C1070F8
:106230000132F7E7134A9B183A00042BCCD9059B8F
:1062400001360633B6B20593A5E7002F00D060E70C
:10625000002D05D00D4B2200290003201B68984714
:10626000069B039900932200094B0A4804312DF044
:1062700019FDCCE6FC000000080100000228000027
:1062800003280000FFD6FFFFFED7FFFF58060000DF
:10629000B15A00184066001870B50E4C6368002BA8
:1062A00001D1012070BD9A888242F8D8DA888242F2
:1062B00001D21B68F3E7DA7A0120150005408D4210
:1062C00004D082430A43DA7204F044F90020A0604B
:1062D000E8E7C046FC00000070B505000C00FFF7C1
:1062E00063FE03000120002B07D09888A84205D147
:1062F0000433236001230020237170BD01302D1A67
:10630000062068430E301B18002023602071F4E73C
:1063100070B51B4CA3686268002B07D005889E8867
:10632000AE4203D8DA88AA4216D21A6813000122B4
:10633000002B01D1012070BD06889D88AE4207D395
:10634000DD88B54202D3DD7A154205D01B68EFE740
:10635000DE7A1642FAD105809A880088824206D1F8
:106360001A1D0A6001220A710020A360E3E70132CE
:10637000801A062242430E329A180A600022F2E77F
:10638000FC000000030000791B6800280BD1002BE3
:1063900008D09A885204920F04D11888401A4342B8
:1063A0005841C0B27047002B0AD0A02292019142FE
:1063B000F8D09B7900207F2BF4D9024BC818EEE768
:1063C0001800EFE7FFD7FFFF70B50D00A02189018E
:1063D0000400FFF7D7FF0623002826D12000144928
:1063E000FFF7D0FF062300281FD120001149FFF737
:1063F000C9FF0623002818D120000F49FFF7C2FF6C
:106400000623002811D1A42120008901FFF7BAFF3B
:106410000623002809D121688A88130512B21B0DB2
:10642000002A00DBCB5A2B800300180070BDC04649
:1064300001280000032800000228000073B50500B1
:10644000100006AA167800220A700C002968013292
:1064500000291AD02A79002A35D08A79002B22D037
:1064600053069B0F19D0012B0CD1033323702968DD
:106470000B89C918002E14D00422FEF74DFF1023FB
:10648000237001E0022B02D00022100076BD102301
:10649000237029680B89C91803E002232370296837
:1064A000083122780AE052B2002A0ADBA0239B01BD
:1064B0006A46D38002226B462270991D2EF0E4FCBE
:1064C000E2E70D4BF4E78B885B049B0F08D0012BB0
:1064D0000CD0022BD8D10E33237029680B88DAE751
:1064E0000223237029680029CED0DAE70423237021
:1064F00029680B88BDE7C04601280000F0B585B0CB
:106500000A9E0F00336815000190002B26D0A021B1
:1065100030008901FFF736FF002818D130004249CA
:10652000FFF730FF002812D130004049FFF72AFF63
:1065300000280CD130003E49FFF724FF002806D187
:10654000A42130008901FFF71DFF002816D0802309
:106550009B00002D0BD12C003B8005E03100019801
:10656000FFF7BAFE041ED2D0200005B0F0BD9D4258
:1065700001D00624F8E700243C80F5E733680400E6
:106580005B883B80002DEFD01D42F2D002ABD8716A
:10659000D91D0198FFF766FA041EE5D133680C3463
:1065A0009A8880235B011A4207D102AAD17902227C
:1065B0000C001440114200D00C249D422FD00DD865
:1065C00080239B009D4218D010D31A4B1A4AEB1817
:1065D00013420BD13B881B079B0F11E080239B01CB
:1065E0009D4219D08023DB019D42F3D0134B2A003A
:1065F00003201B680199984703E003223B8813405E
:106600003B8002ABDB79DA060CD43A881B079B0F80
:106610009A42A9D23B80A7E73B889B06DCE73B88F0
:106620001B06D9E708249FE7012800000328000083
:106630000228000000FCFFFFFFFB000058060000DE
:10664000000000000000000000000000000000004A
:1066500070B50D7806001B3D6B1E9D411A4B0C005A
:10666000ED181A4B4A881B688100CB589B69002B98
:1066700004D1300004F022FB010006E09988914229
:1066800020D8D98891421DD3198932020626A388C1
:106690003243063328009BB22BF0F2FF237805002B
:1066A0001B3B5A1E934112330370A288A1194280EA
:1066B0006388838080192EF0E7FB28002CF004F813
:1066C000002070BD1B68D2E70C0C0000F000000039
:1066D00010B50121040001F0EDFF0C2804D00022C8
:1066E0000F2810D041220EE00121200002F02EF8E8
:1066F000418903890022994205D0064BA2001B68FC
:10670000D3582C331A782000012102F0CBF9002055
:1067100010BDC046F000000070B50D00040008F088
:1067200059FF6988814200D90100200089B202F036
:1067300031F80121200001F0BDFF002201000128F5
:1067400001D041220121200002F0ACF9002070BDEF
:10675000F0B587B002910121040001F0ABFF4122A6
:106760000B2816D100260121200001F0EFFF0622A0
:10677000370023021A43039005920096039B009A68
:106780005B7893420CD8029B5B88BB4200D05026BA
:1067900032002000012102F085F9002007B0F0BD91
:1067A0000121200002F090F8009B039A9B00D3186F
:1067B0000193DB8801000633059A9BB215482BF044
:1067C0005FFF019B05009B880380029B5A88019B09
:1067D000D21BDB889A4200D91A0093B20493AB8093
:1067E00000236B80029B391D5918A81D2EF04CFB0D
:1067F000049B049AFF18019BBFB2DB88934200D030
:10680000502628002BF060FF009B0133DBB2009381
:10681000B4E7C046090C0000F7B50E0001210700DF
:1068200001F048FF0C2824D10121380001F08EFF2F
:10683000B588C3880400ED1AADB229000C3145813A
:1068400041183000F38808301A0001932EF00EFB37
:1068500000280CD1019B5D1923899D4207DCADB254
:1068600001213800658101F0FDFF0020FEBD044DCF
:10687000F6E741220121380002F014F9F5E7C0469D
:10688000FFFF0000F0B585B001910121040001F087
:1068900011FF402203281AD10121200001F056FFE8
:1068A00006220500002623021A43A3000393274B68
:1068B00002920093019B5B88B3420DD8009BEA884B
:1068C00001339BB29A4201D3002B37D10A22012116
:1068D000200002F0E7F836E00121200001F0F4FF8B
:1068E0006B780100029A063319482BF0C9FE019B10
:1068F000070099194A790B79290012021343038082
:10690000019AB31C9BB2D3185A791B791202134314
:10691000438000936A780831027105302EF0B4FA92
:1069200038002BF0D1FE0B4B039A1B6804369B58A2
:10693000B6B24C331A7801321A70BBE7012120003D
:10694000AB8001F08FFF002005B0F0BDFFFF00001D
:10695000040C0000F0000000F0B587B002910121A6
:10696000050001F0A7FE402207281FD101212800C1
:1069700001F0ECFE029B03905B780227012B00D014
:106980000E370024062226002B021A43AB00049285
:106990000593029B5B88B3420DD8039B0134DB88CF
:1069A000A4B2A34201D3002C30D10A220121280035
:1069B00002F078F830E00121280001F085FF049A08
:1069C00001003B1D16482BF05BFE029BB11C9B197E
:1069D0005C791B7924021C4389B2029B04313A0082
:1069E000591801900480877003302EF04DFABB1CBB
:1069F0000198F6182BF068FE0A4B059A1B68B6B290
:106A00009B584C331A7801321A70C2E7039B01215C
:106A100028009C8001F026FF002007B0F0BDC04692
:106A2000070C0000F0000000F0B587B000914E8820
:106A30004F780121040001F03DFE0500022800D03E
:106A40007FE039003000FCF7E3FA002800D178E05D
:106A50000121200001F07AFE009B02905B78142B4C
:106A600000D10E3500260622370023021A43A30068
:106A7000049205930396009B5B88BB4259D9002E74
:106A800059D1314B039A9A4211D1039B029A013397
:106A9000D2889BB29A424ED3002B4CD0029A01214D
:106AA0002000938001F0DEFE002007B0F0BD012140
:106AB000200001F009FFAB1D0100049ADBB223485E
:106AC0002BF0DEFD009B461DD9194A790B79120285
:106AD00013430380009ABB1C9BB2D3185A791B79CD
:106AE000120213430393391D039A009B89B20431A8
:106AF000428059182A000190057130002EF0C4F927
:106B00002B1DDBB2029AFF18029B08325B7829002A
:106B10003000FEF71FFC060001982BF0D5FD0C4B52
:106B2000059A1B68BFB29B584C331A7801321A7011
:106B3000A1E7002EA9D000220121200001F0B2FF20
:106B4000B2E74122F8E7C046FFFF0000040C000056
:106B5000F000000010B50121040001F0ABFD00229F
:106B60000C2800D041222000012101F09BFF0020D1
:106B700010BD00007F2310B50A780C001340522B83
:106B800009D01E2A07D0062100020143C420044A6E
:106B900000012BF039FC2000FDF718FA10BDC046AB
:106BA00030750000062302021343002213B50421AE
:106BB00000921E320400FDF7F3F901002000FFF7F8
:106BC000D9FF13BD062337B50202134300220D007F
:106BD0000092042118320400FDF7E2F9457001002B
:106BE0002000FFF7C7FF37BD70B50B7904000D001B
:106BF000122B0ED104F062F80622230201001A4380
:106C000017482BF07BFD012120002A7901F04AFF73
:106C100024E00A2B0BD1134B82001B68D3584C3352
:106C20001A78002A03D000221A700A71EBE76B78F9
:106C3000162BE8D10121200001F088FD0028E2D0C8
:106C40004378002BDFD0074BA2001B680021D358EC
:106C50002A792C3320001A70FFF7B4FF002070BD92
:106C6000230C0000F0000000F0B50C0089B00121F9
:106C7000050001F01FFD062805D804282FD800D1F3
:106C8000A4E0402249E00A28FBD12800667801F000
:106C9000F3FC02380121864200DB13E1280001F0F9
:106CA00013FE06226378010028020243043396484B
:106CB0002BF0E6FC00260700637922791B021343C0
:106CC00003806278A11D023A92B28280468006302B
:106CD0002EF0DAF838002BF0F7FC32001DE001212D
:106CE000280001F033FD049063781027072B00D8AB
:106CF0000E3F06222B021A43AB00079300231E000F
:106D0000069205936388B3420CD8059B049A01331D
:106D1000D2889BB29A4250D20A220121280001F067
:106D2000C1FECDE0A219537912791B021A43049BCC
:106D300005921B78052B30D10121280001F0C4FDFC
:106D4000069A0100BB1D71482BF09AFCB31C9BB244
:106D5000E3181B79059A0371F31C9BB20280E318B8
:106D60005A7905361B791202B6B21343311D43809E
:106D70003A0003904771611806302EF085F80398A9
:106D80002BF0A2FC624B079A1B68F6199B58B6B20F
:106D90004C331A7801321A70B4E73000049B049A1D
:106DA000093039005B7820180832FEF7D3FA002842
:106DB000C2D16378F618B6B2A4E7049A002BABD020
:106DC00001212800938001F04DFD79E00121280088
:106DD00001F0BCFC079063885B071ED1012305937B
:106DE000DB1800260622370003932B021A43069273
:106DF00004966388BB4214D8059B002B01D1002E5A
:106E000050D1049B079A0133D2889BB29A4283D314
:106E1000002B00D180E7079AD2E7002305931033B7
:106E2000DFE70121280001F04FFD039B0100069AD6
:106E3000083338482BF024FCE219537912791B02ED
:106E40001A43BB1C9BB20280E31804925A791B7947
:106E50001202134343803B1D9BB2E3185A791B79FE
:106E6000120213438380059BB91D060089B2002BD3
:106E70000FD0039B04311A008371611807302EF084
:106E800003F8039B30000633FF18BFB22BF01CFC45
:106E9000AFE731001E4BAA001B680C39D0581030E8
:106EA0002CF020FC00240421069B0A2228000094D8
:106EB000FDF776F87388010043802800FFF75AFE3B
:106EC00000201EE0280001F041FC637922791B02BA
:106ED0001343002283806378028122002100023B59
:106EE0009BB2083AC3805380094BAA001B6814392F
:106EF000D05810302CF0F6FB0121280001F0B2FC34
:106F0000012009B0F0BDC046090C0000060C0000CD
:106F1000F0000000050C0000F0B5374C830085B090
:106F20000393236882009B5805001B69002B47D000
:106F3000012101F00BFC2368AA009B5807001C6983
:106F4000012123000C3301932800E68901F0BCFCE9
:106F50002A020625B31D01009BB22A4327482BF0C5
:106F60008FFB8680BB8805000380FB880026029388
:106F70004380237D092B17D12100627D0630023A20
:106F80001A312DF081FF637D27689E1EB6B2002F57
:106F900003D0029AD31A02336B8020002BF0C6FB79
:106FA0003B003C000C330193002C0BD1124B039A95
:106FB0001B68985810302CF07FFB28002BF084FBC6
:106FC00005B0F0BD019BB01D19005A8928180C317D
:106FD0002DF05AFF019B24685A899619B6B2002CED
:106FE00002D06B889B1A6B8001980C382BF09EFBAB
:106FF00020000C300190D7E7F0000000090C0000E1
:10700000F7B50D000121040001F054FB042830D035
:107010000838C0B2022800D97DE00121200001F02B
:1070200095FB2B000022290006003C4F083B5A80AC
:10703000A30001933B68A2009858143910302CF03B
:1070400051FB3289002A43D13B68A2009B586F88CC
:107050001A69D389FB189BB2D38182229200934292
:107060003CD3F83AFF3A0121200001F01BFD01203A
:10707000FEBD0121200001F069FB284BA2001B6826
:107080000700D05810302CF075FB291D0300102587
:1070900006000C332A00133001932DF0F5FE019801
:1070A000B5742BF011FBB389FA8801339BB29A4275
:1070B00001D3002B05D10A220121200001F0F2FCAE
:1070C00004E001212000BB8001F0CCFB0020CFE7D1
:1070D0006B88934200D913006B80B5E7200001F064
:1070E000CBFA0138874205DB6A8833899A4206D396
:1070F000002B04D02000FFF70FFF0022B3E7F18838
:107100005118F180002B01D09B1A338101212000FE
:1071100001F0A8FBABE74122CEE7C046F00000003B
:1071200070B50E23050000260C000A7A0E49087877
:10713000904200D14E68013BDBB20831002BF6D102
:10714000FF20002E0ED01B3AFD331A4206D0062136
:10715000C4202B02194300012BF0F0F92100280074
:107160000831B04770BDC0466C71001803000000C4
:107170001967001805000000596900180700000091
:107180008568001809000000696C001811000000F3
:10719000296A00180B000000017000180D000000A3
:1071A000017000180F000000516700181300000064
:1071B000556B00181700000019680018190000002E
:1071C000D166001801000000E96B00181D000000E6
:1071D000516600181B0000005166001870B50400CD
:1071E00008000E00FEF7E0FE051E05D1064B32003A
:1071F000210003201B689847AB7A2889DB0701D55B
:107200002402204370BDC0465806000037B5140064
:107210006A4600230D00911DD380FFF7D5F80028A2
:1072200007D16B46DB88A34204D964199C4200DD78
:107230000D303EBD0720FCE7F0B50E00062171437E
:1072400005001000224A85B054188A5A0E2167881A
:10725000009369443B00FFF751F9062805D00C283C
:1072600005D0041E04D005B0F0BD2079F9E7012453
:107270006B46DB89002B01D10020F4E7280003F0E6
:1072800049FD002809D0032E09D1280003F042FD52
:107290006B46DB8980B28342EED90520E3E701210A
:1072A000280003F013FD002808D10221280003F074
:1072B0000DFD03000F20002BD5D1EEE7002CE4D00C
:1072C000280003F03DFD0F28DFD80C20CBE7C04697
:1072D000E885001873B500236A46009313714A8845
:1072E0008E880C006B4603210500FFF7A5FF021EE8
:1072F00001D0002076BD31000C39684689B2FFF715
:1073000085FF0028F5D108212A02EF200625A38851
:1073100016B2073331432A439BB289B200012BF0E6
:10732000AFF9F1230370A388050003334380D22310
:1073300003716388A11D43711B0A8371A288073002
:107340002DF0A2FD28002BF0BFF90120D2E70000AC
:10735000F8B5040015000F0019001E00FFF73EFFEE
:1073600022020624AB1D010022439BB208482BF0E9
:1073700087F9002304002A003900068085804380B5
:1073800006302DF081FD20002BF09EF9F8BDC0469F
:10739000150C000037B500236A46009313714A8824
:1073A0000C006B4602210500FFF746FF021E01D0CC
:1073B00000203EBD6846A188FFF728FF0028F7D1CE
:1073C00028006388A288A11DFFF7C2FF0120F0E713
:1073D00073B51C00062315000202134317220E008A
:1073E00000920421163AFCF7DBFD467045800471DB
:1073F000FCF7ECFD73BD00000022F0B587B004ABD4
:107400000F1F04921A713A8805000C00002A2AD036
:10741000AB000293444BAA001B6861889858036B29
:10742000002B2FD0DA8A8A422AD140302CF0A2F9E0
:107430003B88029A1B051B0D03933B4B01001B6805
:10744000E0889B581F6B002F31D08226B600B446CF
:10745000BA88121896B262452ADB403318002CF025
:1074600077F9092305E04A880121FFF7E5FE031EAD
:10747000CED0280062882178FFF7AAFF002014E010
:107480001B68CDE73B88002BCFD12800FFF7A6FE75
:1074900006222D02010002232A4324482BF0F0F893
:1074A000638803802BF010F9012007B0F0BD0600BF
:1074B000A288944662884881604608810398C88003
:1074C000002F04D1303318002CF00CF908E0F88AB2
:1074D000904226D930330A00180039002CF008FAFF
:1074E000114B029A1B6804219B582A021B6B28002F
:1074F0009E8006231343E28800921722FCF750FD7A
:1075000021000500638808314380E288C28008308A
:107510002DF0BAFCA3882800AB80FCF757FD0220B1
:10752000C3E73F68CCE7C046F0000000170C00003E
:1075300037B500236A46009313714A886B460C00E6
:1075400001210500FFF778FE031E0ED10200A1887D
:107550006846FFF75BFE031E07D128006388A288F8
:10756000A11DFFF7F5FE01203EBD280062882178AD
:10757000FFF72EFF0020F7E7F0B58DB0060004916D
:1075800001F07AF8023883B20593049B5F88B30058
:107590000693049B9A88BA4200D291E0002F00D152
:1075A00093E00E2206ABD21817800027059B0AAA8B
:1075B0000A97177103930E2306AA9B1818000AA9AD
:1075C000FEF7A6FE041E00D078E0049B9A8806AB66
:1075D000DB899A4262D3022118202BF089F901231A
:1075E000C21D811D0093050023000AA8FEF726FF97
:1075F000041E06D006ABD989434B02001B6803204A
:1076000098470E2306AA9B181B88AB80AB7907937B
:10761000002F2ED09F422CD028002BF0F3F93B4DA9
:10762000069A2B689B589B6B002B61D0059B039A95
:1076300030009C1A06233202A4B2134300940522A0
:107640000421FCF7ADFCBB1E5A1E9341013343706D
:107650002B68069A06009B5840889D6B00232418CF
:107660007480002D34D13000FCF7B0FC00200DB048
:10767000F0BD264B069A1B682900985838302CF02C
:1076800031F80E220398079B0238C01A83B2039385
:1076900006ABD2181388079F013313800E2306AA66
:1076A0009B18049A1B8892889A42B8D3002BB6D0B4
:1076B000039A7B1C934200DA7DE7B0E70A24AEE729
:1076C0000027059B03930124A9E7059B0393FAE791
:1076D000A988F21802339CB29180201DAA79E91D75
:1076E00030182DF0D1FBAB792D68E3189BB2B8E7C9
:1076F000002C00D10A34049B30005A8819782300EA
:10770000FFF766FEB2E7C04658060000F000000032
:10771000164BF7B51B688200D358040053331D780D
:107720000F00002D1CD107F055FF06232202042173
:1077300013430095032206002000FCF731FC0500EE
:1077400007F048FF7988814200D90100200089B202
:1077500001F020F828006E80FCF738FC0020FEBD08
:10776000042300220221FFF733FEF7E7F0000000B8
:10777000F7B5140000236A46A57813710093637867
:107780002D021D432A000E006B4603210700FFF760
:1077900053FD021E08D10E2E01D90F3EB2B22B00AE
:1077A0003800E11CFFF7D4FDF7BD00000023F0B561
:1077B00087B004AE049333710B7805000C00122BD4
:1077C00047D01D270521402B0CD03900280002F09E
:1077D000D1F912230293002838D1217812394B1E97
:1077E0009941043133002800A288FFF725FD02905B
:1077F00000282BD1E3882800039300F03DFF039B72
:10780000C61E9E4200D91E0006222B021A43B3B2A6
:10781000042128000392009313003A00FCF7C0FBF8
:1078200021000500A38832004380B3B28380083171
:1078300006302DF029FB2800FCF7C8FB2378122B1B
:1078400004D0054A039905482AF0DEFD029807B0E6
:10785000F0BD1B27B9E7C04630750000410C0000A1
:1078600010B58400064B1B681859036B002B00D120
:1078700010BD30302BF07EFF2BF0C4F8F2E7C0468D
:10788000F0000000F0B58BB005914B780500079330
:10789000012B00D09CE00B00043B1B88029383006B
:1078A0000693029B002B40D1594B82001B689B58CA
:1078B0001C6B002C39D0029B08AF04930393002368
:1078C0003B603B713900E08AFEF706FD021E04D0E2
:1078D000504B0320E18A1B68984722893800618950
:1078E000FFF794FC059B079A043B1A800600E28A86
:1078F000002800D081E0029B9A4203D0E388A08058
:10790000049303942189049B994200D974E004985C
:107910006389814239D20398A04236D00499A3806A
:10792000E18003942468002C2DD10026384F069A5C
:107930003B689B581C6B002C4BD02800E18AFFF75A
:107940004DFC0622A3882D02063301009BB22A4378
:1079500031482AF095FE00260500E38A0380A388BB
:10796000838023894380AB88B34201D8002B03D1A5
:107970002A88E38A9A4211D028002AF0A5FE012421
:1079800020000BB0F0BD029299E7C91889B20491AA
:10799000039989885B1803998B80C3E72100B01D88
:1079A0001C31628928182DF06FFA6389069AF6183F
:1079B0002368B6B202933B68985830302BF0DAFE59
:1079C00020002BF01FF8029B002BD5D01C00CAE72B
:1079D000002600242800FFF743FFA642D0D106234B
:1079E0002A02134317220421009228000232FCF7D6
:1079F000D7FAFCF7EBFAC3E70726059B28001978AE
:107A00003300FFF7E5FC2800FFF72AFF8EE7C046AA
:107A1000F000000058060000150C000010B58400AE
:107A2000064B1B681859836B002B00D110BD3830F2
:107A30002BF0A0FE2AF0E6FFF2E7C046F0000000BF
:107A400070B5074D84002B681B59986C002806D030
:107A50000C382AF06BFE00222B681B599A6470BD0B
:107A6000F0000000F7B51F001B4B01921B6882005D
:107A7000D35804009B6C0E00002B26D01A888A4233
:107A800021D11D79062D08D0002D07D15A880199E2
:107A900005330A803B602800FEBD80252000FFF7EB
:107AA000CFFF062DF7D131002000FFF797FB220210
:107AB0002A430100022392B208482AF0E1FD068021
:107AC0002AF002FEE7E7FFF7BBFF3A00300001991A
:107AD000FDF752FE0500E4E7F0000000130C000083
:107AE000F0B50C001D008FB0159E0F880490039216
:107AF00031002000FEF70CFC031E28D1039A2188D8
:107B0000128891421CD80F21009004A80AAA0918D3
:107B10003000FEF793FC021E04D0354B0320218871
:107B20001B6898470F2304AA9B1829000AAA1B78F0
:107B30001498FDF70FFC2288002820D10132228002
:107B4000039A238812889A4201D3002BD0D10A23AA
:107B50002780029302980FB0F0BD33685D88039BC5
:107B60001D80059B002BF5D12188179B169A049840
:107B7000FFF778FF0290EDE7013EB5B2EFE7330083
:107B800000210498FFF758FB059002903779002FE9
:107B9000E3D1300017492588FEF7F4FB0028DED03A
:107BA000280008AB08971F71FEF7FEF907000135A2
:107BB000AEB2FD88B542D2D3BB88B342CFD208A9BA
:107BC0003000FEF789FB0B4908A8FEF7DBFB002815
:107BD000D2D1094908A8FEF7D5FB011ECCD108A8CF
:107BE000FEF7D0FB0028C7D10136B6B2E1E7C046A8
:107BF0005806000003280000022800000023F0B50A
:107C00008BB008AA1371089383000493504B820031
:107C10001B6805009858029138302BF0ADFE029B8E
:107C200003901C1F2388002B04D1280000F024FDA2
:107C3000013820800024029B039A5B88934256D926
:107C4000029B043B05931B88002B50D0002C0CD0CA
:107C5000062C6DD0039B5800029B18188288197857
:107C600028002300FFF7B4FB62E0039B21005E00C5
:107C7000029B28009E19B28808ABFFF7DDFA041EAC
:107C8000E6D10A2704ABFF183A002800B18807ABF9
:107C9000FFF7E8FE041ECED1059B3F881B889F425C
:107CA00000D91F003800BBB20221083005932AF02A
:107CB0001FFE0600BBB283803A00079906302DF004
:107CC000E3F8234B049A1B683100985838302BF0A6
:107CD00009FD2800FFF7B4FE029B03981A1F1388C2
:107CE000059901305B1A138083B20393A3E7002C3C
:107CF000AED1280000F0C0FC0299062304390E889A
:107D00002A02F6438619B6B2134328000F220096C2
:107D10000421FCF745F9270005000D4B049A1B6868
:107D200046809B589E6B002E07D12800FCF74EF929
:107D3000A01F434258410BB0F0BD381DB288B11DA1
:107D400028182DF0A1F8B3883668FF18BFB2EAE70B
:107D5000F0000000F0B50E00002189B006AB1971EB
:107D6000728805000691FFF767FA041E4CD10A27B6
:107D700002ABFF183A002800718805ABFFF772FECE
:107D8000041E41D1B3883F880393BB4207D907340F
:107D90002300280072883178FFF71AFB2FE02800B3
:107DA00000F06AFC039B0138FF1A874200D90700E4
:107DB00006232A02134302AA5289042100922800B2
:107DC0000D22FCF7EDF84780059BB188BFB23A0061
:107DD0005918039004302DF057F80398FCF7F6F883
:107DE000B38802AA5289DB19934208D1280000F017
:107DF00043FC0138874202D02800FFF721FEA01F74
:107E00004342584109B0F0BD062CF8D0C0E7F0B5A8
:107E10000E00002189B006AB069119717288050029
:107E2000FFF70AFA041E3BD10A2202A81218718831
:107E3000280005ABFFF716FE041E31D102AB280067
:107E40005F8900F019FC461EBE4200D93E000623A1
:107E5000B1B22A02134303910B220091280004219E
:107E6000FCF79EF80700039B32004380059904301D
:107E70002DF00AF83800FCF7A9F802AB5B89039AE9
:107E8000934208D1280000F0F7FB0138864202D067
:107E90002800FFF7D5FDA01F4342584109B0F0BDAF
:107EA000062CF8D02300280072883178FFF790FA6A
:107EB000F1E700000023F0B50C008FB00CAA0C9382
:107EC00013714A88163304A95B18251F1A802B8862
:107ED0000600002B00D1B0E00027B30006936A4BE8
:107EE000B2001B689B589B6B0493002B01D09B79BD
:107EF0000493002F5ED11625A3880AAA04A9138033
:107F00006D180BA9A37903911A2104A809180291ED
:107F10000CA9019121000831009130002900FFF7E0
:107F2000DFFD071E00D096E004AB5B8B049A934202
:107F300001D0002A3ED1221F1588043DFB2B00D919
:107F4000FB239D4200D91D002800ABB202210C305A
:107F500007932AF0CDFC04AB5B8B2A00049304AB9F
:107F6000DB8A0B99838004AB1B8B0590C380057261
:107F700009302CF089FF221F13880799043B5B1AF4
:107F80001380414B069A1B680599985838302BF09E
:107F9000A9FB04AB5B8B079A934202D13000FFF739
:107FA0004FFD04AB198B04AA4B1C9BB2D382A28851
:107FB000934255D9344D069A2B68985838302BF097
:107FC000DBFC002856D02B68069A04219B5832020D
:107FD0009C6B0623257A134304354543ADB230002C
:107FE00011220095FBF7DCFF4580237A060004335D
:107FF00043700023A288F1180A71120A4A719A1C70
:10800000E18892B2B2181171090A5171210004334A
:108010009DB2281D227A301809312CF035FF237AC1
:108020002468EB189BB2002CE4D13000FBF7CEFFA4
:10803000B81F434258410FB0F0BD00F01DFB02389D
:1080400028806388A28801279A4200D245E7002B46
:1080500000D041E741E70628ACD12B886380E7E7F1
:108060009142A7D0049B221F12880333934200DA67
:1080700041E79FE7162304AA9B181A8830003B00AB
:108080002178FFF7A5F9D3E7F00000000023F0B551
:108090000E008FB00CAA0C9313714A88163304A9F2
:1080A0005B18341F1A8023880500002B00D1A5E03F
:1080B0000027AB000693654BAA001B689B589B6B7F
:1080C0000493002B01D09B790493002F5BD11624DD
:1080D000B3880AAA04A9138064180BA9B379039181
:1080E0001A2104A8091802910CA901913100083144
:1080F000009128002100FFF7F3FC071E00D08BE061
:1081000004AB5B8B049A934201D0002A3BD1321F0F
:108110001488023CFD2B00D9FD239C4200D91C0091
:108120002000A3B20221083007932AF0E1FB04AB40
:108130005B8B2200049304ABDB8A0B998380059050
:10814000847107302CF0A0FE321F13880799023B80
:108150005B1A13803D4B069A1B6805999858383076
:108160002BF0C0FA04AB5B8B079A934202D1280034
:10817000FFF766FC0AAB198804AA4B1C9BB2D3829A
:10818000B28893424DD9314C069A236898583830BA
:108190002BF0F2FB00284ED02368069A04219B584E
:1081A0002A029C6B0623A679134302364643B6B2D5
:1081B000280009220096FBF7F3FE4680A37905000C
:1081C000023343700023A288E91802330A719EB279
:1081D000120A4A71301DA279E11D28182CF054FEB4
:1081E000A3792468F3189BB2002CECD12800FBF78C
:1081F000EDFEB81F434258410FB0F0BD00F03CFA0D
:10820000023820807388B28801279A4200D250E752
:10821000002B00D04CE74CE70628B4D123887380AC
:10822000E7E79142AFD0049B321F1288013393429B
:1082300000DA4CE7A7E7162304AA9B181A8828003F
:108240003B003178FFF7C4F8D3E7C046F0000000E8
:108250000023F0B50C008DB00AAA0A9313714A8866
:10826000163302A95B18271F1A803B880500002BD4
:1082700037D0AB000593A38802AA138309AB0393FD
:108280001A2316219B1802930AAB019302A8A31D7F
:10829000009309180223280008AAFFF721FC061EF4
:1082A00004904ED00A2828D0062814D002AB1B8B8D
:1082B00002AA0133D382162202A95218A388128877
:1082C0009A4206D808AA12889A4202D03B88032B09
:1082D000D1D8062E11D1162302AA9B181B886380C1
:1082E00029E000F0C9F9013838806388A2889A42F1
:1082F00001D3002BBDD1012304933D4FAE003B6859
:10830000985938302BF038FB002800D165E006235F
:10831000800084B22A02134304210722280000941B
:10832000FBF73EFE3B6844809B59996B0023002974
:1083300043D1FBF74BFE04980638434258410DB039
:10834000F0BDE3882B4A9B18012B0ED91A2202A9F3
:108350005218238912889A4227D1200009990A309D
:108360002CF084FD00280AD01FE0200002AB9B7E89
:10837000217A099A0A30FCF7EDFF0028E6D00221A5
:1083800008202AF0B5FA02ABDB8A059A838008AB95
:108390001B880100C380164B083F1B689858383073
:1083A0002BF0A0F92800FFF74BFB162208AB1B8827
:1083B00002A90133521813807DE78A88C4182271FC
:1083C000120A62719A1CCC8892B282181471240A23
:1083D0005471043309689BB2A9E7162302AA9B18BB
:1083E0001A8828002178049BFEF7F2FFA3E7C04615
:1083F000F000000000D8FFFF07B5002A0AD10623CD
:1084000001020B43009204211332FBF7C9FDFBF775
:10841000DDFD07BD13000A001221FEF7D9FFF8E7C2
:10842000F7B505002A4E83000093336882009B58FD
:108430001C6C002C00D1F7BD238A264901930C2324
:10844000227DD800475C974225D109184F68002F3C
:1084500005D1214B290003201B6898470027019B69
:10846000002B1BD0210028001431B847020001283E
:10847000E1D002280CD0002824D12800FFF7CEFA42
:108480003368009A985840302BF074F92AF04EF96E
:108490003368009ACBE7013BD3D2DAE72800217D8D
:1084A00001F068FB0028DDD04023217D1942E4D192
:1084B0000E2905D1228B12232800FEF789FFDCE765
:1084C000E28AF8E7044B290003201B689847B0E7CD
:1084D000F00000008085001858060000F7B50A7A01
:1084E00004000D000C231E2A15D1002100F0E2F833
:1084F000132802D0002540280BD10621230219435E
:108500001C482AF01BF800222000110000F0CAFAD3
:1085100000252800FEBD1848D900095C914224D1ED
:108520000620164FA6003B689B591B6C0193230243
:1085300018432AF0A7FC00230093830604D4019B70
:108540005A425341DBB2009329003B680C399859D9
:1085500040302BF0C7F80023AB80009B0125002B97
:10856000D7D02000FFF75CFFD3E7013BD3D2FF2534
:10857000CFE7C046410C000080850018F0000000E5
:10858000020000001177001804000000797500183F
:108590000600000051820018080000008D800018BD
:1085A00010000000B57E00180A0000000F7E0018C1
:1085B0000C000000557D00180E000000FD7B001827
:1085C0005200000095730018120000003175001869
:1085D000D2000000D572001816000000F9730018D0
:1085E000180000008578001800020300020000084F
:1085F0000C00030000040C00030000400C0003000A
:108600000010C000060000203000060070B50C000D
:10861000184E8500012911D1336858590369002B80
:1086200006D13368A4005B59E058002813D170BD0F
:1086300010302BF09FF82AF079F8EDE70229F0D1FD
:1086400033685859036A002BEBD020302BF092F896
:108650002AF0D8F9F4E72AF073F8002805D1336836
:108660005B59E0580C382AF061F8002233685B59F6
:108670001A51DCE7F0000000034B80001B68C35870
:10868000503318887047C046F000000070B51400E1
:1086900006220D000002190004AB1E7802430423D9
:1086A000C020984029F0ECFF0570467044802AF005
:1086B0000BF870BD70B50F4B05001B780C00023B2A
:1086C000984205DB00220C4B110001201B689847E3
:1086D000032C05D90022084B110001201B68984784
:1086E000064BAD001B68A400EB58E358181E00D0E1
:1086F000187870BD0506000058060000F000000064
:1087000070B50F4B05001B780C00023B984205DB4F
:1087100000220C4B110001201B689847032C05D93F
:108720000022084B110001201B689847064BAD0042
:108730001B68A400EB58E358181E00D0588870BD81
:108740000506000058060000F000000070B50E4B52
:1087500005001B780C00023B984205DB00220B4B06
:10876000110001201B689847032C05D90022074BF4
:10877000110001201B689847054BAD001B68A40041
:10878000EB58E05870BDC0460506000058060000D2
:10879000F00000008222F8B51C4E8500336804000A
:1087A0005B59920091422CD319491A005032118022
:1087B000184A1278002A02D1533301321A7020006D
:1087C00002F07CFA0622230201001A431248042315
:1087D00029F056FF336801215B59070050331B888D
:1087E00003802000FFF766FF00230100012803D16A
:1087F0002000FFF7ABFF438838007B8029F064FF3F
:10880000F8BD1729D1D21721CFE7C046F0000000EC
:1088100007020000F8000000020C000070B50E4BCB
:1088200005001B780C00023B1600984205DB002275
:108830000A4B110001201B689847032C05D9002220
:10884000064B110001201B689847054BAD001B68C3
:10885000A400EB58E65070BD050600005806000065
:10886000F000000070B5154B04001B780D00023BB2
:10887000984205DB0022124B110001201B6898472B
:10888000032D05D900220E4B110001201B689847CB
:1088900000200C4BA2001B68AD00D358ED58854258
:1088A0000AD0280029F049FF2102062402002143B2
:1088B000280029F02AFF012070BDC04605060000EF
:1088C00058060000F000000070B5114B05001B7841
:1088D0000C00023B984205DB00220E4B11000120E8
:1088E0001B689847032C05D900220A4B1100012070
:1088F0001B6898470020084BAD001B68A400EB588C
:10890000E358834202D0180029F017FF70BDC0461B
:108910000506000058060000F000000070B50624AF
:1089200000020443200016000D002AF0ABFA002ECE
:1089300005D02843C1B220002AF036FA70BDA84302
:10894000F8E7000070B500210600542029F0D0FFA0
:10895000041E05D11D4B020001001B680120984731
:10896000002520006560A560E56010302AF0A4FEB7
:10897000200018302AF0A0FE200020302AF09CFEB3
:108980002000A562256030302AF096FE20003830A5
:108990002AF092FE200040302AF08EFE23000422AE
:1089A0004D33A5641A70172306202365084BB200C7
:1089B0001B682900D450330218432AF0F5F930001F
:1089C00001222021FFF7AAFF70BDC0465806000013
:1089D000F0000000F0B585B004000AA800880190FE
:1089E0000BA8008802900CA80088039000294AD0A8
:1089F0002A49A600096817008D5901213035687F82
:108A00000F40884307438B400220874303403B438A
:108A100004270240BB43574257415BB2B8000343AF
:108A20000820FF0083433B436B77002A03D02000DC
:108A30001B4A01F055F8194F3B689D592B8D002BAF
:108A400021D1039B002B1ED001210C2029F050FFC7
:108A5000019B22028380029B0100C38006231343F3
:108A600003813B68985918302AF03CFE019B29008D
:108A70002B856B46029A1B792A31D21A0A70039A07
:108A80002B35D31A2B70002220212000FFF746FF40
:108A90002000FFF7C5FC05B0F0BDC046F0000000A7
:108AA000FFFF0000F7B5174F86003B6800929B5907
:108AB0008A00D35804000D000192002B16D0FFF756
:108AC00003FF06220100C02023021A4300010423F1
:108AD00029F0D6FD3B68AA009B59D3581A7802703A
:108AE000009A42705B88438029F0EEFD2900200047
:108AF000FFF78CFD0121A94000222000C9B2FFF739
:108B00000DFFF7BDF0000000F7B5284F86003B6869
:108B100004009B590191002B25D00025019B002BBF
:108B200032D0462229002000FFF7BCFF3B6898594D
:108B30008369002B2DD10135EDB2042DEED120003B
:108B4000FEF78EFE3B689859056C002D27D120005A
:108B5000FEF764FF2000FEF773FF3B68985929F089
:108B600051FF3B689D51062024020443C42021008C
:108B7000000129F0E3FC21000D4829F0DFFC402131
:108B800020002AF011F9F7BD29002000FFF73EFD73
:108B9000CCE718302AF0EEFD29F034FFC6E740306C
:108BA0002AF0E8FD29F0C2FDCCE7C046F000000045
:108BB000410C000070B5040001282FD002282BD0F2
:108BC000002814D11A491B4B1B4D0B601B4B062070
:108BD0001B6806264B602B78023B0B81184B1B88C9
:108BE0004B812AF085F82B78023B9C4200DB70BD5C
:108BF00020024021304301342AF0D6F8E4B2F2E7F3
:108C000020000021FFF780FF0134E4B20A4B1B78FB
:108C1000023B9C42F4DBEAE70024F7E7064B002125
:108C20001A78084B023A186892002CF049F9DEE7EE
:108C3000E4000000C097001805060000F4000000E2
:108C4000C8980018F000000070B5040002F036F873
:108C50000622230201001A431448082329F010FDBC
:108C6000134BA4001B68E35819001A8D2A310280A7
:108C700009785118418019002B310C7800218C4261
:108C800001D0121991B20422818030335B7F01211F
:108C90001A4055426A411C008A400B410C40224355
:108CA0000B408271C37129F00FFD70BD280C0000CC
:108CB000F000000070B510000D0014002AF0E2F87A
:108CC000402817D0240A01212000FFF7F3FC0D38BB
:108CD000012804D8012120006A78FFF7E3FE002173
:108CE0002000FFF7E7FC122804D1002120006A7859
:108CF000FFF7D8FE002070BD70B510000D00140005
:108D00002AF0C0F8402812D02B78F12B0FD16B78C5
:108D1000002B0CD0074B240A1B68A200D05840300F
:108D20002AF028FD29F002FDE0B2FFF779FB0020D0
:108D300070BDC046F0000000F0B5100085B00C001A
:108D400015002AF09FF8402806D023782D0AEEB2AD
:108D5000F02B04D0F12B2ED0002005B0F0BD012166
:108D60003000FFF7A7FC41220E281FD1012130005F
:108D7000FFF7ECFC2B02062567882B43033FBFB2AD
:108D8000D2220421039000973000FBF709F9050077
:108D9000039B87809B883A004380E11D06302CF0BE
:108DA00073F829003000FDF7E5FE002201213000B4
:108DB000FFF778FED0E730006188221DFEF7D8FC6F
:108DC000CAE7000070B510000D0014002AF05AF830
:108DD000402828D02878240AE6B2152810D801287F
:108DE00021D9023813281ED82CF022F81F1F1F1F6C
:108DF0001D1F2C1D381D2C1D1D1D2C1D1D1D1D2C4A
:108E0000402810D16B78002B0DD11A4BA4001B68A1
:108E1000E3584D3319784A0705D40C220A43300031
:108E20001A70FFF711FF002070BD02213000FFF71C
:108E300041FC1538C0B20128F5D83000297801F07E
:108E400009F8F0E703213000FFF734FC2128EAD1CC
:108E500030006A78297801F09FFAE4E703213000B6
:108E6000FFF728FC2028DED1032130006A78FFF7C5
:108E700019FED8E7F000000010B5100014002AF029
:108E800001F8402802D0200AFDF78CFE002010BD1A
:108E9000F7B501901000150029F0F4FF40281ED00E
:108EA000144F2C0A3B68E6B2A4001B5952331B78BE
:108EB000002B07D1300001F001FF2A0001000E480D
:108EC00029F01CFC01213B68019A1B59523319708F
:108ED000C4231B019A4204D0084B9A4206D00020BA
:108EE000FEBD45223000FFF7DDFDF8E745220021F9
:108EF000F8E7C046F00000001B0C0000410C000029
:108F0000F7B510000D00140029F0BCFF402801D176
:108F1000002010E02B78240AE6B2002B0CD12900A7
:108F20003000FFF7DBFAFF2805D129003000FEF7FB
:108F3000F7F8FF28ECD0FEBD342B01D03F2BE7D152
:108F40002A7A402317001F401A42E1D12302062447
:108F500001222343042130000097FBF721F84780CA
:108F60002B7A43702B783F2B00D0023C0471FBF727
:108F70002DF8CDE7F8B510000D00140029F082FFA0
:108F80000023402814D00B4F240A3B68A6009A59AE
:108F9000136C002B0CD0906C002802D00C3829F0F8
:108FA000C5FB3B68E0B29B599D64FFF739FA01238A
:108FB0001800F8BDF0000000F8B510000C00170014
:108FC00029F060FF402815D0154E3F0A3368BD00D8
:108FD0005B591A6C002A0DD0117D162918D12379FE
:108FE000FFB2002B08D161880E4B0B43138238006F
:108FF000FFF716FA0020F8BD38002288FEF7E8F9DE
:109000003368585940302AF0B5FB29F08FFBEEE762
:10901000054B0A00032039001B689847EAE7C04661
:10902000F00000000080FFFF58060000F8B51000B7
:109030000C00150029F026FF402823D0224F280AD3
:109040003B6886009B59C5B21B6C002B0BD0197D69
:1090500018292ED018D8122925D01C4B0A001B68BD
:10906000010003209847A378002B0BD13B689B5944
:109070009B6C002B06D01A8823889A4202D12800C4
:10908000FEF7DEFC0020F8BD7F230B40522BE4D11D
:109090003B68985940302AF06DFB29F047FB2800C7
:1090A000FFF7BEF9DFE72800A2782188FFF7A4F9CF
:1090B000EEE7A378002BF2D028002288FEF788F98B
:1090C0002800FEF7CDFBE3E7F000000058060000A3
:1090D000190010B5030A04000C2B08D18A4206D0EF
:1090E00004480A3B29F0CCFA048029F0EDFA00206C
:1090F00010BDC0461C0C0000F0B587B004000D0088
:1091000016000393032905D90022284B11000120E2
:109110001B68984706202302184329F0B3FE3378D2
:109120000700049373880593402825D02900200068
:10913000FFF70CFB01231A00864203D02F41DA18F7
:109140001F4208D0100007B0F0BD049A934215D01A
:10915000039B01330393039B1B78002BF5D1402520
:10916000300029F0EAFA059A0300049920000095DE
:10917000FFF78CFA0022E5E74325F1E70C4BA2004C
:109180001B68D35852331B78002BF5D132000126CF
:1091900029002000FFF742FB3100A94032002000E7
:1091A000C9B2FFF7BBFB3200CCE7C046580600004F
:1091B000F0000000F7B514000D00240A0422144941
:1091C00001A8E7B22BF060FE2A000021380001ABB5
:1091D000FFF792FF0600012817D10E4BA4001B6871
:1091E000E3589B6C002B06D01A88AB889A4202D1B8
:1091F0003800FEF725FC29003800FEF7D7FA021EDA
:1092000003D000213800FFF74DFC3000FEBDC04602
:10921000A8970018F0000000F0B514000D002A49CE
:1092200087B0240A0322043105A8E6B203932BF089
:109230002BFE2A000121300005ABFFF75DFF0290F5
:1092400001281AD1A300214F0193019A3B68985835
:109250008469002C14D12B784022112B1ED1002CB4
:1092600007D0210018302AF08FFA200029F0CAFB1D
:10927000002201213000FFF715FC029807B0F0BD75
:10928000A288AB889A4207D1E288EB889A4203D140
:109290002389039A9342DED02468DAE7002CE8D1D0
:1092A00001210C2029F024FBAB88019A8380EB88F4
:1092B0000100C380039B03813B68985818302AF053
:1092C00011FA2200D5E7C046A8970018F000000068
:1092D00073B50F230E0069460B710023150A4B71FD
:1092E00032000121280001ABFFF706FF040001282E
:1092F00003D128007178FDF765FC200076BD0000E1
:10930000F0B515000C00704987B02F0A0422073110
:1093100005A8FEB22BF0B8FD22000121300005ABFC
:10932000FFF7EAFE0390012800D085E023780D2B9B
:109330002CD00E2B4BD00C2B00D07DE06378002B73
:1093400000D182E03000FFF797F92289023890427D
:1093500000DC7AE0E388002B00D076E03F020633A1
:1093600004213B43009230001222FAF719FE21003B
:109370000500A3880C3143802289828006302BF0BF
:1093800083FD29003000FDF7F5FB55E0238930000F
:109390000293FFF771F9029BC51E9D4200D91D0083
:1093A00006233F02AAB23B4304210092300052221E
:1093B000FAF7F6FD21002A00A38807004380ABB22C
:1093C00083800C3106302BF05FFD3900DAE7002195
:1093D000300001F07BFC002831D0300001F09AFC15
:1093E00000282CD0238930000293FFF745F9029B17
:1093F0000F339BB2984222D30821EF20029B3F02F9
:1094000013332A009BB23943000129F039F9F023C4
:1094100003702389210007334380D22305000371A1
:10942000A3880C3143711B0A8371228907302BF00A
:109430002BFD280029F048F9039807B0F0BD53220E
:1094400001213000FFF72EFBF6E72389658902939F
:109450009D4220D23000FFF70FF9029B05385D1BBB
:10946000854200D9050006233F02AAB23B430421EE
:10947000009230001622FAF793FDA388070043807C
:109480006189E388CB1883800C31ABB2C3801A00AA
:109490000830611897E76278002A0FD052220B4BF0
:1094A000BF001B683000FB582C331A70029BE91A6E
:1094B0004B425941C9B2FDF785FBBDE7029B9D4276
:1094C000BED05222BCE7C046A8970018F0000000AA
:1094D000F0B517000C00474985B03F0A05220B3153
:1094E00002A8FDB22BF0D0FC22000121280002AB23
:1094F000FFF702FE0600012817D12078083803285C
:1095000013D82BF095FC4050025E3B4BBA001B6811
:10951000D3581B69002B36D1A288E3889A4207D919
:10952000402201212800FFF7BDFA300005B0F0BD50
:10953000217A102906D0042903D0022902D0512211
:10954000EFE7102106233F023B4308220091280049
:109550000421FAF725FD2100A38807004380E38852
:1095600009318380227A0830042A08D11023FB8035
:10957000FBF7D2FE39002800FDF7FCFAD5E7FA80A8
:109580002BF082FCF6E7E18800290CD106233F028C
:1095900000910A22043128003B43FAF701FD010043
:1095A000A3884B80E7E7002206233F0204213B43C8
:1095B000009228000C32FAF7F3FCE3880100838064
:1095C000EEE73B0206276278042152003B430092FB
:1095D00028000E22FAF7E4FC01006378021D4380A4
:1095E0009B00E3189C42C6D0A0880434108002324D
:1095F000F8E7C046A8970018F0000000F0B5170083
:109600000C004B4985B03F0A0722103102A8FDB279
:109610002BF03AFC22000121280002ABFFF76CFD81
:109620000600012808D1A288E3889A4207D940227F
:1096300031002800FFF736FA300005B0F0BD617840
:10964000102905D0FD228B1E134201D0AC3AEFE762
:10965000207802380528EFD806233F022BF0E8FBDC
:1096600049033928285A022900D010213B430622F9
:10967000009128000421FAF793FCA388210043807D
:10968000E38807008380A0239B01C38062780831B0
:109690000A30042A08D110233B81FBF73DFE390034
:1096A0002800FDF767FAC7E73A812BF0EDFBF6E7F4
:1096B0003B4302270421082228000097FAF770FC98
:1096C0000100A3884380E388C7808380194B0B8106
:1096D000E6E73B4302270421082228000097FAF717
:1096E0005FFCA38801004380E388C7808380124B1E
:1096F000EDE73B4302270421102228000097FAF7E8
:109700004FFCA38801004380E388C7808380A023A7
:109710009B01DCE700220092043211003B43280049
:10972000FAF73EFCA38801004380E3888380B7E713
:10973000A897001803280000022800007FB5080041
:109740006B4601216C46197300236373140AE6B259
:10975000020003AB3000FFF7CFFC0500012818D151
:10976000104BA2001B68D35853331A78002A13D128
:109770002302062404212343009230000232FAF728
:109780000FFC040005F026FF210060803000FDF78B
:10979000F1F9280004B070BD010043223000FFF74A
:1097A00081F9F6E7F0000000121340001011000CE0
:1097B0000D0E0008090A0B0002030405060700004D
:1097C000FFFF0000D1900018010C00003D97001829
:1097D000030C0000FD950018080C0000D19400183F
:1097E0000A0C0000019300180B0C0000D192001825
:1097F000400C0000918E00180F0C00001992001808
:109800000E0C0000798E0018190C0000F19B001856
:10981000040C0000B99C0018050C0000E99C00181D
:10982000060C0000599D0018070C0000E59D00186B
:10983000220C00008DA100181A0C000011A20018C3
:10984000090C00004DA30018200C0000A5A300186F
:109850000D0C000001A40018250C000065A40018E0
:10986000140C0000758F0018160C00002D900018C5
:10987000180C0000B98F0018100C0000B5910018EA
:10988000410C0000918E0018150C00002D99001855
:10989000170C0000FD990018130C0000499A0018DD
:1098A000000C0000C58D0018F10E0000398D001865
:1098B000000E0000F98C0018130A0000018F001838
:1098C000040A0000B58C001821000000F8B50F0054
:1098D000062115001202114389B2162306000A0060
:1098E000104828F0CDFE0400072000F0EBFD102307
:1098F000208063802671002E0FD10B4BAD001B68BA
:10990000EB584D3319784A0702D408220A431A70DB
:1099100010223900601D2BF0B7FA200028F0D4FE89
:10992000F8BDC046140C0000F0000000F0B51000B7
:1099300085B00D000192029329F0A4FA40284CD082
:10994000029B28881E0AF7B200F0ACFD032812D053
:109950008024052836D101200222264BB6001B6840
:10996000AC79F35804404D331978114238D0002CAB
:109970003ED1133426E0A9888024022922D1EB7934
:10998000A8791B0203431BB21800884300B20028C9
:1099900018D1023B5C426341164AB6001268DCB241
:1099A000B15801264D310A78039414003440A4467E
:1099B00004009C4506D0039BB2431A4338000A704A
:1099C000FFF742F90423019A02990B4828F058FE48
:1099D00084702B88038028F077FE002005B0F0BD4E
:1099E000002CEFD00E220A4338001A70FFF72CF932
:1099F0000024E7E7F0000000160C0000F7B51000A7
:109A00000D001600019329F03DFA402818D028884F
:109A100000F048FD032805D00024052800D080244C
:109A2000002701E00024022706233200019905489F
:109A300028F026FE2B8804710380478028F044FE1E
:109A40000020FEBD180C0000F7B508880F001D0AA5
:109A500000F028FD052826D0072831D0032835D16D
:109A6000022400261B4BA9001B6801AACB584D33CA
:109A70001B7856705B00234013702902062529438A
:109A800063190A00144828F0FBFD05003B882200FA
:109A900003804480067101A905302BF0F5F92800F8
:109AA00028F012FE10E001240A4BAA001B680026D1
:109AB000D35801AA4D331B785B1023401370DCE7A9
:109AC00029000648FCF794FA0020FEBD00248026F9
:109AD000D3E7C046F0000000140C0000CD98001839
:109AE000144B70B51B6815008200D3580E004D331F
:109AF0001B78DB071CD5062100020143C1200C2383
:109B00000A00000128F0BCFD40230370002304007C
:109B10004380022000F0D6FC04232672A572360A88
:109B20002D0AA080E38020006672E57228F0CCFD4B
:109B300070BDC046F000000070B50C4E8500336863
:109B400004005B59002B0FD0094A0121FFF7C8FF21
:109B500033685B594D331A78910705D00C218A433D
:109B600020001A70FFF770F870BDC046F0000000CA
:109B7000FFFF000070B506251C4B82001B68040027
:109B8000D358002030335A7F1540022D1BD11D2998
:109B900014D8012917D9881E1B2821D82BF048F981
:109BA000142014201420142017201720172014200C
:109BB0001720202017201420202420247F2001405B
:109BC00052394842484170BD00201107FBD5082199
:109BD0000A4207D004390A4320005A77FFF734F8C5
:109BE0000020F0E70A435A770120ECE7F00000007C
:109BF000F7B515000C0004222C4901A82F0A2BF000
:109C000043F922000221380001ABFFF775FA060084
:109C100001283BD123784322172B0FD0A288002A9A
:109C20000BD0E188914208D3152B0DD1FD2263782A
:109C3000991E114208D0102B06D040220221380074
:109C4000FEF730FF3000FEBD18232A002900184817
:109C500028F016FD237805000830152B0FD12100C0
:109C6000123B2B70627808316A702BF00DF9A388D3
:109C70002800AB80E388EB8028F026FDE2E70D4B5F
:109C8000022200212B802BF01BF9F0E70228D9D10A
:109C90002378172BD6D101003800FEF757FD00239B
:109CA00006009842CED01E008380CBE710A000189B
:109CB000030C00000202000070B5140A0D00E0B2AF
:109CC0000221FEF7F7FC1538C0B2012808D8290098
:109CD000044BA4001B680C39E058203029F002FD29
:109CE000012070BDF000000070B5150A0C00E8B24C
:109CF0000221FEF7DFFC1538C0B2012826D8144B2C
:109D0000AD001B68EB58186A00281FD0114B8288E1
:109D10009A421BD12388C28B934217D9018C994256
:109D200014D3013B9B1A162201259BB25343C11841
:109D3000CA1CD577628804310A86A288C0184A8670
:109D4000A2792430CA77E11D2BF09EF8002070BD67
:109D5000F00000001A0C0000F8B5150A0C00E8B27B
:109D60000221FEF7A7FC1538C0B2012833D81B4BDF
:109D7000AD001B68EB58186A00282CD0184B82885D
:109D80009A4228D12388C28B934224D9018C8B42DA
:109D900021D816250227013B9B1A9BB26B43C3189F
:109DA000DE1CF777668804331E842779DF77B2429A
:109DB00011D2B1420FD30321013EB21A92B25543E0
:109DC0004319DA1CD177627904334019DA772430E9
:109DD000A11D2BF059F80020F8BDC046F00000008E
:109DE0001A0C000070B5150A0C00E8B20221FEF74B
:109DF00061FC1538C0B2012825D8144BAD001B6892
:109E0000EB58186A00281ED0114B82889A421AD14A
:109E10002388C28B934216D9018C994213D3013BFC
:109E20009B1A16229BB25343C118CA1CD57F002D22
:109E300009D10435D577A2784919C018CA772430DA
:109E4000E11C2BF021F8002070BDC046F00000009E
:109E50001A0C0000F0B50D0085B002210090FEF74D
:109E600075FC002800D185E00378153B012B00D953
:109E700080E08388002B00D1A4E0009BA81E9B00FB
:109E800001935F4B019A1B689B581C6A002C00D100
:109E90009CE05C4AA188914200D0A7E00C340528E0
:109EA00068D82AF0C5FF0D0D8C9F6703002C00D1E8
:109EB00096E02033180029F05DFC200028F004FC17
:109EC00000250622009B1B021A43039242E0203029
:109ED00029F050FC4C4B828806009A4203D028F0AF
:109EE00025FC412511E0C389828902219B1A9BB27E
:109EF0005C1C029316235C43200028F09BFC002886
:109F000009D1300028F012FC4B252A0002210098CC
:109F1000FEF7C8FD2EE002210098FEF7D5FCA3B2A3
:109F20000100039A374828F0ABFB3100B3891131A7
:109F30004382F38904008382327C027001302AF06C
:109F4000A3FF300028F0F2FB029B002B14D120006D
:109F500028F0BAFB2A4F019A3B689858036A002BF5
:109F6000B5D1002DD1D1264B019A1B689B581B6A95
:109F7000002BCAD005B0F0BD21003B68019A0C3916
:109F800098580427203029F0E3FB0621009B1F4846
:109F90001B0219430A000A2328F072FB0222060062
:109FA0000770638A002101338380A38A4270C380D3
:109FB00008302AF085FF300028F086FBD1E705271E
:109FC0000025E2E74425A0E700259EE70528FBD809
:109FD0002AF038FF76FF76FF87FF87FFFAFF06003B
:109FE00041256EE70727002CEAD17AE70528C1D87A
:109FF0002AF028FF66FF66FF77FF77FFC0FFF6FFB6
:10A00000F00000001A0C0000040C0000030C00001B
:10A0100015161700F8B50F00062100021D000143B8
:10A020000C3316009BB20A000A4828F029FB0023D3
:10A030000400C38043810D33FF332A0047808680AC
:10A040000581038006990C302AF01EFF200028F0BD
:10A050003BFBF8BD0A0C0000F0B5464B82001B68C4
:10A060000F0085B003210500D658FEF76FFB041ED4
:10A0700023D00378212B20D1002F00D070E040782E
:10A0800005281AD82AF0D4FE031B2A45536C062152
:10A090002D0229431A230A00374828F0F1FA638871
:10A0A00001254380354B8580038001235B42C380BB
:10A0B000334B038128F008FB657005B0F0BDE288E2
:10A0C000002A0BD00E2001236844037061880090A1
:10A0D0002800FFF79FFF02236370EEE733002B3366
:10A0E0001B78002B15D006212D0229430A000823D6
:10A0F000244828F0C5FA1023037063884380338D09
:10A100002A36838032789B18C38028F0DDFA032337
:10A11000E2E7A288002A0AD00E20022368440380C6
:10A12000618800902800FFF775FF0423D4E7238996
:10A13000002B15D006212D0229430A230A001248BC
:10A1400028F09EFA6388438084235B000380002309
:10A15000C38003812389838028F0B6FA0523BBE7F7
:10A160002800FEF771FD3A0003212800FEF79AFC53
:10A17000A3E7C046F0000000190C00001502000023
:10A18000011800000F0C0000080C0000F0B51400CE
:10A190000025212287B0039304AB1A715D71230A55
:10A1A00001936B461F790A000E003800032105ABAE
:10A1B000FEF7A2FF0190012822D1134B21001A685B
:10A1C000230A9B009B581148039A02930A2328F004
:10A1D00057FA212303807388040043808580C5805B
:10A1E000058130000C3828F0A1FA03213800220044
:10A1F000FEF714FB029B290038009D62FFF72CFF3D
:10A20000019807B0F0BDC046F0000000220C00002D
:10A21000F0B5100087B00D00140028F033FE402880
:10A2200034D0434B240A1B68A200D3580321E0B268
:10A230000293FEF78BFA0190002827D00378212B98
:10A2400024D1029B1B8D0393002B1FD16E1C300069
:10A250002978384AFBF7A8F8002808D1AA786B7843
:10A2600012021A43344B21001B6802309847002623
:10A2700037006A8A029B1A85AB8A9B1A029A2A3295
:10A280001370AB8A6A8A9B1A9F4202DB002007B0D8
:10A29000F0BD16247C432B1904937A1C9B7DD2B20B
:10A2A0000592032B08D0042B2ED0022B02D1049B45
:10A2B0001B8B0393059FE4E7049B18342C192000A3
:10A2C000D97D1E4AFBF770F8061E04D0029B059A42
:10A2D0002B331A70EEE7049B2000D97D184AFBF758
:10A2E00063F8071E03D0019B039A1A81E2E7049BDF
:10A2F0002000D97D134AFBF757F8061EDAD0019BE0
:10A30000039A3E00DA80D5E7002ED3D020002B1927
:10A310001830D97D0C4A2818FBF746F80028C9D018
:10A320006B8A06000133DF19019B9F80C2E7C0469C
:10A33000F00000000118000058060000052A000087
:10A340002A2B0000292B00000229000070B5100004
:10A350000C00150028F096FD402819D02E0A032184
:10A360003000FEF7A7F92038C0B2012810D830001D
:10A3700000F0A4FC2A0001001023064828F080F910
:10A3800005001022A11D2AF07FFD280028F09CF96D
:10A39000002070BD210C000010B51100FFF75CFE1D
:10A3A00010BD000073B520230D0069460B7100231A
:10A3B000160A4B712A000321F0B201ABFEF79CFE96
:10A3C0000400012816D10621360231430A230A006F
:10A3D000094828F055F96B888480438085235B0009
:10A3E00003800C3BFF3BC380044B03812B23837210
:10A3F00028F06AF9200076BD080C0000022A00004F
:10A4000070B510000D00140028F03CFD402822D04B
:10A41000124B240A1B68A200D358A9881A8D2B332B
:10A420001B78D318994216D1E0B200F047FC220203
:10A430000624010004232243094828F021F9EB797E
:10A44000AA791B02134303806B7A2A7A1B021343F7
:10A45000438028F039F9002070BDC046F0000000AC
:10A46000240C000070B51000140028F00BFD4028EB
:10A4700012D00A4A230A12689B009D582100022329
:10A480002200074828F0FCF82B002B331B782A8D7C
:10A490009B18038028F018F9002070BDF000000020
:10A4A0000E0C0000064A0300928EFF20002A05D001
:10A4B0009A4203D29B1A072B00DCD8B27047C046E1
:10A4C000FC000000054A0300908E002803D0072BF3
:10A4D00002D8C01880B270470020FCE7FC000000E2
:10A4E00010B5041E05D0022807D02000FEF762FB3D
:10A4F00010BD0520034928F0FBFB0021052028F0B2
:10A5000053FCF2E7D0A700187FB5FF230593094B52
:10A51000094998863433180001230393074B05AA91
:10A52000029306230193002300930833FAF77AFF7E
:10A5300007B000BDFC000000011800007CA5001859
:10A5400010B5FEF7FFF910BD10B50121FEF7DCFADA
:10A5500010BD000010B50024064B1C77064B1B787D
:10A56000023B9C4200DB10BD20000134FFF7E4FAFF
:10A57000E4B2F3E7FC00000005060000002800023A
:10A58000000000000328000200000000052A00204F
:10A59000008004000229000A0000020003280002D3
:10A5A00000000000292B000A008010000328000290
:10A5B000000000002A2B00020080100070B5190076
:10A5C000084816001D00FBF713FD041E08D01123D8
:10A5D00032002900044828F053F8047028F074F879
:10A5E000002070BDEDA50018210B000070B51123EF
:10A5F00006000D00074891B2052228F041F804003A
:10A6000029000670102201302AF03EFC200028F0BC
:10A610005BF870BD210B000070B50A480C001900F2
:10A62000042328F02DF8002205006188231D2088CE
:10A63000FBF73EF8A870238828002B8028F044F808
:10A64000002070BD0D0B0000F0B5002785B01D0087
:10A6500002AB9C1C0E000092088803AA21005F80B8
:10A66000FBF78AF8238829000633009A01909BB2F1
:10A67000094828F005F80500228803994280053032
:10A680002AF002FC019B28002B7133882B8028F0D4
:10A690001BF8380005B0F0BD0B0B000070B50A4880
:10A6A0000C001900042327F0EBFFA2880500618845
:10A6B0002088FBF729F9A870238828002B8028F030
:10A6C00003F8002070BDC046090B0000F0B500255E
:10A6D00085B00E0002AF19000E48082302953D71A7
:10A6E00027F0CEFF2B000400811C2A003088009741
:10A6F000FBF704FF8022029BA0719B88520113404C
:10A70000A38033882000238027F0DEFF280005B0D7
:10A71000F0BDC046070B000070B509480D001900D8
:10A72000042327F0ADFFA97804002888FBF78AF9F5
:10A73000A0702B882000238027F0C6FF002070BD6A
:10A74000050B000070B509480D001900042327F01F
:10A7500097FF0400811C2888FBF784F9E0702B88A0
:10A760002000238027F0B0FF002070BD030B000005
:10A7700070B50C480C001900042327F081FF050078
:10A780006088C3B2102B02D104F002FF6080200069
:10A79000FBF7D2F9A870238828002B8027F094FFBC
:10A7A000002070BD010B0000190010B5030A040061
:10A7B0000B2B08D18A4206D00448093B27F060FFE2
:10A7C000048027F081FF002010BDC0460E0B000062
:10A7D000DCA700183401000001000900FFFF0000A1
:10A7E000A9A70018000B000071A70018020B0000B9
:10A7F00045A70018040B000019A70018060B00005D
:10A80000CDA60018080B00009DA600180A0B00003A
:10A8100049A600180C0B000019A60018200B000018
:10A82000BDA5001870B505000C00012901D103F089
:10A830004BFE0B4EAD003368A4005B59E058002876
:10A840000DD027F07DFF002805D133685B59E05813
:10A850000C3827F06BFF002233685B591A5170BD2A
:10A8600044010000F0B50C000027082689B00493CD
:10A870000EAB1B7802920593594D2B78023B9F42F9
:10A8800005DA3802304328F0FDFA3F2805D12D784B
:10A89000023DAF4204D1FF2790E00137FFB2EBE762
:10A8A0000622504906A82AF0EFFAAF4205DB002243
:10A8B0004D4B110001201B6898474C4EBD0033687A
:10A8C00000215B195820019328F012F8019B5822AF
:10A8D00018603368002158592AF0F2FAC822336808
:10A8E00000215B599A875533A93A1A70173A3B02EF
:10A8F00013431800039328F057FA20213368628825
:10A900005D192B68260001930633DA87019A123607
:10A91000463213788B4319002379581E83415B011B
:10A920000B4313703000062206A92AF09FFA030099
:10A9300001984E30002B44D0062231002AF0A4FAB0
:10A9400001222B68543326000C361A703000062280
:10A9500006A92AF08BFA0300286806224730002B4C
:10A9600037D031002AF090FA01222B684D331A704B
:10A97000FF222B689A81029ADA81072A1ED01223BD
:10A98000039A02991A4827F07BFE0122050063888A
:10A99000A11D038063791340437205320A302AF007
:10A9A00073FA238B28006B80638BAB80A38BEB80C7
:10A9B000A37F2B7223792B7427F086FE380009B011
:10A9C000F0BD0622A11D2AF05FFA2B68627954338C
:10A9D000B9E704992AF058FA2B68059A4D33C6E76F
:10A9E00005060000F8AF00185806000044010000FA
:10A9F000010E000070B515000822000202430C0091
:10AA000004481900042327F03BFE0580847027F0DA
:10AA10005BFE70BD030E00000100002010B50A4B64
:10AA20000A4A1B781468023B984202DB00D1FF20DF
:10AA300010BD82001259002A03D00632D28F8A42FA
:10AA4000F6D00130C0B2EFE7050600004401000077
:10AA5000074B1B78023B984208DA064B80001B68C4
:10AA6000C358002B02D00633D88F70470248FCE74A
:10AA70000506000044010000FFFF00000300002065
:10AA8000FF2B09D0054A9B0012689B58181E03D063
:10AA9000463318788006C00F7047C0464401000056
:10AAA000074B10B51C688000241820680622473028
:10AAB0002AF0EAF9012223684D331A7010BDC0460E
:10AAC0004401000003000A000020FF2B0BD00129E5
:10AAD00009D805499B0009685858002803D0072168
:10AAE000514347314018704744010000044B800037
:10AAF0001B68C358181E01D0563318787047C046DB
:10AB00004401000070B50D0011000822000202434C
:10AB1000E0201C000001022327F0B2FD0570447004
:10AB200027F0D2FD70BD000070B50F4B05001B78FB
:10AB30000C00023B984205DB00220C4B1100012067
:10AB40001B689847022C05D90022084B11000120F0
:10AB50001B689847064BAD001B68A400EB58E358F0
:10AB6000181E00D0187870BD0506000058060000B9
:10AB70004401000070B50E4B05001B780C00023B31
:10AB8000984205DB00220B4B110001201B689847FF
:10AB9000022C05D90022074B110001201B689847A1
:10ABA000054BAD001B68A400EB58E05870BDC046D3
:10ABB00005060000580600004401000070B50E4B69
:10ABC00005001B780C00023B1600984205DB0022B2
:10ABD0000A4B110001201B689847022C05D900225E
:10ABE000064B110001201B689847054BAD001B6800
:10ABF000A400EB58E65070BD0506000058060000A2
:10AC00004401000070B5154B04001B780D00023B99
:10AC1000984205DB0022124B110001201B68984767
:10AC2000022D05D900220E4B110001201B68984708
:10AC300000200C4BA2001B68AD00D358ED58854294
:10AC40000AD0280027F079FD2102082402002143C0
:10AC5000280027F05AFD012070BDC04605060000FF
:10AC6000580600004401000070B5114B05001B7828
:10AC70000C00023B984205DB00220E4B1100012024
:10AC80001B689847022C05D900220A4B11000120AD
:10AC90001B6898470020084BAD001B68A400EB58C8
:10ACA000E358834202D0180027F047FD70BDC0462C
:10ACB000050600005806000044010000024B800019
:10ACC0001B68C358D889704744010000030001295C
:10ACD0000DD0022914D00020814210D10C4A9B00D3
:10ACE00012689B58463318784007C00F07E0084A9F
:10ACF000830012689B5846331878C010084070478C
:10AD0000034A830012689B5846331878C006ECE764
:10AD100044010000084A030012780020023A9342DE
:10AD200009DA064A9B0012689B58834203D04633D7
:10AD300018780323184070470506000044010000FE
:10AD400003000020FF2B07D0044A9B0012689B5889
:10AD5000181E01D03E3318787047C04644010000E9
:10AD600030B5164B1B78023B984225DA144B800015
:10AD70001B68C05800281FD00424463003788D007B
:10AD80002540A3432B431025AB43551EAA41A240A7
:10AD90005BB21A4308230325194209D1013D214220
:10ADA00006D1033C1340214019434B1E9941CDB2BB
:10ADB00003239A432A43027030BDC04605060000B3
:10ADC000440100000E4A030012780020023A934228
:10ADD0000FDA0C4A9B0012689B58834209D0032269
:10ADE00046331B785807C00F1340022B02D0934202
:10ADF00003D0704704231843FBE70C23FBE7C0464E
:10AE0000050600004401000070B508240002044358
:10AE100020000D00160028F035F81F2809D020006A
:10AE200028F030F8002E05D02843C1B2200027F0CA
:10AE3000BBFF70BDA843F8E7F7B5164F86003B6827
:10AE400000929B598A00D35804000D000192002BF8
:10AE500014D0FFF709FF08220100E02023021A4363
:10AE60000001022327F00CFC3B68AA009B59D35831
:10AE70001B780370009B437027F026FC29002000FC
:10AE8000FFF7D0FC0121A94000222000C9B2FFF742
:10AE9000BBFFF7BD44010000F7B5082483001D4F38
:10AEA000009303021C433B6882009B580500002B63
:10AEB00017D0200027F0E6FF00260190019BF1B299
:10AEC0001F2B1BD02800FFF7ADFC0136032EF5D158
:10AED0003B68009A985827F095FD00223B6800993E
:10AEE0005A5020003F2127F05FFF21000A4827F039
:10AEF00025FB2100094827F021FBF7BD009A3B689C
:10AF00009B58B200D358002BDFD046222800FFF711
:10AF100093FFDAE744010000F20E0000F40E000097
:10AF200070B5040001282ED002282AD0002814D1A0
:10AF30001A491B4B1B4D0B601B4B08201B68082636
:10AF40004B602B78023B0B81184B1B884B8127F001
:10AF5000CFFE2B78023B9C4200DB70BD20023F21DC
:10AF60003043013427F020FFE4B2F2E72000FFF77E
:10AF700093FF0134E4B20B4B1B78023B9C42F5DBA0
:10AF8000EBE70024F7E7074B00211A78084B023A59
:10AF90001868920029F094FFDFE7C04638010000EE
:10AFA000E0BC0018050600004801000018BE0018AB
:10AFB0004401000010B50400FF2801D0FFF76CFF2A
:10AFC000200010BD30B50638094D84B20020AC42D7
:10AFD0000DD8063989B2A94209D80A3B05499BB266
:10AFE0008B4204D8F530FF3082428041404230BD70
:10AFF0007A0C0000760C0000000000000000000049
:10B00000F7B510000C0015001E0027F03BFF3F288D
:10B0100020D02B0A02202788019304F071FC87427C
:10B0200025D16788002F17D1280AFFF747FEA3888C
:10B03000010004332A009BB2274827F021FB0500BA
:10B040000770A288A11D4280043029F01DFF28004E
:10B0500027F03AFB0020FEBD04232A0031001F48E0
:10B0600027F00EFB2388038008238370F0E7042079
:10B07000278804F045FC874224D16388002B13D134
:10B08000A388022B10D1280AFFF718FE0423010021
:10B090002A00114827F0F4FA01230370E379A2791A
:10B0A0001B0213434380D3E704232A0031000B48DB
:10B0B00027F0E6FA23880380A2880823022AD4D046
:10B0C0000533D2E704232A003100044827F0D8FAD8
:10B0D000238803808023C8E70C0E0000160C0000B4
:10B0E00070B51000140027F0CDFE3F2817D0250AB8
:10B0F00002212800FFF718FD092810D122002100A5
:10B100000223084827F0BCFA012303703A33437046
:10B1100027F0DAFA452202212800FFF78DFE0020F1
:10B1200070BDC046040E000070B510000D00140084
:10B1300027F0A8FE3F2816D02B78FD2218000A38E9
:10B140000100240A1140104209D04122062B04D1EB
:10B1500000212000FFF7E8FC0122002100E06A78CE
:10B160002000FFF769FE002070BD000070B51000E0
:10B170000C00150027F086FE002306003F280FD0A4
:10B18000E1882A0AD0B2052906D006290AD00A4B3E
:10B1900003201B6898470DE0211D01F0B3FA03005E
:10B1A000180070BD082202231642F9D12278211D11
:10B1B00003F066F90023F3E758060000F8B5100025
:10B1C0000F00150027F05EFE3F2832D02D0AEEB2A8
:10B1D00002213000FFF7CEFC022104003000FFF70F
:10B1E000A3FC09283DD1334BAA001B68D358022287
:10B1F00055331B78134234D03B78002B1BD00E23E1
:10B2000029002D4A2D4827F03BFA05003000FFF7B2
:10B210001FFC288063886B80A388AB80E388EB8069
:10B2200063896B81A389AB8123892B81280008F076
:10B23000DFFF0020F8BD04232900214A1F4827F022
:10B240001FFA04003000FFF703FC3B232080A370AB
:10B25000200008F0CDFF482202213000FFF7ECFD6E
:10B26000E7E702213000FFF75FFC0928E1D1012167
:10B270003B7830005940627801F0FCF93B78002BB4
:10B28000E9D00E2329000F4A0C4827F0F9F90500F0
:10B290003000FFF7DDFB2880E388EB8023892B81DA
:10B2A000A388AB8063886B80BB88AB817B886B8114
:10B2B000BCE7C0464401000020200000051100004A
:10B2C000212000001320000070B510000C001500B4
:10B2D00027F0D8FD3F280CD02D0AEEB20021300017
:10B2E000FFF722FC06284BD005D8022815D00528E8
:10B2F00030D0002070BD152867D01D28F9D100215D
:10B300003000FFF7B1FC2A02082501000C23384861
:10B310002A4327F0B5F9042364E000213000FFF749
:10B32000A3FC0822A3882D020C3301002A439BB200
:10B330002F4827F0A5F90023050003702388A11DDD
:10B340004380A2888280063029F09EFD280027F0E5
:10B35000BBF9CEE700213000FFF786FC08222D0262
:10B3600001000C232A43224827F08AF901230370A5
:10B3700023884380E379A2791B0213438380E6E7A5
:10B3800000213000FFF770FC08222D0201000C2381
:10B390002A43174827F074F9022303702388438057
:10B3A000E379A2791B0213438380637A227A1B021A
:10B3B0001343C380E37AA27A1B0213430381637BA6
:10B3C000227B1B0213434381C1E700213000FFF7BA
:10B3D0004BFC08222D0201000C2305482A4327F0CC
:10B3E0004FF90323037023884380A3790371AEE7E9
:10B3F000060E0000F7B501910978170A1C00150028
:10B400004023FEB201292BD1100027F03BFDDF23A2
:10B4100018401F2821D01F21280027F0C5FCFF233A
:10B4200022001A40082A00D11C00104BBA001B68E9
:10B430003900D3580E489C810E4A042327F020F986
:10B4400004003000FFF704FB019B20805B782000A4
:10B45000A37008F0CDFE0020FEBD019B19784323A8
:10B4600022003000FFF74EFBF5E7C0464401000024
:10B47000051100000604000070B510000D00160054
:10B4800027F000FD3F2804D02B78002B03D0012BA0
:10B4900015D0002070BD022004F032FA041EF8D04E
:10B4A0000621330A1B02194332000423054827F002
:10B4B000E7F804806B78837027F006F9E9E7042049
:10B4C000EAE7C046160C0000F7B510000C001700A4
:10B4D000019327F0D7FC3F2822D023880220009335
:10B4E000002504F00DFA009B2E0083420CD00420AE
:10B4F000258804F005FA854214D00820258804F038
:10B50000FFF9854211D0802506233A0001990848A9
:10B5100027F0B6F8238805710380468027F0D4F819
:10B520000020FEBD00250226EEE700250126EBE700
:10B53000180C0000190010B5030A04000E2B08D1E6
:10B540008A4206D004480C3B27F09AF8048027F082
:10B55000BBF8002010BDC046340E000070B51000CE
:10B560000D00140027F08EFC3F2820D02E78210AF1
:10B57000012E1ED0022E32D0002E18D106226B884A
:10B580000902063311439BB22200264827F078F8BF
:10B590000400022004F0B4F9267120806A88601D3E
:10B5A0006280291D29F070FC200027F08DF8002012
:10B5B00070BD06230902220019431A48023327F0FE
:10B5C0005FF80400042004F09BF900232371023388
:10B5D000208063806B8863711B0AA371E4E70626F1
:10B5E00009020E23220031430E4827F049F80400D7
:10B5F000300004F085F90023237108332080638034
:10B600006B8863711B0AA371AB88E3711B0A2372F9
:10B61000EB8863721B0AA3722B89E3721B0A2373E4
:10B62000C2E7C046140C0000F7B510000C0015006E
:10B63000019327F027FC3F2840D004F059F9002857
:10B6400029D10220278804F05BF90026874229D0FF
:10B650000420278804F054F90126874222D00820CC
:10B66000278804F04DF987422AD106212B0A1B02B4
:10B670002A0019432248072327F002F8238846802E
:10B68000038000230371050004F02AF980080640B6
:10B690006E71280010E00620268804F031F98642F9
:10B6A000CFD10226280AFFF709FB012301002A0057
:10B6B000144826F0E5FF067027F006F80020FEBDCE
:10B6C0000A20278804F01CF987420ED106212B0A94
:10B6D0001B0219432A000723094826F0D1FF2388BB
:10B6E0004680038000238380E6E706232A00019931
:10B6F000034826F0C5FF2388038080230371DBE71E
:10B70000140C00000A0E0000F0B5100085B00C000B
:10B71000150027F0B7FB3F2837D0270028373B78A4
:10B72000012219002D0AEEB21140134230D022003E
:10B730002A32190030001278FFF712FB174BAD00C8
:10B740001A6823695519286810224363636A210027
:10B750008363143029F098FB2100286810222430DC
:10B76000143129F091FB01212300220038782B337A
:10B770000140208E29321B7812780290E08D0190D2
:10B78000A08D00903000FDF725F9002005B0F0BD38
:10B790000A003000FFF7E4FAE5E7C0464401000084
:10B7A000F0B504000D0016001F0085B0022905D970
:10B7B0000022234B110001201B6898470820230218
:10B7C000184327F05FFB337843220193DF23039074
:10B7D000034002921F2B18D029002000FFF7CAF95E
:10B7E00001231A00864204D00398DA18284118422F
:10B7F00006D0100005B0F0BD019A934210D0013779
:10B800003B78002BF8D140330293300026F095FFAF
:10B81000029B020001992000FFF774F90022E8E77B
:10B820003200012629002000FFF7C8F93100A940A5
:10B8300032002000C9B2FFF7E7FA3200D9E7C0466C
:10B8400058060000F7B517230D0069460B71002359
:10B85000140AE7B24B712A000221380001ABFFF74E
:10B860009FFF060001281AD121000E4A08230E4826
:10B8700026F006FF04003800FFF7EAF82080A878D9
:10B88000697820714B424B4142424241520013437E
:10B89000A370E170EB782000E38008F0A9FC300091
:10B8A000FEBDC0463220000005110000F7B514238C
:10B8B0000D0069460B7100216B46140AE7B25971FD
:10B8C0002A00380001ABFFF76BFF0600012811D1F9
:10B8D00006232100084A094826F0D2FE0400380059
:10B8E000FFF7B6F820806B8820006380AB88A380C8
:10B8F00008F07EFC3000FEBD222000000511000093
:10B90000F7B513230E0069460B7100216B46140A2C
:10B91000E7B259713200380001ABFFF741FF050073
:10B9200001280FD104232100074A084826F0A8FE69
:10B9300004003800FFF78CF82080738820006380B3
:10B9400008F056FC2800FEBD7C0C0000051100002C
:10B95000F7B51D230D00140A00216A46E7B21371E2
:10B96000517138002A0001ABFFF71AFF06000128C9
:10B9700011D106232100094A094826F081FE04005E
:10B980003800FFF765F820806B8820006380AB8863
:10B99000A38008F02DFC3000FEBDC04615FC000061
:10B9A00005110000F7B51B230D00140A00216A469B
:10B9B000E7B21371517138002A0001ABFFF7F0FEB6
:10B9C0000600012811D106232100094A094826F062
:10B9D00057FE04003800FFF73BF820806B882000FA
:10B9E00063802B79237108F003FC3000FEBDC04654
:10B9F00014FC000005110000F7B51A230E00140A0C
:10BA000000216A46E7B2137151713800320001AB70
:10BA1000FFF7C6FE050001280FD104232100084AC4
:10BA2000084826F02DFE04003800FFF711F82080AA
:10BA300073882000638008F0DBFB2800FEBDC04651
:10BA400013FC000005110000F0B51F00092387B0AA
:10BA5000039202AA137300235373039B0A001D0A67
:10BA6000EEB20C003000022105ABFFF799FE029008
:10BA700001280CD12389E2886188A088FFF7A2FA07
:10BA8000002807D1402202213000FFF7D5F90298A3
:10BA900007B0F0BD344BAA001B680221D3581A002E
:10BAA0005532107802000A40084203D146331B7811
:10BAB0009B0631D4FFB2082F13D13000FFF7FEF8F8
:10BAC0003B000100039A294826F0DAFDA388438051
:10BAD00063880380E38883802389C38026F0F4FD94
:10BAE000D5E729000E23224A224826F0C9FD050089
:10BAF0003000FEF7ADFF2880E3882800EB80238923
:10BB00002B81A388AB8063886B80A389AB81638919
:10BB10006B8108F06DFBBAE72B02082505212B434A
:10BB2000009230001222F8F73BFA134B05001B6815
:10BB30009847C0B2002813D06070A3882800EB801B
:10BB40006388AB80E3882B8123896B8163786B707A
:10BB5000F8F73CFA094A0399094826F055FC96E79C
:10BB6000029B6370E9E7C046440100000F0E00002D
:10BB700013200000051100001407000030750000BC
:10BB8000F20E0000F0B516000F0087B0340A0D2247
:10BB9000414902A8E5B2019329F076F93A00002163
:10BBA000280002ABFFF7FCFD0090012839D138785E
:10BBB00002381B2835D829F03BF90E3D4C0E0E4FAC
:10BBC000523434343434343434345534340E34341C
:10BBD000585B3434340E062124020C2332002F48E3
:10BBE000214326F04DFD85235B0003800A3BFF3B8C
:10BBF0008380023BC380033303723B78052B13D051
:10BC0000062B13D0152B13D01D3B5A1E9341C8226F
:10BC10005B429343224A9B1843722A23837226F085
:10BC200053FD009807B0F0BD1E4BF5E71E4BF3E740
:10BC30001E4BF1E702231E4A21001E4826F020FD7C
:10BC400004002800FEF704FF2080200008F0D0FA4E
:10BC5000E7E70223184AEFE70223184AECE702233A
:10BC6000174AE9E70223174AE6E70223164AE3E701
:10BC7000320001990123154826F002FD0400280036
:10BC8000FEF734FF2070200026F01EFD0022280061
:10BC90001100FFF7D1F8C4E7D0BC0018080C000071
:10BCA000C92A0000012A0000042A0000A62A000078
:10BCB0001D040000051100001620000005140000FE
:10BCC000152000007B0C000030200000310E000029
:10BCD00002050615030407081218191D00000000CC
:10BCE000FFFF000035B50018040E0000F5B3001882
:10BCF000020E000009B70018050E000085BB0018F1
:10BD0000090C0000C9B20018000C000029B100188D
:10BD10000E0E000049BA0018100E0000BDB1001848
:10BD2000130A00006DB10018F20E0000E1B0001817
:10BD3000320E0000F9B90018330E0000A5B9001842
:10BD40003D0E000051B90018120E0000F5E4001875
:10BD5000140E000099E60018160E0000E1EB001822
:10BD6000180E000091EC00181A0E000001ED0018EA
:10BD7000F00E000095ED0018040A000041EE0018D6
:10BD8000000D000091F00018F30E0000DDF0001827
:10BD9000F40E000021F100182C0D00007DEE0018BB
:10BDA0002A0D00009DEF00182D0E0000EDEF001889
:10BDB000150C000001B00018170C0000C9B40018E1
:10BDC000130C000029B600180B0E00005DB500181A
:10BDD0000D0E000079B40018011100008DC4001888
:10BDE000021100008DC40018041100008DC4001859
:10BDF000031100008DC40018280E000001B90018BE
:10BE00002B0E0000ADB800182F0E000045B800182A
:10BE1000350E0000FDF200182700000010B548881C
:10BE20000C00FEF7F9FDFF2806D0044B80001B68CC
:10BE30002279C35856331A70002010BD4401000007
:10BE4000F7B510000E00140027F01CF83F2835D07D
:10BE5000230A01936B461F7900213800FEF764FE28
:10BE60004124032825D13478002C29D12100380021
:10BE7000FEF7FAFE0822019B01001B021A4312483A
:10BE8000062326F0FDFB05003379037133894380D7
:10BE9000F388038026F018FC2B79062B09D80221A1
:10BEA0000A4B019A1B689200D35855331A788A437B
:10BEB0001A70220000213800FEF7BEFF0020FEBDF0
:10BEC000703CE4B2F5E7C046070E000044010000F4
:10BED000F8B510000C00160026F0D4FF07006088AB
:10BEE000FEF79AFD05003F2F20D06378002B0ED17E
:10BEF000FEF7E4FE0100E32002233200000126F0F9
:10BF0000BFFB637943702379037026F0DDFB0221C8
:10BF10002800FEF709FE172808D16278002A01D010
:10BF2000703AD2B202212800FEF786FF0020F8BD49
:10BF3000F8B510000C00160026F0A4FF070060887A
:10BF4000FEF76AFD05003F2F1AD02378002B0ED193
:10BF5000FEF7B4FE0100E32002233200000126F0C8
:10BF60008FFB637943702379037026F0ADFB227851
:10BF7000002A01D0703AD2B200212800FEF75CFFFF
:10BF80000020F8BD70B510000C0026F07BFF050006
:10BF90006088FEF741FD3F2D07D02278002A01D0AE
:10BFA000703AD2B20021FEF747FF002070BD10B5F5
:10BFB000FFF7E8FF10BD10B5FFF7E4FF10BD10B5A7
:10BFC000FFF7E0FF10BD70B510000D00140026F063
:10BFD00059FF3F2808D02A78002A01D0703AD2B2FF
:10BFE0000021200AFEF728FF002070BD70B5100068
:10BFF0000C00160026F046FF3F2819D02178350A9C
:10C0000000290CD12800FEF72FFE02230100320088
:10C01000084826F035FBA388038026F055FB2278DC
:10C02000002A01D0703AD2B200212800FEF704FFA6
:10C03000002070BD290E0000F8B510000E0014009D
:10C0400026F020FF3F2820D0240AE7B20021380044
:10C05000FEF76AFD4125072812D13578002D16D14B
:10C0600029003800FEF700FE220208240100012307
:10C070000848224326F004FB3379037026F024FBA2
:10C080002A0000213800FEF7D7FE0020F8BD703DE1
:10C09000EDB2F5E7090E0000F7B510000D00140031
:10C0A00026F0F0FE3F2828D02B79154F0093AB786F
:10C0B000240A01933B68E6B2A4001B599B89FF2B1D
:10C0C00003D13000FEF7FAFD0300019A3000009919
:10C0D000FEF790FC3B681B599A89FF2A08D02B7801
:10C0E000002B01D0703BDBB201213000FEF70AFDCE
:10C0F00030002A79698803F01DFA0020FEBDC04691
:10C1000044010000F8B510000C00160026F0BAFE3D
:10C110003F2834D06378320AD5B21A2B18D80121BF
:10C12000080098401B4F384217D1084210D0280011
:10C13000FEF7C4FD062301003200174826F0A0FADE
:10C14000A3880380E38843802389838026F0BCFA98
:10C150006278002A18D0703A15E0104992000968F8
:10C16000525811004631097889060AD51300022178
:10C1700055331A7828008A431A70FEF743FD0020D1
:10C18000F8BD703B1A00D2B202212800FEF754FE1F
:10C19000F5E7C04602100206110E0000440100003F
:10C1A000F7B510001500009126F06CFE3F2830D046
:10C1B0002D0AEEB200213000FEF7B6FC4122042821
:10C1C00023D1009B5C78AB000193002C23D121008C
:10C1D0003000FEF749FD08272A0201003B003A43E0
:10C1E0001A4826F04DFA0500194B019A1B689B5816
:10C1F000009A553312791A70009B3A00191D28F0E5
:10C2000043FE280026F060FA220000213000FEF7ED
:10C2100013FE0020FEBD0E4B01991B6822005B58E7
:10C22000703A190046310978D2B28906EDD5013C41
:10C23000E4B2192CE9D80121A14006480142E4D01A
:10C2400002205533197881431970DEE7080E00008B
:10C250004401000001080103F7B51000140001912A
:10C2600026F010FE3F2827D0240AE7B2002138002C
:10C27000FEF75AFC41250600082818D1019B1D78BD
:10C28000002D1BD129003800FEF7EEFC22023243BC
:10C290000100052392B20B4826F0F2F9040001993F
:10C2A0000522043128F0F0FD200026F00DFA2A00C6
:10C2B00000213800FEF7C0FD0020FEBD703DEDB24C
:10C2C000F5E7C0461D0E0000F8B5070010000E008F
:10C2D000140026F0D7FD3F283FD0364B240AE5B2A4
:10C2E0009F4243D007D8344B9F421DD0334B9F42CF
:10C2F00035D0412238E0324B9F4230D0314B9F4203
:10C30000F7D13378002B28D002212800FEF70CFC4F
:10C31000172822D13278002A01D0703AD2B20221F5
:10C320002800FEF789FD18E03378002B15D0264F42
:10C33000A6003A6892599289FF2A0ED0703B0121DB
:10C34000DBB22800FEF7DEFB3B689959002904D1D7
:10C3500008202402204326F027FD0020F8BD327873
:10C36000002AFAD0703AD2B20021D9E73378002BF4
:10C37000F3D002212800FEF7D7FB0928EDD132784F
:10C380001A2AC8D80123934010490B42C3D00E4B40
:10C39000A4001B68E3581900463109788906BAD50C
:10C3A000022155331A7828008A431A70FEF72AFCB6
:10C3B000D3E7C04613200000060400001D0400005F
:10C3C0001620000032200000440100000210020686
:10C3D00010B51000140026F055FD3F2807D0200AA4
:10C3E000FEF76CFC22000100024826F087F90020CD
:10C3F00010BDC0462A0E000070B510000C001500DC
:10C4000026F040FD3F2812D0280AFEF757FC0823EB
:10C4100001002A00074826F033F9238983806389C5
:10C42000C380A3880380E388438026F04DF9002071
:10C4300070BDC0462C0E000070B510000D00140039
:10C4400026F020FD3F281BD0220021000E230D489E
:10C4500026F016F902220C4B240A1B68A400E358AC
:10C46000553319780A431A7009230370EB888380C7
:10C47000AB8843802B89C3806B89038126F024F924
:10C48000002070BD0E0E00004401000070B50025B4
:10C49000134C00192C00032805D828F0C9FC020A07
:10C4A000110D0D250F4CED006519AC420BD100208C
:10C4B00015E006250C4CF6E707250B780B4CF2E748
:10C4C00005250B4CEFE7200008342600083E36888F
:10C4D0009E42EAD14468201E01D01800A04770BDDA
:10C4E000FFEEFFFFF4C400185CC50018B4C50018C7
:10C4F0008CC500180514000039C000181520000074
:10C5000059C200187B0C0000EDBF00187C0C000025
:10C51000C7BF00182220000085BF0018302000008F
:10C5200031BF00181A200000052F03181B2000003F
:10C53000052F031813FC0000AFBF001814FC000007
:10C54000B7BF001815FC0000BFBF00185B2000003B
:10C55000ADF300185A200000ADF3001806040000E7
:10C56000C9C200181D040000C9C20018162000002E
:10C57000C9C2001813200000C9C2001832200000F0
:10C58000C9C20018192000006DF100180500000054
:10C5900099C000180C00000041BE001857000000B0
:10C5A000D1C300180800000061F20018300000003C
:10C5B00083F2001804000000A1C10018030000006D
:10C5C00005C100180600000039C40018070000006B
:10C5D000F9C300180C000000D1BE001814000000C0
:10C5E0001DBE001805000000B9F1001870B58B8859
:10C5F00004000D004C26022B01D80B4AD65C00210A
:10C600002000FEF791FA09280CD100212000FEF746
:10C61000B1FA6A7843789A4204D1320000212000AE
:10C62000FEF70AFC002070BD30C7001870B50D0081
:10C6300002210400FEF778FA092817D10221200010
:10C64000FEF798FA6A7843789A420FD1AB8848226D
:10C65000591E8B415B42200002211A40FEF7ECFB81
:10C66000210208240248214325F068FF002070BD04
:10C67000F20E0000082337B5140002021343002213
:10C680000D00009205211332F7F78AFC8580447073
:10C69000F7F79CFC37BD000070B50C0005004B8916
:10C6A0000A89E0888988FEF78DFC002820D00821BF
:10C6B0002A0211430A000E23104825F0E1FF092346
:10C6C0000370E388AD008380A38843802389C380FF
:10C6D000638903816378437025F0F6FF0221084BDC
:10C6E0001B68EB5855331A788A431A70002070BDC6
:10C6F000012128006278FFF7BDFFF7E70E0E00006A
:10C700004401000010B50B79012B07D0054A122B0C
:10C7100005D0054A132B02D0002002E0034A043161
:10C72000904710BD99C600182DC60018EDC5001819
:10C730003C31330001000000EDC50018120000007C
:10C7400099C60018130000002DC600180E4B80007B
:10C750001B6870B5C5582C69002C05D10B4B220005
:10C76000210001201B689847E17CA27E0B1C9142AE
:10C7700000D9131CDA1FD2B20020092A02D83E3594
:10C780002B70013070BDC046440100005806000007
:10C79000204BF7B51B688000C058019102694630F4
:10C7A00006784020D47E137D157F2340547D0640BB
:10C7B0002540947C3F38044208D0547E044205D082
:10C7C000180028433043441EA041C0B2A4270121D1
:10C7D0007F008C46D45D002E03D06646264334008D
:10C7E00004E01E002E430E42F7D18C430199D4552C
:10C7F0004C1E012C05D8A4246400125DD207D21768
:10C80000104001990339012903D82B435B07DB173B
:10C810001840FEBD440100003B4B80001B6870B512
:10C82000C5582C69002C05D1384B2200210001206D
:10C830001B689847230046352878627CA17C4E33DC
:10C84000400635D4012A14D1227E012A11D10132A9
:10C850001A70042223004F331A700123A27C1A425B
:10C8600006D0627E1A4203D04F34227813432370DD
:10C8700070BD0422114207D1617E080010401142B0
:10C8800002D118700022E5E70522E17D207C5143AA
:10C890001F4A5218125C1A70002AF3D0013A012A7A
:10C8A000D7D90022194B110001201B689847D4E703
:10C8B000012A02D0227E012A03D102221A700C2200
:10C8C000C8E70422114207D1617E080010401142DE
:10C8D00002D118700822BDE70525E07D0C4A4543CA
:10C8E000217C5219525C1A70012801D0042805D10C
:10C8F000012901D0042901D10322DFE7002AE9D070
:10C90000013A022ACDD8DAE74401000058060000B7
:10C91000A7F20018144B80001B6870B5C5580C00B6
:10C920002969002904D1114B0A0001201B6898478E
:10C930002B69002C09D1987D002205280BD80132E3
:10C9400028F076FA0F0F050F050B587FF4E74F33E9
:10C95000187880080240100070BD4F331878C00866
:10C96000F8E70122F7E7C04644010000580600003E
:10C970000822000210B5024301230721034825F0D5
:10C980007FFE2F23037025F09FFE10BD2B0D0000AE
:10C99000F8B51500082200020E00024341230721CA
:10C9A0000A4825F06DFE20272E23040003703A006C
:10C9B0003100013028F068FA20003A0029002130C7
:10C9C00028F062FA200025F07FFEF8BD290D000056
:10C9D000474BF7B51B688200D75806003C690191A8
:10C9E000002C05D1434B2200210001201B689847F1
:10C9F0003000FEF763F90822330201001A433E4873
:10CA0000212325F03DFE019B050003700A2B68D809
:10CA1000180028F00DFA066666662A0D161166578C
:10CA20001B001F22A37C403713401D3A6B703A70E5
:10CA3000280025F049FEF7BD3000FEF781F9687047
:10CA4000F6E73B00132240331A70F1E723004E3320
:10CA50001B78032BECD1FC34A36A1A0A6B701B0CF5
:10CA6000EB700023AA702B71E2E7002C05D1214B5B
:10CA70002200210001201B689847637C012B05D10F
:10CA8000237E012B02D100236B70D1E73000FDF72C
:10CA9000F5FFE37D00280CD10222023B9343DBB279
:10CAA000002B04D1237C934201D00123ECE76A7070
:10CAB000BEE7012BF9D9042B02D1237C022BF4D041
:10CAC0000223E1E721001022681C3E3128F0DCF946
:10CAD0002100280039311022FF31113028F0D4F91B
:10CAE000A6E70022034B110001201B6898479FE72F
:10CAF0004401000058060000130E0000F0B53D4B45
:10CB00008DB01B6803928200D35804AD0F00102231
:10CB10000021040028001E6928F0D2F9102200210B
:10CB200008A828F0CDF9002F4DD139002000FDF7DD
:10CB3000C9FF8379012120002B70FDF7C3FF8379A2
:10CB4000012120006B70FDF7BDFF0622010008A83F
:10CB500028F09AF939002000FDF7B4FF01001E20EB
:10CB600002AB0622C01828F08FF9012331000B20F8
:10CB7000AB7002AB06221031C01828F085F90223F1
:10CB8000310012206B7202ABC0181731062228F058
:10CB90007BF903983100431E9841FF23404298439C
:10CBA0000233FF33C018039B04432E31002B00D007
:10CBB0001039114B2A0000933000019408AB27F084
:10CBC0008BF90DB0F0BD01212000FDF77BFF8379CB
:10CBD000002120002B70FDF775FF837900212000D4
:10CBE0006B70FDF76FFF0622010008A828F04CF9D2
:10CBF0000121B0E74401000059DE00180E4B82000D
:10CC00001B6870B5D55808242E003F3633780002D3
:10CC100004439B0703D52100084825F08FFC0A2216
:10CC2000AB8F21005A43054825F0EEFB02233278F2
:10CC30001343337070BDC04644010000F40E000081
:10CC4000174B82001B6870B5D258040013003F33A5
:10CC5000197802230D001D4019420ED0938F1149FF
:10CC600001258B4206D0AB400F489BB2834206D8C9
:10CC7000938702352000FFF7C1FF280070BD918720
:10CC80002000FEF71BF80825220201002A431E237C
:10CC9000064825F0F5FC057025F016FD053DE9E791
:10CCA00044010000B80B0000B70B0000150E000097
:10CCB00070B50125084B82001B68D4583F34237897
:10CCC0002B4208D0010208200143044825F036FC1D
:10CCD0002378AB43237070BD44010000F30E0000C5
:10CCE000F8B50127134B82001B680500D4580E00CD
:10CCF0003F3423783B4208D00821030219430E48F1
:10CD000025F01CFC2378BB4323703000F7F75EF955
:10CD100033780B2B0CD0052B0AD029020825074AA3
:10CD20000548294325F070FB012322781343237023
:10CD3000F8BDC04644010000F30E0000307500004D
:10CD4000082302021343002273B50E00009206214D
:10CD500003320400F7F724F90500310010220130F6
:10CD600028F092F829002000FFF7BAFF73BD0823CE
:10CD700002021343002273B50E0000920621043212
:10CD80000400F7F70DF9050031001022013028F0FA
:10CD90007BF829002000FFF7A3FF73BD08230202E0
:10CDA0001343002273B50E00009206210D320400D9
:10CDB000F7F7F6F8050031001022013028F064F88A
:10CDC00029002000FFF78CFF73BD73B508220E0009
:10CDD000002103021343009106310400F7F7E0F845
:10CDE000050031001022013028F04EF82900200003
:10CDF000FFF776FF73BD082337B502021343002205
:10CE00000D000092062105320400F7F7C9F84570BD
:10CE100001002000FFF764FF37BD0000154B8200C2
:10CE20001B68F0B5D35804001D6908222F002E009E
:10CE300087B02E371E36002914D1310002A828F001
:10CE400023F80822390004A828F01EF8C02080002A
:10CE5000044301222800084B009402A926F0EFFDAC
:10CE600007B0F0BD390002A828F00EF80822310002
:10CE7000E9E7C0464401000059DE001810B5090278
:10CE80000143024826F0F0FD10BDC04659DE0018EF
:10CE9000F8B5334B82001B680400D5580F002E00F4
:10CEA00040363378042B1ED12969002904D12D4B3B
:10CEB0000A0001201B68984728692022791C9130BC
:10CEC00027F0E2FF390028692022B130213127F014
:10CED000DBFF2000FDF7D2FD012806D12000FFF77F
:10CEE00047FD032333700020F8BD296920000A00A4
:10CEF0009131B132FFF74CFD2B691A004E32107898
:10CF00000328F0D827F094FF020A1002A42104227B
:10CF10004900585C02435A540723E3E704212000E8
:10CF2000FFF756FD0523DDE7052131705A7C012A04
:10CF300003D12000FFF7A2FFD5E73933FF331800F4
:10CF40001022002127F0BCFF2869102200213E306A
:10CF500027F0B6FF09212000FFF73AFDC3E7C046DE
:10CF60004401000058060000F8B5244B82001B68FD
:10CF70000400D7580D00FDF781FD06003869002830
:10CF800016D0691C3D0010223E30403527F07CFF52
:10CF90002B78072B0CD1396946373B785B0609D4CF
:10CFA000002E17D120001E31FFF7E1FE08232B7061
:10CFB0000020F8BD0B004E331B78002B01D0032B53
:10CFC00004D1002EF4D105232B700AE0012BEFD100
:10CFD000012E0BD105232B704433FF33CB5C5B0751
:10CFE000E6D500212000FFF749FFE1E708232000F4
:10CFF0002B701E31FFF7BBFEDAE7C046440100008C
:10D00000F0B585B002930AAB1B88019203931E4BC7
:10D0100082001B680500D7580E001C2381B21B4AF2
:10D020001B4825F02DFB04002800FDF711FD208092
:10D03000A01C002E14D108223100668127F040FF89
:10D040002000019910220C3027F01EFF200007F06D
:10D05000CFF8012208212800FDF7D6FE05B0F0BD6B
:10D060003B0046331B785B0603D500210822618113
:10D07000E4E7039B08226381029927F005FF3B0048
:10D080001A2240331A70DBE7440100001920000027
:10D0900005110000F7B52E4B07001B681600820033
:10D0A000D4580191FDF70AFE08223B0201001A4301
:10D0B00028481E2325F0E4FA019B05000370981E02
:10D0C00005283ED827F0B4FE0E033D2C2F263378DA
:10D0D000AB7040224634237893432370280025F018
:10D0E000F3FAF7BD2669002E05D11B4B3200310043
:10D0F00001201B68984733004F331978A423A97087
:10D100005B00F25C483BFF3B1A403800EA70FDF7D9
:10D1100027FEDEE71C22A81C310027F0B5FEDDE764
:10D120001722A81CF8E710223100A81C27F0ACFE3B
:10D13000200010223100243027F0A6FE0023A36334
:10D14000CCE70022044B110001201B689847C5E77B
:10D1500044010000150E000058060000F7B5284AEB
:10D16000830012680E00D2184B78062104000B428F
:10D1700005D001310B40043B0A25012B06D82000C5
:10D180001768FDF77BFC002802D000252800FEBDB3
:10D190002000FFF755FD051EF7D173781B070DD44E
:10D1A00002F0E6FA002809D16B46DA1D6323032159
:10D1B000200013700335FFF76DFFE7E73B69002B95
:10D1C00011D12000FDF77AFD08222402010022433C
:10D1D00001230C4825F054FA1F2273781340037082
:10D1E00025F072FAD2E701212000FDF79DFC0A2804
:10D1F000CBD00022044B110001201B689847C5E7E3
:10D20000440100001B0E000058060000082337B53B
:10D210000202134300220621009209320400F6F7AD
:10D22000BFFE050002F05CFB01231840687002F0AD
:10D230008DFB06220100A81C27F026FE29002000F5
:10D24000FFF74EFD37BD00002F4BF7B51B6882007E
:10D2500005000E00D758FDF711FC012802D000246C
:10D260002000FEBD73780A24042BF9D80622F37837
:10D27000134204D001321340043B012BF0D8B378A1
:10D280000A24012BECD83379043C073B092BE7D85F
:10D290002800FFF7D5FC041E04D000240328DFD1AA
:10D2A0000934DDE73B69002BD9D102F061FA00288F
:10D2B00015D0F3781B0718D50823290219430A0053
:10D2C000124825F0DDF90A23050003700622711CBF
:10D2D000013027F0D9FD280025F0F6F9C0E702F06B
:10D2E0004FFA0028E5D10524BAE702F041FA0028F8
:10D2F000E2D16B46DA1D6323032128001370032457
:10D30000FFF7C8FEACE7C04644010000120E000063
:10D31000F0B5D3B215003D4A87B0126803939B0065
:10D320009E580F000190002E66D0002803D0703860
:10D33000C3B2019360E00121E8B2FDF71BFC037862
:10D34000083704000497F02B08D0418808220431E4
:10D350004118380027F08AFD002854D1E8B2FDF7C3
:10D36000ADFC08232D021D43ADB22A000100284860
:10D3700025F086F9012107000398FDF775FC638805
:10D3800001000C332A009BB2224825F079F923785A
:10D3900062880293F03B591E8B41A15C0C338C4692
:10D3A0009B00F318059363460500A0184178090215
:10D3B00019438378C078000218430004059B014399
:10D3C00001315960029B211D2B70130008336B80C3
:10D3D000281D27F059FD6088082204300499281878
:10D3E00027F052FD280025F06FF9736B38003B6081
:10D3F000B36B7B6025F068F90121019A0398FDF772
:10D400001BFD07B0F0BD212393E7C0464401000097
:10D410001C0E0000F10E0000F7B54B7805000E0061
:10D42000042B02D90A242000FEBD0622CB78134229
:10D4300004D001321340043B012BF3D8B378012B05
:10D44000F0D83379073B092B01D90624EBE7464B8B
:10D45000AA001B682800D758FDF710FB041E74D1E2
:10D460003B004033019318780128DCD13B69002B45
:10D4700004D13E4B220021001B689847731C009387
:10D480007378042BCED8009B5B78012BCAD8009B05
:10D490001B79102BC6D8009B5B79102BC2D80121B9
:10D4A0002800FDF741FB0A2805D000222F4B110070
:10D4B00001201B689847386906220099173027F029
:10D4C000E3FC3E0008233A694636517E194206D0F5
:10D4D000927C1A4203D03278383313433370337856
:10D4E0005B061FD52800FFF731F90028ADD03B6956
:10D4F0002800997DFFF74CF9002833D02800FFF76A
:10D500008BF900212800FFF705FA00280ED04023F0
:10D5100032781A420CD02800FFF72AFA0323019A26
:10D52000137080E702F024F90028DBD103247AE7A6
:10D530000523019A13703B691A004E321478002CAF
:10D5400005D004212800FFF743FA00246BE7A4214B
:10D5500004224900585C02435A5428002100FFF776
:10D560008DFC60E708245EE74401000058060000D7
:10D5700070B54B7805000E000A20042B24D8164BFA
:10D58000AA001B68D35840331B78013B182B1CD8CA
:10D5900008242B021C432100104825F019F800280C
:10D5A00004D021000E4A0D4824F02EFF2800767882
:10D5B000FDF784FB0123010022000A4825F060F8F2
:10D5C000067025F081F8002070BD0022064B110086
:10D5D00001201B689847F6E744010000F30E0000A5
:10D5E000307500002E0E00005806000070B51223A2
:10D5F00004000E000B4A81B20B4825F041F80500EB
:10D600002000FDF725FA310028801022A81C27F001
:10D610003BFC280006F0ECFD012208212000FDF76C
:10D62000F3FB70BD1A20000005110000F0B5274B78
:10D6300082001B688DB0D4580500FDF71FFA2369DE
:10D6400026001A002700E13207924E364737C33AC8
:10D650002E33002824D1390005920AAF062208A8EB
:10D66000069327F011FC06223100380027F00CFC4D
:10D6700023004D331B7804AA937554342378BB716F
:10D68000C020134BC000054301930AAB0093069AD8
:10D6900005990798029508AB26F0BAFC0DB0F0BDCD
:10D6A000310006920AAE062208A8059327F0ECFB8B
:10D6B00006223900300027F0E7FB230054331B78A3
:10D6C00004AA93754D342378B371D9E7440100005F
:10D6D00059DE001873B56B46D9711A4B16001B68DA
:10D6E0008200D55804002969002904D1164B0A008C
:10D6F00001201B6898476B46DA79002A16D102216F
:10D700002000FFF7C7FC200000220121FDF794FB59
:10D710002869002803D025F075F900232B6120002B
:10D72000FFF7C6FA002340352B7073BD6B4603210B
:10D730002000DA1DFFF7AEFC002EE4D02000FFF73A
:10D740005DFAE0E7440100005806000013B54A788E
:10D750000400531E0D2B00D90822702313436A4680
:10D76000D3710C4BA2001B68D3581B69002B0AD045
:10D770002000FDF783F96B4600222000D979FFF7DE
:10D78000A9FF002016BD6B4603212000DA1DFFF71C
:10D7900081FCF6E7440100002C4BF7B51B688200C2
:10D7A000D75806003C690191002C05D1284B220076
:10D7B000210001201B6898473D004035297808006A
:10D7C0001438052823D827F033FB0503201E20201A
:10D7D00016232B702B78142B14D146373B785034FA
:10D7E0005B0603D50122237893432370012223781B
:10D7F0001521134203D10222134210D017212970A0
:10D8000093432370F7BD1823E3E71423E1E72300D4
:10D8100050331A780E4B03201B689847DAE7042030
:10D8200019000140034203D0192283432A70E8E71C
:10D83000019B002B04D11900300000F0C7F8E1E78C
:10D840000A003000FFF746FFDCE7C0464401000055
:10D8500058060000104B82001B6870B5D3580400B6
:10D860001A00403212780D00192A13D119690029C3
:10D8700004D10A4B0A0001201B68984706212000AA
:10D880006A1CFFF707FC2000FDF7F8F801002000F4
:10D89000FFF782FF002070BD440100005806000021
:10D8A000F8B5104B82001B680500D7580E003C6984
:10D8B000002C05D10C4B2200210001201B68984749
:10D8C000002E0CD1627D237F13405034237014232B
:10D8D0004037310028003B70FFF75EFFF8BD227D26
:10D8E000E37EF1E74401000058060000354BF7B530
:10D8F0001B688200D35804001F690E000193002F9B
:10D9000005D1314B3A00390001201B689847019D31
:10D910004035297810290DD00B00113B022B02D87D
:10D9200010232B7006E03B0050331A78264B03205F
:10D930001B6898472B78102B3ED13A0001215032BA
:10D9400013780B420CD08B431370019B46331B782A
:10D950005B06EFD420000631FFF73AF81123E0E729
:10D9600002210B4215D08B43137001F0B9FF43071E
:10D9700005D505212000FFF72BF81223D1E701F090
:10D98000DFFF01002000FFF720FA2000FFF73EFC38
:10D99000D0E704210B4208D08B43137013232000DF
:10D9A0002B700231FFF714F8C4E7002E05D13200C6
:10D9B00031002000FFF78EFEF7BD31002000FFF799
:10D9C0006FFFF9E74401000058060000F8B5104B5E
:10D9D00082001B680500D7580E003C69002C05D159
:10D9E0000C4B2200210001201B689847002E0CD10F
:10D9F000227DE37E134050342370102340373100E2
:10DA000028003B70FFF772FFF8BD627D237FF1E7CE
:10DA10004401000058060000F7B5524B16001B6881
:10DA20008200D75801910022082104002225FDF729
:10DA3000EBF9062E13D00135112E10D00135222E10
:10DA40000DD0002E04D03500703DEDB2002D06D172
:10DA50003A0008230025463211780B4313703E002C
:10DA6000403633780F2B47D80D2B6FD9012120007A
:10DA7000FDF75AF80A2805D000223B4B110001207F
:10DA80001B6898473969002904D1374B0A000120E7
:10DA90001B689847002D5FD133780F2B24D13A694A
:10DAA0000E3B917C19421FD0527E1A421CD020009E
:10DAB000FDF704F90823220201001A432B4816330C
:10DAC00024F0DEFD0723060003701C2239690230B2
:10DAD00027F0DAF9300008222900143027F0F0F995
:10DAE0003000758224F0F0FD019B002B2FD119002E
:10DAF0002000FFF7D5FE29E01A2B27D101212000B5
:10DB0000FDF712F80B2805D00022174B1100012059
:10DB10001B689847002D12D12000FDF7CFF808228E
:10DB2000230201001A431248012324F0A9FD070033
:10DB30002000FDF747F93870380024F0C5FD0023B8
:10DB40002A00012120003370FDF776F9F7BD01218D
:10DB50002000FFF73BFFF9E7002229002000FFF734
:10DB6000B9FDF3E74401000058060000150E00005F
:10DB7000190E0000184B82001B6870B5D6580400BF
:10DB8000330040331B780D0086B0182B20D131694B
:10DB9000002904D1114B0A0001201B689847062276
:10DBA000A91C04A827F070F96A466B78684693753B
:10DBB0003169102227F068F905216A462000FFF735
:10DBC00069FA2000FCF75AFF01002000FFF7E4FD8E
:10DBD000002006B070BDC046440100005806000099
:10DBE000104B82001B6870B5D658040033004033D8
:10DBF0001B780D00172B13D13169002904D10A4B72
:10DC00000A0001201B689847691C1022306927F020
:10DC10003BF92000FCF732FF01002000FFF7BCFDBC
:10DC2000002070BD44010000580600001C4B82001B
:10DC30001B6870B5D6580400330040331B780D00C4
:10DC400088B0162B29D13169002904D1154B0A005F
:10DC500001201B689847EB78AA781B021343162013
:10DC60006A46291D93826844082227F00DF9102284
:10DC7000316901A827F008F92000FDF761F86B462B
:10DC80000721987701AA2000FFF704FA2000FCF78B
:10DC9000F5FE01002000FFF77FFD002008B070BDF9
:10DCA0004401000058060000104B82001B6870B54C
:10DCB000D6580400330040331B780D00152B13D1C8
:10DCC0003169002904D10A4B0A0001201B689847DA
:10DCD000691C1022306927F0D7F82000FCF7CEFE2F
:10DCE00001002000FFF758FD002070BD4401000036
:10DCF0005806000070B581B205000223064A0748A5
:10DD000024F0BEFC04002800FCF7A2FE20802000C6
:10DD100006F06EFA70BDC0461B2000000511000021
:10DD2000334B82001B68F0B5D55893B02C6929009D
:10DD300023000AAE1E330700062206934731103334
:10DD40003000079327F0A0F8290006224E310CA8D6
:10DD500027F09AF82B004D331B782E21B3712B003E
:10DD600054331B7802AA521813703800FCF786FE51
:10DD7000D1342B6909AA002823D1597E9170197ECC
:10DD80005170D97D117019004E31097802291ED8C1
:10DD9000002920D1102200210EA827F091F8802020
:10DDA000144B000103930CAB3843019309AB009370
:10DDB000049002960EAB2000069A079926F078F997
:10DDC00007E0997C9170597C5170197CDAE703293E
:10DDD000E0D013B0F0BD802006490001393338434C
:10DDE00003910CA9FF330490029601910092E2E79F
:10DDF0004401000059DE0018164BF7B51B6882007D
:10DE0000D65804000D00FCF739FE01903069002857
:10DE100012D0370040373B780D2B0DD11230102235
:10DE2000FF30691C27F030F8019B002B06D10C3322
:10DE300020003B70FFF774FF0020FEBD0B233B70FA
:10DE400032693E33FF33D35C9B07F5D52000FFF7E3
:10DE5000EDFBF1E744010000F0B597B00A926B4684
:10DE600028229B181D78040028000E00FCF706FEEF
:10DE7000FF220A9B0790134009939B000B93BA4B18
:10DE80000B9A1B689F58002F38D001212800FCF7FF
:10DE90004BFE0A2832D1002C07D021000022703915
:10DEA000C9B22800FFF716FC28E03C6923004E3376
:10DEB0001B7808930A9B180AFF231840082800D9EA
:10DEC0002FE226F0C9FF0900640099001B015701E9
:10DED0003A017301F001060223001E3318001022DC
:10DEE00031000A9326F0D0FF3B0046331B785B06D7
:10DEF00006D4012228000799FEF700FE17B0F0BDF6
:10DF0000089B002B01D0032B18D1079B012B0ED1AE
:10DF1000099AFF3313430193944B2100200000938F
:10DF20000023913151300A9A26F000F8E6E72800E4
:10DF30000A99FEF71CFF0823403726E0089B012BB7
:10DF400016D123002222FC33FF32A25C9B6A089E7A
:10DF5000D3408022210020001E408023099C5200D3
:10DF600022430192814A3343913151300092DAE7E2
:10DF7000089B022BC2D128000A99FEF7F8FE079AE7
:10DF80000823002A00D0053340373B70B6E73B003A
:10DF900046331B785B060AD428003100FEF7D0FE1A
:10DFA00007984037431E984107303870A6E7089B12
:10DFB000002B01D0032B0DD1079B012B05D06C4BFF
:10DFC00003201B68089A0999984731002800FEF73A
:10DFD000B7FEB0E7089B012BDED0089B022B00D0D8
:10DFE0008CE72000310010223E3026F04DFF092141
:10DFF0002800FEF7EDFC81E72000102231003E30C2
:10E0000026F034FF002872D13B0046331A784023B3
:10E01000110019401A420FD1FF18323B3B70079B89
:10E02000012B05D1210028001E31FEF7A0FE65E777
:10E030002800FEF7F3FE61E7089B002B30D0032B8E
:10E0400011D180252300220021002000099CED0031
:10E050002543464C2E331E329131513001950094A8
:10E0600026F066F84AE7089B012B2DD1079B012B70
:10E0700004D1210028001E31FEF779FE2222FF3252
:10E08000A35C132B0CD00133A354079B002B04D1AA
:10E0900000212800FEF7F2FE30E70723403774E73F
:10E0A0002800FCF7EBFC3C000D234034002809D18C
:10E0B000A4233A695B00D35C9B0702D52800FFF7D5
:10E0C000B5FA0B23237019E7089B022B00D015E744
:10E0D000A4225200A15C06330B43A354079B002BE0
:10E0E000D6D040373B78052B00D007E7D0E7042196
:10E0F0002800FEF780FE01226421D2E62800FCF70A
:10E100001FFE31000400020012A826F0BDFE1022FE
:10E1100012AB18190021121B26F0D2FE079B002B10
:10E1200006D119002800009312AAFEF769FFE5E660
:10E13000280012A9FFF75AFAE0E620004130082231
:10E140003100FF3026F0A0FE802320002200099934
:10E150005B000B430193054B5130393200930100B2
:10E160000023FF32E0E6C0464401000059DE0018FB
:10E1700058060000089B032B05D06E4B03201B683C
:10E18000089A0999984773783078B2781B0203434C
:10E19000F07812041343000667491843F4F740FF70
:10E1A000FC34A1620A214037397021E72800FCF7CE
:10E1B000C7FD0700200031001022D13026F064FE98
:10E1C00031003A002000103126F05EFE1023E019E5
:10E1D000DA1B002126F074FE584B0B9A1B680EAE1A
:10E1E0009C583000236921001A001E321F0007923C
:10E1F000D13306224731089326F046FE210006223D
:10E200004E3110A826F040FE23004D331B782E21FE
:10E21000B371230054331B7806AA521813702800D8
:10E22000FCF72CFC2E3723690DAA002811D1997C0C
:10E230009170597C5170197C117019004E31087819
:10E24000032800D95AE6E024E40026F0F1FD081E78
:10E250002A08597E9170197E5170D97DECE7102201
:10E26000002112A826F02CFE099B01961C43344B7A
:10E270000494039310AB02930DAB009312AB3A00DE
:10E280000799089825F014FF38E639330999FF33C8
:10E290000C432B490494039110A90291019600921A
:10E2A000EDE72933F2E7A01C10223100FF3026F001
:10E2B000EBFD079B4037002B05D131002800FEF70E
:10E2C0006DFD0D2361E60C2328003B70FFF728FD50
:10E2D00014E62100123130001022FF3126F0C6FD75
:10E2E000061E17D1079B4037012B06D1A11C280021
:10E2F000FF31FEF753FD0F2347E60100102212A85D
:10E3000026F0DEFD220001212800009612ABFEF768
:10E3100077FEF0E70B212800FEF76DFD01226B214F
:10E32000BFE5044B4037032039781B68079A9847AC
:10E33000E4E5C0465806000040420F0044010000DA
:10E3400059DE00184C4BF0B51B688200D35887B0DB
:10E350001C69050005910393002C23D02700FCF7CE
:10E360008DFB230005992E3704904E330131102286
:10E3700038001E7826F088FD039B40331978082961
:10E3800010D106221A70039A402046321278944621
:10E39000024005926246024207D12800059A04997C
:10E3A000FEF7ACFB002007B0F0BD002E01D0032E1D
:10E3B00030D1049B012B1ED126001E3631002800CF
:10E3C000FEF7D5FC23004E331B78032B0ED18023A0
:10E3D00021002000DB001D43284B3A0000935131FF
:10E3E00033009130019525F0A3FEDBE70D22039B5E
:10E3F00040331A70D6E780239B001D431F4B21003A
:10E400002000009300235131913001953A0025F00E
:10E410008DFDC7E7012E14D123002222FC33FF32E9
:10E42000A25C9B6A2100D34080222000334013432A
:10E430008132FF321543114A5131913001950092DA
:10E44000E4E7022EAED1039A1069A4225200825C46
:10E450000498012808D10A42A4D0052200212800EE
:10E460001A70FEF70BFD9DE70B211970324299D00F
:10E470002800FFF7DBF895E74401000059DE00189B
:10E4800070B504000E00002A1AD133790D4A9B00A2
:10E490009B5804319847051E12D001002000FEF75A
:10E4A000AAFC3379012B0BD00B2B09D02000FCF7F1
:10E4B000E5FA6021294301222000C9B2FFF70AF9D9
:10E4C00070BDC046C0F20018094B82001B6870B5D1
:10E4D000D45805002069002803D024F093FA0023C3
:10E4E00023612800FEF7E4FB00234034237070BD55
:10E4F00044010000F0B51E000A2387B0150002AAEF
:10E500001373130000225A732B0A02936B461F7A6F
:10E510000A000C003800012105ABFDF741F903901A
:10E5200001287BD13800FCF7A9FA011E00D078E061
:10E53000574B029A1B689200D6583369002B04D0BF
:10E54000544B02001B680398984733003F331B78F5
:10E550005A0700D595E09B0700D594E06378651CC9
:10E56000042B00D991E06B786A22012B12D82B7909
:10E57000102B0FD86B79102B0CD8EB78073B092B9D
:10E5800008D80824AB78234209D101F0F1F800281B
:10E590000CD1632201213800FCF74EFC3EE001F073
:10E5A000EFF80028F5D0AB782342EED0A620022168
:10E5B000400024F09DF9A6220400002152003061A1
:10E5C00026F07EFC200007222900103026F05CFC9B
:10E5D000A27C0123110019401A4200D1A182029BA2
:10E5E00006211A0208231343002238000092013248
:10E5F000F5F7D6FC237C01004370637C8370A37C19
:10E60000C370E37C0371237D4371637D83713800A4
:10E61000FEF766FB3300012240331A70039807B0FF
:10E62000F0BD4222B542B5D1194B01341A68029BA4
:10E630009B009D582B69002B05D00022154B110023
:10E640001B6803989847A6200221400024F050F947
:10E65000011E286104D10F4B02001B68012098475E
:10E66000A62200212869520026F02AFC28692100F0
:10E670000622103026F008FC00213800FEF7A8F929
:10E68000CCE7452286E7692284E76A2282E7C04612
:10E690004401000058060000F0B5100089B01400D5
:10E6A000039124F0EFFB3F2800D1A2E0230A04935A
:10E6B0006B461C7C039B18780138092800D998E028
:10E6C00026F0CAFB0A00970097001601E801DD005A
:10E6D0008601970009025902039B049A5D78B94BA1
:10E6E00092001B682000D3580593FCF7C7F9012856
:10E6F0007FD1059B40331B78022B7AD1002D00D1AE
:10E7000065E2059B1F69002F04D1AF4B3A00390029
:10E710001B6898473D00039B1735023307221900F9
:10E720002800079326F0B0FB01F02AF8002803D157
:10E730000822AB789343AB700823AA781A4208D01A
:10E74000BA7C1A4205D0059A3833463211780B4309
:10E750001370059B463306931B785B064CD5039BD1
:10E76000DB78002B64D02000FDF7F0FF06260028A0
:10E7700047D0079B20009979FEF70AF8002804D1BA
:10E78000069B1B785B0600D421E22000FEF744F8CC
:10E7900001212000FEF7BEF8002831D0A97803221D
:10E7A0000B00134011424DD12B716B71049B06215C
:10E7B0001A02082313430022200000920232F5F7C8
:10E7C000EFFBFB7D010043706B788370AB78C37007
:10E7D000EB7803712B7943716B7983712000FEF71D
:10E7E0007FFA069B1A78059B4033520632D50422E5
:10E7F0001A70002009B0F0BD00F0BAFF0028AED1B9
:10E800000326704B1A68049B9B009B5840331B786F
:10E81000002BEED031002000FEF7EDFA2000FCF7CF
:10E820002DF96021012220003143FEF753FFE0E77C
:10E830007B7C012B97D1069B1B785B0600D592E76A
:10E840000226DEE72A793B7D13402B716A797B7DB6
:10E850001340AAE707221A70059B1B691A004E3263
:10E860001278002A04D004212000FEF7B1F8C0E796
:10E87000A42104224900585C02435A54B9E7514B81
:10E88000049A1B689200D5582000FCF7F7F82B007B
:10E8900040331B780600132BABD12969002904D122
:10E8A000494B0A0001201B6898472800039F10224B
:10E8B00002373900143026F0E7FA049B00211A02CF
:10E8C00008236963134300910A2206312000F5F7FB
:10E8D00067FB050010223900013026F0D5FA290027
:10E8E0002000FEF7FDF931002000FEF7FFFF80E772
:10E8F000344B049A1B689200D7583B69002B00D117
:10E9000065E1A42676009B5D04251A002A40079243
:10E910002B4200D06DE7039B20005B780693FCF749
:10E92000ADF805903869835D1D43069B8555002B26
:10E9300042D0039B9D1C3B0046331B785B0630D5C1
:10E9400003004E331B78012B00D052E739301022E0
:10E950002900FF3026F098FA3E69AA783300FC338C
:10E960000493039B120498786B7818491B020343A5
:10E97000E878134300061843F4F752FB049B079A08
:10E9800099622223FF33F254059B002B04D04037B9
:10E990003B78052B00D02CE700212000FEF76EFA13
:10E9A00027E71022290026F06FFA059B002BF3D0F1
:10E9B0003B0040331B78ECE74E300678012E00D048
:10E9C00017E71EE7440100005806000040420F0010
:10E9D000804B049A1B689200D5582000FCF74EF833
:10E9E0002B00059040331B78112B00D001E72969DB
:10E9F000002904D1784B0A0001201B6898472000A9
:10EA0000FCF79EF9102805D90022734B1100012054
:10EA10001B6898472000FCF793F90022102802D8C1
:10EA20001032121AD2B2039B02300021181826F0BD
:10EA300047FA049B082706221D0200233D431100CC
:10EA4000009320002B00F5F7ABFA0600039A013083
:10EA5000023204920499102226F016FA31002000A6
:10EA6000FEF73EF9002307220621009320002B0029
:10EA7000F5F796FA0500049B03991B8A3A00438038
:10EA80001431043026F000FA29002000FEF728F99E
:10EA9000059929E74F4B20001968049B9B005E589D
:10EAA000FBF7ECFF330040331B780500122B00D03E
:10EAB0009FE63169002904D1474B0A0001201B68F9
:10EAC0009847039920000231FEF77FF92000FEF7F6
:10EAD0009DFB290008E7039B5B78002B00D1AFE684
:10EAE0003C4B049A1B689200D658A4220423356933
:10EAF0005200A95C194200D07BE60B43AB540F23B4
:10EB0000039F12375AB20592FA5C002A02D1013BE8
:10EB1000F8D2059328000399102202313E3026F0E6
:10EB2000B3F9059B3069013316D029303900102222
:10EB3000FF3026F0A9F98023280004999B00326950
:10EB40000B430193254B91302932009301000023A0
:10EB5000FF3225F0EBF94CE6A42208235200815C39
:10EB60000B4383542000FBF789FF002800D113E7F3
:10EB7000403633780DE7174B049A1B689200D7583C
:10EB80003B69002B00D134E64E331B78032B00D0B9
:10EB90002FE63D0040352B780A2B00D029E6039B59
:10EBA0000C265B78002B00D12BE62000FBF766FFDC
:10EBB0000D23002809D1A4233A695B00D35C9B078D
:10EBC00002D52000FEF732FD0B232B7011E608263C
:10EBD00017E6C046440100005806000059DE001840
:10EBE000F0B587B003930B23170002AA1373002319
:10EBF00053733B0A02936B461E7A0A000C003000E6
:10EC0000012105ABFCF7CCFD0500012816D1300031
:10EC1000FBF734FF002814D12300628AA71C1433A9
:10EC2000009229003A003000FEF7EAF9164B029AEA
:10EC30001B689200D358227F3E331A70280007B019
:10EC4000F0BD039B9F4218D13000FCF737F808272E
:10EC5000029B01001A023A430A230C4823F010FDDC
:10EC600021000600638A3A0003801431023026F046
:10EC70000BF9300023F028FDE0E7422229003000A4
:10EC8000FCF7DAF8DAE7C04644010000170E00008E
:10EC9000F7B510000C00170024F0F4F83F281CD042
:10ECA0003F0AFDB22800FBF7E9FE0600012814D157
:10ECB000BB0000932378114F0193002B0FD03B68CA
:10ECC000009A667C9F581A223B00403328001A7035
:10ECD000611C3E37FEF78AFC3E700020FEBD280016
:10ECE000FFF708F8962231002800FCF7A5F8009AF3
:10ECF0003B689B58019A40331A70EEE744010000CC
:10ED0000F0B585B00F000C2369460B730023140A7D
:10ED1000E5B24B733A000121280003ABFCF740FD3C
:10ED20000600012826D12800FBF7A8FE4222012870
:10ED300024D1174BA2001B68D3583F331B785A07C6
:10ED40001BD49B071FD47F783B071ED500F018FD0E
:10ED50006322002812D000220823240206210092F8
:10ED6000280023430B32F5F71BF9010047702800F8
:10ED7000FDF7B6FF300005B0F0BD452201212800A7
:10ED8000FCF75AF8F6E76922F8E700F0F1FCDFE754
:10ED900044010000F0B5150087B00C00032224499F
:10EDA00005A826F071F82B0A03936B461F7B2200FF
:10EDB0000121380005ABFCF7F3FC0500012833D135
:10EDC0001C4B039A1B689200D65823786288F02B5C
:10EDD00014D10020736BA118A3541A0A4A701A0C9C
:10EDE0001B0E8A70CB70039B000114300093628865
:10EDF000114B211D301824F055FF15E00C2A04D8C2
:10EE000000220E4B11001B68984763880120E2180E
:10EE1000083A083B12786380B36B9A42E3D2010050
:10EE200021223800FCF708F8280007B0F0BDC046E2
:10EE3000A4F200184401000011D300185806000085
:10EE400010B51000140024F01DF83F280BD0240A40
:10EE500001212000FBF768FE0C2806D100220121C9
:10EE60002000FBF7E9FF002010BD00212000FBF788
:10EE70005BFE1628F7D100221100F1E7F0B5100073
:10EE800085B01400029123F0FDFF3F285ED0414B76
:10EE9000240A1B68A200D658370040373B78032B62
:10EEA00054D13169002904D13B4B0A0001201B6871
:10EEB0009847306920220299513025F0E5FF029BE6
:10EEC00030692033190020227130E5B2039325F018
:10EED000DBFF230208242343002406210C22280000
:10EEE0000094F5F75DF801000B0001302133029A20
:10EEF000125D0255039A125D1A550134202CF6D189
:10EF00002800FDF7EDFE2800FBF7B8FD04230128DB
:10EF100024D1316928000A009131B132FDF738FD62
:10EF200033691A004E32107803280FD825F080FF7D
:10EF300002111802A42104224900585C02435A54C9
:10EF4000052300213B702800FDF798FF002005B045
:10EF5000F0BD04212800FDF73BFD07233B70F5E7DA
:10EF600008223A701A7E012A01D10521EBE73933D4
:10EF7000FF3318001022002125F0A2FF3069102273
:10EF800000213E3025F09CFF09212800FDF720FDDF
:10EF9000DCE7C046440100005806000070B51000D0
:10EFA0000E00140023F06EFF3F281AD00E4B240AE7
:10EFB0001B68A200D5582869002812D0A422022379
:10EFC0005200815C40350B438354293A3100E130D3
:10EFD000FF3A25F059FF2B780B2B02D1E0B2FEF758
:10EFE00025FB002070BDC04644010000F0B5244B55
:10EFF000160A1B681000B200D35887B00291039321
:10F0000023F040FF00243F2830D0162302AAF7B295
:10F010001373547321003800029A05ABFCF7C0FB50
:10F0200025000400012821D1082336021E433300A5
:10F030000E22062138000095F4F7B2FF029B010072
:10F040005B7843703800FDF74BFE039B40331B7821
:10F05000013B182B0DD831000A4823F0B9FAA84219
:10F0600004D03100084A074823F0CEF9200007B049
:10F07000F0BD064B2A00290020001B689847F5E7E1
:10F0800044010000F30E0000307500005806000037
:10F0900070B510000D00140023F0F4FE3F281BD0C3
:10F0A0006B78002B18D0240A01212000FBF73CFDCF
:10F0B0000A2811D12B780B252E2B00D0033D2900D7
:10F0C0002000FDF798FE2000FBF7D8FC602101220C
:10F0D00020002943FEF7FEFA002070BD70B5100035
:10F0E000140023F0CFFE3F2815D001210B4B240A3A
:10F0F0001B68E5B2A400E35828003F331A788A431E
:10F10000110004220A431A70FBF7B8FC00224521C3
:10F110002800FEF7DFFA002070BDC0464401000061
:10F1200070B51000140023F0ADFE3F2817D00D4B32
:10F13000240A1B68A400E55802232C003F342278DF
:10F14000110019401A4204D1074B0A0001201B6824
:10F150009847C8230222AB8723789343237000206B
:10F1600070BDC046440100005806000070B5100094
:10F170000D00140023F086FE3F2818D02B78002BBA
:10F1800015D0240A01212000FBF7CEFC0B2805D066
:10F190000022084B110001201B6898472A78002A9A
:10F1A00001D0703AD2B201212000FBF745FE0020C9
:10F1B00070BDC04658060000F8B548880D0017001D
:10F1C000FBF72AFC0400FF281ED0234B82001B689B
:10F1D0000121D658FBF7A8FC0A2817D008262102DF
:10F1E00031431E233A0089B21C4823F049FA0B230D
:10F1F00004000370AB8932004382291D143025F0CE
:10F2000043FE200023F060FA0020F8BD32003300F6
:10F210004632127840331B78520606D50F2B0BD19D
:10F2200020003169FEF7E2F9EEE70E2B04D101214F
:10F230002000FDF7F3FDE7E72000FEF75BFD082166
:10F240002000FDF7D8FD2000FBF718FC0122682103
:10F250002000FEF73FFAD7E744010000160E000039
:10F2600070B548880D00FBF7D7FB0400FF2806D0D7
:10F27000FBF704FC2A7801002000FEF7CDFB0020FC
:10F2800070BD70B548880D00FBF7C6FB0400FF2871
:10F2900006D0FBF7F3FB2A7801002000FEF7BCFB49
:10F2A000002070BDF0F1000000010001000001002D
:10F2B0000101010100010000000000010101000145
:10F2C0000000000049D2001819D4001869CF0018B6
:10F2D00045E300184DD70018A9DC00182DDC0018F4
:10F2E000E1DB001875DB001855D800185DD1001857
:10F2F00091CE0018F9DD001871D50018F7B51C2360
:10F300000C0069460B7100216B46150AEFB259716A
:10F310002200380001ABFCF743FA0600012826D191
:10F320006B466A466946033260780633023101F063
:10F330005DFF021E2FD16B469B78002B19D16B46C7
:10F34000DB784232022B26D129000433144A1548B7
:10F3500023F096F905003800FBF77AFB6B46DB8853
:10F3600028802B71638828006B8004F041FF3000F7
:10F37000FEBD4222032B0ED1290003330A4A09485D
:10F3800023F07EF905003800FBF762FB6B46DB8853
:10F390002880AB80E6E700213800FBF74DFDE6E76B
:10F3A0005B200000051100005A20000070B548885D
:10F3B0000D00FBF731FB030204000820184380B264
:10F3C00023F060FD3F280FD000212000FBF7ACFBAD
:10F3D00041221C2804D12A78002A01D0703AD2B2E6
:10F3E00000212000FBF728FD002070BD7FB50A4BEF
:10F3F000059158831A33180001230393074BC0214A
:10F40000029308230193002305AA009349010B33BB
:10F41000F6F708F807B000BD500100005EF90018CB
:10F4200010B50400022805D90022064B1100012066
:10F430001B689847044BA400E358181E00D01878A6
:10F4400010BDC046580600005001000010B5040071
:10F45000022805D90022074B110001201B6898479C
:10F460000020054BA400E358834202D0180023F08B
:10F4700064F910BD580600005001000070B5050089
:10F480001400002909D0D02002230722000123F014
:10F49000F7F80570447023F017F970BDF0B5214CF2
:10F4A00085B023000390012038331F780B790E00BC
:10F4B0000740002B1AD01C4B1A7823003033310040
:10F4C00003980097FBF7CEF90500FF280BD03734DF
:10F4D000237801332370F3F7FDFD2800FBF730F8A4
:10F4E000280004F0DDF8280005B0F0BD23000F4A25
:10F4F00043331B7812689B009D58002D04D10C4BA0
:10F500002A0029001B689847AB7B0722022B00D0FA
:10F51000AA8A2300697C30330029D0D02B00012730
:10F520001633CCE750010000040600004C01000037
:10F530005806000070B504001500FF2810D0094BD4
:10F5400037331A78013A1A70FBF734FD2000F3F7CD
:10F55000EBFD2000FAF7F8FF2900200004F0C2F8C4
:10F5600070BDC0465001000010B5040AC0B2031FB0
:10F570009BB2052B05D8054AD35C2002184380B204
:10F5800010BD04F0FDF80300F7E7C04658F9001875
:10F59000C3B210B5040A18000A38062814D825F09A
:10F5A00047FC0F0B0D170413110008202402204301
:10F5B00080B223F0CBFC10BD0520F7E70620F5E76D
:10F5C0000420F3E70920F1E7180004F0F5F8EDE76F
:10F5D0000720EBE7014B588F7047C04650010000F1
:10F5E000014B988F7047C0465001000003001B3B41
:10F5F0004020E02B08D8E0204939FF3989B2C0000B
:10F600008842804140428001704770B50500072064
:10F610000C0023F037FC08280AD00121A94040B291
:10F6200049B2002C05D00143C9B2072023F0BCFB2E
:10F6300070BD8843C1B2F8E7F8B50A4E87000400F0
:10F64000B859002808D023F07BF8051E04D1B8591A
:10F650000C3823F06BF8BD5100212000FFF7D5FFD7
:10F66000F8BDC04650010000F8B504000E000228A5
:10F6700005D90022104B110001201B6898470F4D3F
:10F68000A3005F59002F0ED02000FFF7DFFE01001E
:10F69000D02002230722000122F0F2FF3B784670BF
:10F6A000037023F011F8012C02D1FF2344352B7095
:10F6B0002000FFF7C1FFF8BD580600005001000010
:10F6C000F0B585B004000E000092022805D9002292
:10F6D000254B110001201B689847072023F0D2FB1F
:10F6E0000025029008283CD033780193022C05D9DC
:10F6F0001D4B2A00290001201B6898471B4BA700BF
:10F70000FB5803930123039A1D00964229D00298C7
:10F71000204105001D40184207D0022521E0019A32
:10F7200093420FD0009B01330093009B1B78002B6A
:10F73000F5D1300023F001F8402201000198FFF7D5
:10F740009DFE0EE0022C05D90022074B110001207E
:10F750001B689847054B01212000DE51FFF755FF3C
:10F760000125280005B0F0BD58060000500100003A
:10F77000024B3933187801231840704750010000BC
:10F78000024B393318788007C00F704750010000D2
:10F79000054A0300D068002800D1704782889A4249
:10F7A000FBD00068F7E7C0465001000070B50C00C0
:10F7B00015001E00FFF7ECFF0100472000290DD0C7
:10F7C00007220B7A002013403370CB882B800A7AF3
:10F7D0007F2A03D92402DBB21C432C8070BD0000B9
:10F7E0000B4A70B515003E323F352B781278352420
:10F7F0009A420BD9002401332B70A14206D0FFF7A7
:10F80000C7FFA04202D0437A01334372200070BD8B
:10F810005001000010B5084B3F331A78013A1A70B6
:10F82000002906D0FFF7B4FF002802D0437A013B3D
:10F830004372002010BDC0465001000010B50548BD
:10F84000C368002B00D110BD0C3023F093FF23F0D0
:10F85000D9F8F4E75001000070B50400012825D064
:10F86000022816D000280DD11B49072023F040FAAA
:10F870001A4D0C222100280025F022FB28000C3014
:10F8800023F01AFF200003F077FE2000FBF748FB6F
:10F8900070BD03F075FDFFF7D1FF0020FFF7CCFE30
:10F8A0000120FFF7C9FE2000FFF7C6FE200001F08F
:10F8B00055FC0A4B002219003F31DA860A705A6162
:10F8C0001A00FF2145321170012207205242F739F8
:10F8D0001A8323F069FAD5E774FA00185001000082
:10F8E000024B383318780723184070475001000046
:10F8F000024B383318788006C00F70475001000063
:10F9000010B50E4B0200588B002815D0801880B21D
:10F91000062A11D91900383109788C0601D4023829
:10F9200080B2082A08D936331A7805231A4201D042
:10F930004B0701D4023880B210BDC0465001000010
:10F94000014820307047C046500100000148303067
:10F950007047C046500100000A0B0C0D0E10002825
:10F960000002000000000328000200000000002A3E
:10F970000002008020000328000200000000012A8D
:10F980000002008002000328000200000000042A98
:10F990000002008008000328000200000000A62AE0
:10F9A0000002008001000328000200000000C92AB4
:10F9B0000002008001000000134A70B5904213D08D
:10F9C000124A90420CD00024114D2200A84201D1CD
:10F9D000104A3234E4001419A24208D1002012E087
:10F9E0000B240B780C4AF5E703240C4AF2E71000CD
:10F9F00008321500083D2D889D42EDD14268101E49
:10FA000001D01800904770BD0211000004110000E1
:10FA10000111000080FA001828FC001810FC0018E2
:10FA200070B51D00074B0C0007481978042322F01D
:10FA300027FE0C3C63894580038022F045FE0020B0
:10FA400070BDC046040600001D0D0000190010B571
:10FA5000030A04000D2B08D18A4206D004480B3B50
:10FA600022F00EFE048022F02FFE002010BDC046C2
:10FA7000AE0D000080FC00189C0100000100230076
:10FA800039200000F91D011836200000F91D011869
:10FA900037200000F91D0118030C00009D05011816
:10FAA000010C00009D050118012000009D050118B2
:10FAB0004F2000009D050118502000009D050118F1
:10FAC0001F2000003D090118142000009D050118A9
:10FAD0000110000031060118242000009D050118C6
:10FAE00023200000FD0601182F200000390701180F
:10FAF0004B200000A10801184C200000F10801185B
:10FB00004D2000009D050118312000009D050118C1
:10FB10000F200000C10B0118112000007D0A011800
:10FB2000102000007D0A011838200000F91D01187E
:10FB30003E200000F91D01183F200000F91D0118AA
:10FB400040200000F91D01183A200000210801188A
:10FB50003B200000650801183C200000F91D011839
:10FB60003D200000F91D0118412000006925011801
:10FB7000422000006925011845200000C52F01180A
:10FB800046200000C52F011859200000FD2F011844
:10FB90005C200000C52F0118472000007D0A0118D5
:10FBA000492000007D0A01184A200000350C011888
:10FBB0000E200000812B0118052000003D350118A2
:10FBC000352000003D35011807200000B50601185A
:10FBD0002A200000FB0B01182B200000710C0118DB
:10FBE0002C200000710C01182D2000007D07011849
:10FBF0002E2000007D070118272000007D0A011833
:10FC0000292000007D0A01184E2000007D0A0118FD
:10FC100043200000812B011844200000C52F01184B
:10FC20005E2000009D1001180D000000DD25011868
:10FC300011000000092701180E00000021300118F2
:10FC40000F0000004D31011810000000AB31011809
:10FC500018000000AD3001180A000000B9160118A4
:10FC600008000000CD070118090000004510011828
:10FC70001200000075200118130000000D2001186B
:10FC8000FFFF00004DFA0018050D0000A901011842
:10FC9000060D000011020118140D0000CD0E011810
:10FCA000160D00001D0F0118170D0000610F01183F
:10FCB000290D0000C50F01182B0D00001D100118A3
:10FCC000190D0000610F0118000E0000AD2A011887
:10FCD000060E0000152B0118F20D00006D2A011808
:10FCE000AF0D0000312F0118F30D0000853401180D
:10FCF000F10D0000AD340118080D0000D5340118D5
:10FD0000000D00001D350118910D0000C5090118F6
:10FD1000900D0000210A01181B0D0000410301187D
:10FD2000F00D000021FA001802110000B9F90018C6
:10FD300004110000B9F90018230D0000BD030118DB
:10FD4000240D0000F5030118250D00005D040118C5
:10FD5000260D0000AD040118A00D0000611401186B
:10FD6000A10D000019150118A20D0000951501182C
:10FD7000A30D000011160118A60D0000B11C0118FA
:10FD8000040D0000D5FF0018020D00003DFF001813
:10FD900001110000B9F90018B8A1000073B5594E5F
:10FDA0000D003468002C00D1A9E02378032B00D08B
:10FDB000A5E0002900D09DE00138042804D825F0F2
:10FDC00037F84D243875810007214F4822F0B6FBE3
:10FDD0006378002B02D1E38D002B16D04B4A03230E
:10FDE00000214B4822F04CFC23002F342E3319788D
:10FDF00024784B424B4162426241520013430370EC
:10FE00008470417004F0F4F973BD6378002B05D160
:10FE1000238E002B02D1638E002B0AD004230021F5
:10FE20003C4A3B4822F02CFC238E0380638E4380A7
:10FE3000E8E76378002B07D1638C1B2B04D12E33AA
:10FE4000A28CFF339A4209D004230021324A304861
:10FE500022F016FC638C0380A38CE8E7A27E0721C6
:10FE600013008B4303D02D4B03201B6898473200AF
:10FE7000072038321378A17E83430B4313706288C6
:10FE8000131C952A00D8962325489AB2824201D99C
:10FE9000244B1B88F3834B0708D502230021224AF9
:10FEA0001B4822F0EDFB63880380ABE7A37E5B0772
:10FEB00008D5012300211D4A154822F0E1FB01234A
:10FEC00003709FE70120A37E034213D16578002DC4
:10FED00010D06B460625D91D154C164B22001B6809
:10FEE0000D709847002804D02A002000124924F001
:10FEF000CBFF002529000020FFF7B6FB84E7412552
:10FF0000F8E7C04650010000F10D0000312000006C
:10FF1000051100004D2000002420000058060000BC
:10FF2000B8A1000098FD00182E2000002D20000030
:10FF3000800100001006000060360318F7B50E00BF
:10FF400035781900012D29D121F0A4FC6B46062734
:10FF5000194CD91D2660194B194E280032001B6818
:10FF60000F709847002804D03A003000154924F05B
:10FF70008BFF154DFB2029780231F3F7AFF8FE23F4
:10FF80000021A3832B78080040342370FFF76CFB1B
:10FF90000720002122F008FF0120FEBD1D2D05D104
:10FFA0000A4B0B481B6898470020F6E740222800C0
:10FFB000FFF764FAF8E7C0465001000010060000A1
:10FFC0008001000060360318050600000C060000E2
:10FFD000C3C3C3C303230020F0B585B002AA1371C5
:10FFE000507103AA0C00FFF76BFB0700012800D03B
:10FFF000C9E06A4B6A4D1B78667863706B68432171
:020000041801E1
:10000000002B00D0BCE02B002A00373347321B788E
:100010001278134300D0B3E0A18C608CFFF7E6FAAE
:100020004021002800D0ABE02B00383318705B4B28
:100030001870F5F7A1FF05220A23324033400A2B3E
:1000400077D0052A75D00722238CDB10134214D0F9
:100050000420FFF755FC0723228C0C21D2101A40F4
:10006000013A920092B2F5F7B1FC0420FFF748FC88
:10007000802212011100F5F7A9FC0722238C1342FC
:1000800013D00220FFF73CFC0723228C0C211A40DE
:10009000013A920092B2F5F799FC0220FFF730FC8A
:1000A000802212011100F5F791FC022003F064FA9E
:1000B0000F2333402E0036363370FFF7BFFB2B0083
:1000C00000223F331A7023002A002A331B783E3265
:1000D00013700322337893432A003932002B5BD00C
:1000E0000221E37E0B4251D013708222E38C9200F6
:1000F00093424DD32B4B6B87228D9A4200D91A0025
:10010000172A00D21722AA872800210010222030A7
:100110000A3124F0B9FEA37EDB0705D528000622AC
:100120003030211D24F0B0FE00210800FFF736FE1C
:1001300029E0208C1F2143060AD52900383101917E
:100140000B789C46202361460B4301990B707F215D
:10015000002A05D0A37E5B0702D5C0235B001943AC
:10016000C30502D5C023DB001943A08BFFF73EF97E
:10017000011E05D1E08BFAF7C7F9011E00D162E735
:100180000020FFF771FA380005B0F0BD8B43ABE7F4
:10019000172BB0D21723AEE71370B5E78601000026
:1001A000500100000702000073B504236A460020D6
:1001B0001371507101AA0C00FFF782FA05000128A3
:1001C00019D105220F4B36331B781A40052A04D06B
:1001D00002221800104013420FD0052300210A4AC2
:1001E0000A4822F04DFA06000522611C24F04CFE5C
:1001F000300003F0FDFF280076BD4321FFF734FAFD
:10020000F9E7C0465001000014200000051100006D
:10021000F0B50F0085B03B49160068460F221D005F
:1002200024F032FE6A4639000020FFF749FA040044
:10023000012808D13878212817D81B2806D8053876
:10024000C3B2042B0AD9200005B0F0BD1C38052824
:10025000F9D824F0E3FD39F8F83C474D0428F2D8EA
:1002600024F0E6FD11153042320095283ED00300FF
:100270005433DBB2032BE6D8AC380328E3D824F0A0
:10028000D7FD393B3D3F204804F004F8DBE7082365
:10029000290032001D4822F0F3F91D4906223031B1
:1002A000050024F0F1FDFFF71BFB01231840FE338E
:1002B000A871EB71280022F007FA00210800FFF76F
:1002C000D3F9C0E71348DFE742210020F7E7012315
:1002D0000021114A114822F0D3F91F23037003F0C3
:1002E00087FFB0E70E48CFE70E48CDE70E48CBE7D3
:1002F0000E48C9E70E48C7E70E48C5E70E48C3E7F2
:100300000E48C1E78809011801100000080D00001F
:10031000500100000720000023200000051100000C
:100320002F2000000F2000004A2000002A2000009B
:100330003B2000003A2000004B2000004C20000031
:10034000F0B585B0002001931B23009202AA13711F
:10035000507103AA0C00FFF7B3F90500012827D15B
:10036000A088C3B2102B02D1FFF712F9A08002AB14
:100370009F1D3900200003F047F9061E14D1237990
:10038000092B03D13888FFF7EFF838800623009A4D
:100390000199094822F074F9638803803B884380FF
:1003A000E388838022F090F931000020FFF75CF9A8
:1003B000280005B0F0BDC0461C0D000073B5282311
:1003C0006A46002613715671012001AA0C00FFF73E
:1003D00077F90500012809D10548611C1022203059
:1003E00024F052FD31002800FFF73EF9280076BDC9
:1003F0005001000037B529236A460020137150715F
:1004000001AA0C00FFF75CF90500012822D16088E1
:10041000FFF7BEF94021002819D1A088C3B2FF2BF5
:1004200015D0102B02D1FFF7B3F8A08001210C20CA
:1004300022F05EFA638801008380A3790372237936
:100440000024C3804472044823F04CF921000020AA
:10045000FFF70AF928003EBD5C01000073B52A23AE
:100460006A4600201371507101AA0C00FFF728F9A9
:100470000500012813D16088FFF78AF93A26041E87
:1004800009D0467A002E0CD10100074823F07CF9F0
:10049000200022F0B7FA31000020FFF7E5F828002D
:1004A00076BD4326F7E7C0465C010000F7B50C00B7
:1004B000344904220F3101A824F0E6FC2100002079
:1004C00001AAFFF7FDF80500012809D121782C29A0
:1004D00008D02D292CD02B294DD12B4803F0DAFE42
:1004E0002800FEBD52230021284A294822F0C8F8DE
:1004F00063784B2603702379437063798370A37903
:10050000C370E3790371237A43710023617A8171A7
:100510000A004B2900D93200934202D303F068FE4F
:10052000DEE7E718BF7AC2180133D771DBB2EFE715
:1005300052230021174A164822F0A2F863784B266E
:100540000370A3784370E37883702379C370A37931
:100550000371E37943710023617A81710A004B29A9
:1005600000D932009342D9D2E718BF7AC2180133BA
:10057000D771DBB2F2E7084B002203201B689847D3
:10058000AEE7C046880901181F2000004F20000078
:100590000511000050200000580600001D4B10B54A
:1005A0000C00984220D00AD81B4B98420CD01B4B11
:1005B000984212D01A4B984222D0002010BD194BFD
:1005C000984218D0184BF6E70978002901D0703905
:1005D000C9B20120FFF7E2FBEFE70978002901D05B
:1005E0007039C9B20220F5E70978002901D07039C5
:1005F000C9B20320EEE70020FEF728FF0B4B18835B
:100600002178002901D07039C9B20020FFF72CF8F9
:10061000D3E7C0464D200000242000003120000018
:10062000142000004F200000502000005001000066
:1006300010B507200C0022F025FC082829D0002046
:10064000FEF7EEFE4121052820D12378002B22D190
:100650000020FEF7FBFE0C2301000722134822F0C6
:100660000FF863780370638883802389C3802379BC
:100670004370E38843810A238370013B038122F0A6
:1006800023F82178002901D07039C9B20020FEF783
:10069000EBFF002010BD0022054B11001B6801205C
:1006A00098472378002BECD1D2E7C046070D000015
:1006B0005806000070B500200D00FEF7B1FE412481
:1006C000060007280FD12C78002C12D12000FEF74D
:1006D000BDFE012301003200074821F0D1FF6B78F5
:1006E000037021F0F1FF21000020FEF7BDFF002084
:1006F00070BD703CE4B2F6E7090D000010B50720AC
:100700000C0022F0BFFB082812D00020FEF79EFE4E
:10071000042301000722074821F0B2FF6388038009
:10072000A388438021F0D0FF00202178FEF79CFFB2
:10073000002010BD1E0D000010B507200C0022F097
:10074000A1FB082816D00020FEF780FE0823010038
:100750000722094821F094FFE38883802389C3801E
:1007600063880380A388438021F0AEFF00202178B6
:10077000FEF77AFF002010BD1F0D000070B50500C8
:1007800007200C0022F07EFB082805D00D4B9D426F
:1007900007D00D4B9D420ED041210020FEF764FF93
:1007A00007E02178002901D07039C9B20520FFF790
:1007B000F5FA002070BD2178002901D07039C9B246
:1007C0000420F4E72D2000002E20000070B5022048
:1007D0000C00FEF725FE2F281ED16378002B17D1C1
:1007E0002D38FEF733FE4023010007220B4821F08D
:1007F00047FF05002022A11C24F046FB2800210011
:1008000020222030223124F03FFB280021F05CFF21
:1008100002206178FEF728FF002070BD2C0D00003B
:1008200010B500200C00FEF7FBFDAD2813D1207899
:1008300000280CD1FEF70AFE022301000722074818
:1008400021F01EFF064B9B8B038021F03DFF002013
:100850002178FEF709FF002010BDC046AA0D000058
:100860005001000070B500200C00FEF7D9FDAC2847
:1008700012D1207800280BD16578FEF7E7FD01231F
:1008800001000722054821F0FBFE057021F01CFF46
:1008900000202178FEF7E8FE002070BDAB0D0000BF
:1008A00070B507200C0022F0EDFA08281BD00020BC
:1008B000FEF7B6FDAE2816D1207800280FD101260C
:1008C0000225A6576557FEF7C1FD02230100072246
:1008D000064821F0D5FE0670457021F0F5FE002097
:1008E0002178FEF7C1FE002070BDC046AC0D0000AF
:1008F00070B507200C0022F0C5FA082819D0002096
:10090000FEF78EFDAF2814D1207800280DD166881F
:10091000A588FEF79BFD042301000722064821F06D
:10092000AFFE0680458021F0CFFE00202178FEF743
:100930009BFE002070BDC046AD0D0000087810B5CC
:100940000C0000280ED14B88002B0BD0FEF77EFD4B
:100950000223010007220A4821F092FE63880380E7
:1009600021F0B2FE0122074B217852421A8300295E
:1009700001D07039C9B20020FEF776FE002010BD0C
:10098000270D0000500100000506071C1F200895D8
:1009900021ACAD09AEAF002B2C2D000070B50500C9
:1009A00000200C00FEF752FD02230100072204483C
:1009B00021F066FE0570447021F086FE70BDC046D1
:1009C000920D000037B50D000422104901A824F053
:1009D0005BFA2900002001AAFEF772FE040001283C
:1009E0000DD12B78912B0CD0922B0CD0902B06D1C3
:1009F0000022074B074849331A7003F04BFC2000D4
:100A00003EBD0548F9E70548F7E7C046D40C011894
:100A100050010000102000002920000049200000A3
:100A200073B50C0012490222043101A824F02CFAFB
:100A30002100002001AAFEF743FE0500012815D180
:100A400022780021223A53425A410A4B0A48D218CE
:100A5000072321F015FE0600E37906220370611CCE
:100A6000013024F011FA300003F0C2FB280076BDFB
:100A7000D40C01182B20000005110000F8B5060069
:100A800000200C00FEF7CCFC03007033DBB24121E8
:100A9000022B06D82178002908D07039C9B2002964
:100AA00004D00020FEF7E0FD0020F8BD3E4B3F4A99
:100AB0009E4204D1110049310B7801330B70156847
:100AC0006C7891281AD13A4B9E4217D10823002105
:100AD000384A394821F0D4FD2821060061436F18B7
:100AE0003B7A0231037006226918013024F0CCF9F8
:100AF0007B7A3000F37103F07BFBD5E7211ED0D069
:100B00002B78013CE4B2912B1CD0922B39D0902B46
:100B100014D10021244A893B274821F0B1FD072147
:100B200006224C432B191B7A023406000370291944
:100B3000013024F0A9F9300003F05AFB6B78013B37
:100B40006B70B1E727230021194A1B4821F098FD5B
:100B500028214C432B191B7AA11C06000370062286
:100B60006918013024F090F921000A311022691827
:100B7000F01D24F089F930001A3410221730291999
:100B8000D7E7082300210D4A0B4821F079FDE40046
:100B9000A71C2C19237AEF190370637A0600C3711E
:100BA000062239000130C4E7112000005001000086
:100BB000272000004E200000051100004720000003
:100BC00010B507200C0022F05DF9082813D0002092
:100BD000FEF726FC412108280AD12378002B02D1F8
:100BE0006178FFF7DBFE2178002901D07039C9B2A6
:100BF0000020FEF739FD002010BD10B507200C00C5
:100C000022F040F9082813D00020FEF709FC41210A
:100C100021280AD12378002B02D16178FFF7BEFE8C
:100C20002178002901D07039C9B20020FEF71CFDDF
:100C3000002010BD10B507200C0022F023F9082871
:100C400013D00020FEF7ECFB412195280AD1237830
:100C5000002B02D16178FFF7A1FE2178002901D095
:100C60007039C9B20020FEF7FFFC002010BD000063
:100C700070B507200C0022F005F9082826D00020C6
:100C8000FEF7CEFB0300223BDBB206004121012B25
:100C900019D82078002811D1FEF7D8FB08230100CD
:100CA00007220B4821F0ECFC0500067006220130FB
:100CB000611C24F0E9F8280021F006FD21780029C4
:100CC00001D07039C9B20020FEF7CEFC002070BD03
:100CD000220D0000909192002223000070B50400C4
:100CE000072022F0CFF8082826D00020FEF798FB36
:100CF000172821D1114B47211E687378A34218D9B8
:100D00000020FEF7A3FB1623010007220C4821F068
:100D1000B7FC05000622B11C24F0B6F82101083109
:100D200071181022A81D24F0AFF8280021F0CCFC87
:100D300000210020FEF798FC70BDC0465001000065
:100D4000150D000070B507200D0022F09BF8082853
:100D500019D00020FEF764FB1A2815D10020FEF7F9
:100D600075FB0823010007220B4821F089FC0400D1
:100D70002900082224F088F8200021F0A5FC002199
:100D80000800FEF771FC70BD0022044B1100012029
:100D90001B689847F7E7C0461A0D00005806000088
:100DA00070B507200D0022F06DF8082819D000203A
:100DB000FEF736FB192815D10020FEF747FB10235C
:100DC000010007220B4821F05BFC040029001022DF
:100DD00024F05AF8200021F077FC00210800FEF7EB
:100DE00043FC70BD0022044B110001201B68984792
:100DF000F7E7C046180D000058060000F0B50400E3
:100E000089B007200D00039222F03CF8082829D071
:100E10000020FEF705FB182848D1002C42D1274BB3
:100E20001E68039B771C002B1ED10322290038006B
:100E300024F02AF83F22F37803991340327904A86A
:100E40001343F370102224F03BF80322390004A866
:100E500024F01AF8FEF774FD0122194B009204A940
:100E600022F0EDFD09B0F0BD2000FEF7EFFA0823F7
:100E700001000722134821F003FC06000322390079
:100E8000033024F001F829000322300023F0FCFF96
:100E900001233000B37121F017FC21000020FEF780
:100EA000E3FBDFE721007039C9B2F7E70022064B08
:100EB000110001201B689847D4E7C046500100008C
:100EC000FD0D0118080D0000580600007FB517231E
:100ED0006A46002613735673300003AA0C00FEF70F
:100EE000EFFB050001280BD16078B04204D03F220F
:100EF000E3799343402B06D040210020FEF7B4FB5A
:100F0000280004B070BD2100034BA21C08310096DC
:100F100022F082FFF4E7C046DD0C011873B51823F8
:100F20006A46002513715571280001AA0E00FEF7CC
:100F3000C7FB040001280AD13379C02B03D040211C
:100F40008B43AB4205D10021044822F08DFD2000E7
:100F500076BD2800FEF788FBF9E7C046FD0D0118B5
:100F60007FB50C0003221249060003A823F08CFF72
:100F70002100002003AAFEF7A3FB0500012805D1EC
:100F80000C4B9E4205D00C4B9E420CD0280004B066
:100F900070BD210000232A0000931131074B601C13
:100FA00022F04DFDF2E70021054822F05DFDEDE75E
:100FB000C4100118170D0000190D0000A10D011833
:100FC000450D0118F7B52E236A4600271371577196
:100FD000022001AA0C00FEF773FB0600012817D1BE
:100FE000412339000B4A0C4821F04AFB050020221E
:100FF000611C23F049FF28002100202220302131EC
:1010000023F042FF2B00403328001F7003F0F0F85C
:101010003000FEBD5E2000000511000013B52F2337
:101020006A46137100230220537101AAFEF748FBA0
:101030000400012802D1024803F02CF9200016BD5B
:101040002520000070B507200D0021F01BFF0828A7
:101050001CD00220FEF7E4F92E2817D16C78002C62
:1010600016D12C38FEF7F2F92023010007220A4896
:1010700021F006FB06002022A91C23F005FF30000A
:1010800021F022FB21000220FEF7EEFA002070BDC5
:10109000703CE4B2F6E7C0462A0D000010B5072008
:1010A0000C0021F0EFFE08280AD00220FEF7B8F964
:1010B0002E2805D12178002902D02C38FEF7D4FA49
:1010C000002010BD191A000030B50300084A094875
:1010D000127804689A4201DC002030BD9800205844
:1010E000002802D0C57B8D42F7D00133F2E7C0461D
:1010F000050600004C01000070B50C4E85003368F9
:101100005C59002C08D0637B012B09D1200001F031
:10111000E3F9200021F076FC002233685A5170BDBB
:10112000032BF6D1200001F0F5FEF2E74C010000A0
:1011300070B504000E001500818A072204230648BA
:1011400021F09EFA637B4370237B8670C570037029
:1011500021F0BAFA70BDC046A50D000010B50228F6
:101160001AD1002403E0E0B2FFF7C6FF0134104BB0
:101170001B78A342F7DC0F4B002219000831CA8705
:10118000190048310A80190041310A70191D013ACD
:101190004433CA871A7010BD0128ECD1044B0021DA
:1011A0001A78054B9200186823F08AFEE3E7C046E0
:1011B00005060000500100004C01000070B50E0053
:1011C00005000021300021F093FB041E0AD03200FC
:1011D000002123F075FE0023E373034B25731B6886
:1011E000AD00EC50200070BD4C01000030B5040093
:1011F0000F4805784320A54214D90E48A400006882
:1012000024584320002C0DD0607B0870A17B117006
:10121000607B002804D0032805D00122524203E05D
:10122000227B1A8030BDE28C00201A80FAE7C0468B
:10123000050600004C01000010B50124002802D171
:10124000FEF74EFB0440FEF74BFB430701D502239C
:101250001C43200010BD000070B5060001200D00E9
:10126000FEF7DEF8002801D1002070BD114C2300EC
:1012700044331A78104B1B789A4205D300220F4B47
:10128000110001201B68984744340D4A23781268E6
:101290009B009C58002C05D1084B22002100012006
:1012A0001B6898473460638AAB42DDD1002301207C
:1012B0006382DAE7500100000506000058060000CE
:1012C0004C01000070B504000D1E26D10722818A52
:1012D0000323144821F0D4F9637B4370237B03700C
:1012E00021F0F2F9627B104B032A07D01A0001218A
:1012F000383212780A40617C0A430AD146331A78A0
:1013000001321A700123E37329000120FEF7ACF9C2
:1013100002E0200002F060F870BD007BFFF7ECFEF9
:10132000F2E7C046A40D00005001000070B50400B3
:1013300001200D00FEF798F9002D0AD1E37B022B66
:1013400006D1054B47331A7801321A700323E37331
:1013500070BD0123FBE7C0465001000070B50400DA
:1013600045290AD1C2681C4B134080229202934245
:1013700003D10022FFF7DCFE70BD01222000FFF741
:10138000D7FE164D47352B78013B2B70E37B042BA2
:1013900008D10120FEF744F8A52806D1002101203C
:1013A000FEF762F90123E373E6E7A628FAD12B786A
:1013B000002BF3D0207B03210130C0B2FFF784FE65
:1013C00000220500064B110001201B6898472800E9
:1013D0006B689847E6E7C04600FFFF005001000039
:1013E0005806000070B504000120FEF719F8124AF3
:1013F00046321378013BDBB21370A72807D10021D6
:101400000120FEF731F9207BFFF776FE70BDA8289A
:10141000F9D1002BF3D0207B01210130C0B2FFF7BE
:1014200053FE00220500054B110001201B68984760
:101430002800AB689847E6E7500100005806000016
:1014400010B5064B002146331A7801321A70012379
:10145000C3731800FEF708F910BDC0465001000024
:10146000F7B50C0005222749684623F00DFD6A46B2
:1014700021000120FEF724F90500012832D163780C
:10148000022B3DD80020204B204F1B783A68984211
:1014900004DB4B210120FEF7E7F823E08600915999
:1014A000002909D1C3B22078A03803280BD8210025
:1014B00023F0BEFC041A221E0130E8E7180000F0F9
:1014C000D5FA011EE6D16378002B0BD1104B3833CF
:1014D0001B78DB0706D53B68062298590D49163064
:1014E00023F0D2FC2800FEBD180001F007F8E8E761
:1014F000180001F0EFFCE4E7180001F019FAE0E74A
:101500004021C7E7E4160118050600004C01000061
:10151000500100008001000073B5A4236A461371D6
:1015200000230120537101AA0E00FEF7C9F805003F
:1015300001281CD1144A737812789A421FD9134A91
:101540009B0012689C58002C1BD0E37B032B10D10E
:101550000F4BE2681A4214D13100200023689847EB
:10156000011E04D00123E3730120FEF77DF828005B
:1015700076BD4321012BF7D10133E373ECE7402122
:10158000F2E74321F0E7C046050600004C010000E9
:1015900000FFFF0037B50C001A490322053101A8EE
:1015A00023F072FC2100012001AAFEF789F8050052
:1015B000012815D12378A52B14D1134A637812780A
:1015C0009A4217D9114A9B0012689858002816D0E1
:1015D000C37B4321032B0ED10423C3734368984775
:1015E00028003EBD03210020FFF76EFD0028F3D147
:1015F000010000E040210120FEF736F8F0E743212A
:10160000F9E7C046E4160118050600004C01000089
:1016100037B50C0023490322083101A823F034FC1C
:101620002100012001AAFEF74BF80500012816D180
:101630002378A72B15D11C4A637812789A4227D9B0
:101640001A4A9B0012689C58002C26D0E37B432149
:10165000012B1ED105232000E373A36898472800BF
:101660003EBD134B1A0046321178002911D0473382
:101670001878002813D12900FFF726FD041EE9D1B0
:101680000C4B020001001B6828009847E473FFDE42
:1016900040210120FDF7E8FFE1E72100F9E74321C0
:1016A000F7E7C046E4160118050600004C010000EB
:1016B000500100005806000070B5050007200C001E
:1016C00021F0E0FB08280BD06378002B08D1210023
:1016D0002800FDF7E3FE2379002B01D101F066F924
:1016E000002070BDA0A1A3A200A5A600A7A800008D
:1016F00070B5074D04002A0000210123054820F0A1
:10170000BFFF237B037002F073FD658270BDC0468E
:101710003C20000005110000002310B5C377034BE7
:10172000027B44331A70FFF7E3FF10BD5001000045
:1017300070B50C0005000823104A0021104820F065
:101740009FFF23005A1E93410370012343702B7B9C
:101750008370002C0CD0AA7F6388022A05D1094926
:101760001A1C8B4200D90A1C93B28380237983719F
:1017700002F03EFD014B6B8270BDC0463920000077
:10178000051100005046000070B58126B601040026
:101790000D00320000210223044820F071FF057083
:1017A000237B437002F024FD668270BD05110000AA
:1017B0000022094B017B443310B5C2771970047CB9
:1017C0004023210019401C4203D01100FFF7B0FF55
:1017D00010BDFFF7D9FFFBE750010000F0B585B061
:1017E00004000B780191002A13D0019A818B528852
:1017F00091420ED1027CA92B05D1A53B00201343B9
:10180000237405B0F0BDAA2B01D1A23BF6E710234B
:10181000F4E7AA2B62D0AB2B00D1B4E00120A92BB6
:10182000EFD1019B5E88F82E3AD8A37F0025032BC9
:1018300000D003350323F6B20293B3B203937319B6
:1018400004330021694A6A4820F01AFF237B07000D
:101850000370029B4370002383707319C370002DC3
:101860000AD002230371013B437103338371A37FC9
:10187000012B2ED0022B2FD0A18B019B281D0431D0
:1018800059183200381823F0FFFA380002F0B0FC83
:10189000564B039A6382A38BD318A3830120B0E72E
:1018A000A58B002D07D1A37FFB260290032BC4D06C
:1018B000F8260325C1E7761BB6B2FB2E04D8022317
:1018C0000025F6B20293B8E70023FB261D00029321
:1018D000B3E70623BB71CFE70523FBE7237C002595
:1018E0009B0700D40335FB26019B721B5B88934248
:1018F0002FDCDEB203230293B3B20393AB1904339C
:1019000000213C4A3A4820F0BBFE237B07000370CD
:10191000029B4370002383707319C370002D0AD09B
:1019200002230371013B437103338371A37F012BB6
:1019300024D0022B25D0A18B019B281D04315918DE
:101940003200381823F0A0FA380002F051FC294B7D
:101950009FE7A28B002A05D105267642761B01233C
:10196000F6B2C8E79B1A9BB2FB2B04D8DEB2022367
:1019700000250293C0E700250295BDE70623BB7151
:10198000D9E70523FBE7019B5D88FC2D1ED80327C3
:10199000EDB2EB1C0021184ADBB2154820F070FEB6
:1019A0000600237B857003704770A18B019B043177
:1019B0002A005918033023F067FA300002F018FCAF
:1019C0000D4B6382A38B5D19A58367E7A38B002B67
:1019D00006D0ED1AADB2FC2D05D80227EDB2D8E73E
:1019E0000127FC25D5E70027FBE7C046372000008C
:1019F00005110000382000003F2000000622F8B545
:101A0000037C1A40022A01D14320F8BD827BDC0707
:101A100003D5002A05D01C07F6D5022A01D1DA0623
:101A2000F2D5821CD47F0F4AE4070DD515001600AD
:101A300037352F780C4D483634782D783F19023DD4
:101A4000AF42E1DA013434700024C477047B4432BD
:101A50001470C27B032A01D15B06D5D4FFF768FE60
:101A60000020D2E75001000005060000F7B5894EBE
:101A70000190320033004132403312781B780C0061
:101A800043209A4212D0CB8801221D0015401342F8
:101A90000DD03200373211787F4A1278023A9142E3
:101AA00004D00A216279032A03D94020FEBD022115
:101AB000F8E7002A02D0032A00D00A21300036308D
:101AC00000780840844642206145EFD121798C4658
:101AD0000229EAD80421180008400B4203D0002A4A
:101AE000E3D19907E1D467461021002F1CD1194397
:101AF000E18060210B42D8D1002D05D05E3919401C
:101B000000280ED10029D0D005210B40042BCCD0C9
:101B1000637A032BC9D8013A012A1CD8002B1AD0AA
:101B2000C3E70029F0D0C0E718008843E080190718
:101B3000BBD46146012F0BD1023119400329B4D027
:101B40009B06E5D5531E012BAFD90029E0D0ACE7A9
:101B500023221342A9D1FDF7C3FE43072ED424212B
:101B60000198FFF72BFB05004B20002D9ED0002392
:101B70006B731F0023794A38AB73637844366B74F8
:101B8000FDF764FCA8820120EF776379A91CAB778D
:101B9000E288CB7F834310400343CB773F4B2B60DE
:101BA0003F4B6B603F4BAB60019B3370AB7BBB42E9
:101BB0000CD1530762D593070ED509E0E388DB0704
:101BC000CDD563784920022BC9D16FE7930755D54E
:101BD00001232A7C13432B741A23334A00213348F0
:101BE00020F04EFD7F222B7B06000370E38813401C
:101BF0004380636903711A0A1B0C42718371A369E4
:101C0000C3711A0A1B0C02724372237F8372637FB3
:101C10004375AB7B002B08D0631CDB7F8375A31C53
:101C2000DB7FC375E31CDB7F0376687CFFF704FB77
:101C30000427F072E3883B4225D021003000237C4A
:101C4000062233730A310D3023F01EF9637AF374E0
:101C5000237A3375E288802311005B0019401A4211
:101C600016D0FF3B73762A7C1F3313432B7430004E
:101C700002F0BEFA0C4B00206B8217E70223297C8E
:101C80000B432B7497E7FDF72BFE3842D5D1DDE7E8
:101C90007176ECE75001000005060000FD190118FF
:101CA000B11701181917011836200000051100009E
:101CB000F0B50D008FB004224B4905A823F0E4F8DD
:101CC0002900012005AAFDF7FBFC0190012800D0A6
:101CD00082E06B780093454B009A1B78934200D8C2
:101CE0007FE0434B92001B68D458002C00D176E073
:101CF000637B002B00D072E00222E37B43219343FD
:101D0000012B3DD12B78A92B30D1207C024237D03A
:101D10006988A67F0A00207C032E07D0A92B03D058
:101D2000AA2B03D1800701D4CA1C92B23148808B00
:101D3000904256D3A07B002801D11F2A51D8573397
:101D4000DBB2012B3ED806AF2E1D731820220021D6
:101D50003800029323F0B4F802233B70013B9C4609
:101D6000029BB34210D82DD04A2109E0AA2B02D100
:101D7000227C0198CAE7AB2BCAD1A27B022AC7D02A
:101D80000120FDF771FC27E07378092B12D8002B96
:101D900014D00720D9087A5C034010000393D84080
:101DA00063461842E0D16046039B9840030013430A
:101DB0007B5403E01A00173A052AEAD93378013335
:101DC000F618CDE700220B4B00994433A283200084
:101DD00019702900FFF702FD01980FB0F0BD4321F3
:101DE000CEE74021CCE7C0462021011805060000BF
:101DF0004C0100005001000073B505000E00010009
:101E000001A8FFF729FA002830D0019CE07B0528C3
:101E100000D9E6E023F00CF803465946AEDC744BDB
:101E20009D4230D03378002B22D1E377714B9D4215
:101E300029D1714B72785D68631CDA77A37B022B22
:101E400021D1063300216D4A6D4820F019FC237B17
:101E50000370AB8C4380EB8C8380EB881B0601D531
:101E60000623C38002F0C4F9644B6382002076BD70
:101E7000703BDBB2E377002BD8D0604B9D4202D1A0
:101E80002000FFF735FC638A002BEFD1E17F0029AA
:101E900004D1594B41331A7801321A702000FFF7F0
:101EA00011FAE3E73178002903D07039C9B200296B
:101EB00007D1514B012259682000FFF78FFC011E0A
:101EC000D4D10120FDF7D0FBD0E74E4A954207D18F
:101ED000E37F002B04D04022237C9343237409E04A
:101EE0003378002B24D1E37795422FD081239B01B7
:101EF0009D423AD0638A002BB8D1A31CDB7FDB075D
:101F000011D5E37F002B0ED03B4D2B0048331978C1
:101F1000002904D13C4B0A0003201B689847483530
:101F20002B78013B2B702000E17FFFF7FFF99DE745
:101F3000703BDBB2E377002BD6D081239B019D421F
:101F4000D8D100212000FFF7F3FBD3E74023227C08
:101F50001343A27B2374022ACCD15BB2002BC9DBD2
:101F600001212000FFF710FCC4E78023227C5B42A4
:101F70001343B3E7234A237C954225D14022934360
:101F80002374A37B022B03D100212000FFF7FCFB6D
:101F9000638A002B00D069E7A31CDB7FDB070ED52B
:101FA000154D2B0048331978002904D1164B0A002F
:101FB00003201B68984748352B78013B2B70002184
:101FC0002000FFF7CBF951E77F2213402374DFE7AE
:101FD000094B200041331A78013A1A70FFF702FAD0
:101FE00044E70022084B110001201B6898473DE799
:101FF0003C20000036200000500100003E20000080
:1020000005110000392000005806000070B5154A7F
:102010004B7812780C009A4222D9134A9B0012681E
:102020009E58002E1CD0F268104B1340C022920420
:10203000934215D1337C9B0612D508230722B18A1F
:102040000B4820F01DFB0500337B06220370A378AC
:1020500001308371E11C22F017FF280020F034FBCF
:10206000002070BD050600004C01000000FF00FFCD
:10207000A80D000070B5254A8B7812780E009A42A0
:102080003ED9234A9B0012689C58002C38D0E26845
:10209000204B1340C0229204934231D14022237C32
:1020A000934323744D783C2D2CD0432D2AD0002D02
:1020B0002AD1637C002B0CD0FDF712FC430708D417
:1020C000B088F8F7A9FCFF2803D021001631F8F7F3
:1020D000E7FCA31CDB7FDB070ED50F4E3300483334
:1020E0001978002904D10D4B0A0003201B6898477A
:1020F00048363378013B337029002000FFF72EF972
:10210000002070BD4525E4E70025E2E70506000054
:102110004C01000000FF00FF5001000058060000C5
:10212000A9AAAB0010B5FFF75DF910BD124B70B551
:10213000124A5E6804000D0006230021104820F0BA
:102140009FFA05703379B21C4370A37B012B09D130
:102150008023DB0043800023838002F049F8074B93
:10216000638270BD002B03D18022D2004280F3E74E
:1021700093894380D389EFE750010000422000009B
:102180000511000010B5044B027B443300211A7086
:10219000FFF7CCFF10BDC04650010000314B70B5B9
:1021A0001A004232127805004320FF2A4FD18A7864
:1021B0008E1C0338052A4AD8B178022947D8AA7359
:1021C0007278920603D40122297C0A432A741900EA
:1021D0002A7B443142330A701A7000211023224AAC
:1021E000224820F04DFA0400687CFFF725F8002310
:1021F000FD2220706370AB7B033B134201D10123AE
:1022000063706A7C7378012A05D1DA0603D502224D
:1022100061780A4362700121180008400B4217D10F
:10222000A0709A070DD50421A2781B07114306223E
:102230004243A1703189A218D1807189DB0F1181CD
:102240001371200001F0D4FF0020074B6B8270BD9A
:10225000A170B288E280F28822819A101140217127
:10226000DFE7C046500100004120000005110000DA
:1022700010B5041E05D110BD200021F07BFA20F01E
:10228000C1FB2368002BF7D1F5E70000F0B589B05A
:1022900005930D0016000B1E009000D00B8AF27DF6
:1022A0008B489B189BB2009A02931A33918A9BB277
:1022B000072220F0E5F900240700A54248D12000BC
:1022C00031001A301831F27D381822F0DDFD029B02
:1022D0003B83009B997B01294BD8338808221C0043
:1022E0001440134200D18AE0DA0603D412221342CA
:1022F00000D084E0009B0433DC6F002C12D000255A
:10230000F31C0193B378029301990622200022F076
:10231000ADFD011E03D1A379029A934223D0073465
:102320000A2D1DD138000C3820F000FA09B0F0BD9C
:10233000280021F01FFA01900279411D039822F034
:10234000A3FD019B187924181800A4B220F05AFBB1
:1023500023001A33FB1803932B68002BE8D1AEE758
:102360000135EDB2D0E70A2DDCD00622200022F0A4
:10237000A7FD33881A0700D49EE0DA06D20F023296
:102380007A70DA0703D5102279780A437A709A07AF
:1023900003D5202279780A437A705B0703D540235E
:1023A0007A7813437B70059B002B03D008237A783F
:1023B00013437B70009B1B7B3B70737B7B74337B75
:1023C0003B74737ABB74B37AFB74F37A3B75F3890D
:1023D000FB82B378FF2B72D13B7233885B070AD53F
:1023E000012231003800337C11311340FB73053278
:1023F000093022F049FD380020F066F996E76B4677
:1024000038001A7A00231A309A4200D88AE7C51891
:10241000AC466D78012D0AD163469B782B420BD1D7
:102420009B0700D17EE7002900D07BE706E0C55C72
:1024300001355B19DBB2E7E70129F1D1002C98D116
:10244000B3780622234906A8029322F01DFD009BC3
:102450001D1DEB6F002B08D10221462020F048FA09
:1024600046222100E86722F02BFD0024EB6F039346
:10247000E3B20493072363430193019A039B06A9E4
:102480009D182800062222F0F1FC002803D0013418
:102490000B2CEDD16DE7049B0A2B00D169E70622D6
:1024A0002800F11C22F0F0FC009B019A0433DB6F42
:1024B0009B18029A9A715CE7DA06D20F60E7012254
:1024C00013403B72B81CF11C053222F0DDFC84E79E
:1024D000A70D000034270118031D70B50400D86F44
:1024E000002801D020F08EFA250080341C35280009
:1024F0001435FFF7BDFEA542F9D170BD70B5164B7E
:10250000040036331B780D00DA0704D405221A4084
:102510004323052A1ED1687800F040FF402300289D
:1025200018D020008421FEF749FE4B23041E11D051
:10253000012060736B786374FCF788FF074BA082FF
:102540002360074B00216360064B2000A360FEF769
:10255000B9FE0023180070BD500100009D21011834
:10256000852101182521011837B504000D0001004F
:1025700001A8FEF771FE002805D00198C37B022B4D
:1025800003D0042B1BD000203EBD2978002903D0A6
:102590007039C9B200290DD10D4B9C4203D10121E4
:1025A000FFF7C4FDEFE70B4B00219C42EBD1FEF798
:1025B000BDFEE8E7FF22084B42331A70F7E7FF221F
:1025C000054B002142331A70FEF7C8FEDBE7C04618
:1025D000412000004220000050010000F0B5484BAF
:1025E00087B0059142331B78FF2B0BD0454A9B00E7
:1025F00012688D1C9F5800230193059B019A5B78FC
:10260000934202DC002007B0F0BD2B880493BB7B13
:10261000032B02D9049BDB0727D5EB1C02933B005D
:102620001C331E00002403933368002B0BD0B27BB5
:10263000AB789A4207D1300006220299083022F086
:1026400015FC002816D014341436642CECD1002468
:10265000049B03215A11032313400A420DD1012385
:102660002A0021003800FFF711FE019BFE350133DF
:102670000193C2E71C343C19EAE7022B04D13B7CEE
:10268000DB0724D50023EBE7012BEED1002C17D17B
:10269000133318006043039A12580492002A1AD187
:1026A0003E1833000400AA782A3324301A700299A5
:1026B0000622381822F0E8FB049B1C343C19B38531
:1026C000E87D0221083020F013F9061E07D1200012
:1026D000FFF7CEFDC9E70134052CDAD1C5E72900A3
:1026E000EA7D18313271701D22F0CEFB31002000DE
:1026F00020F0F8FFEB7D228A9B182382B5E7C046C5
:10270000500100004C01000010B5084B42331A780C
:10271000FF2A08D00649920009685058FF22452137
:102720001A70FEF71BFE002010BDC04650010000CD
:102730004C01000000000000000010B5FEF752FE42
:1027400010BD000070B5837B0400012B03D107216D
:1027500006481FF0F3FE064D064B227B280044334B
:102760001A7001F097FD658270BDC046F20D000041
:102770000E2000005001000070B53A230600304AD8
:102780000C00304800211FF07BFF0500707CFEF735
:1027900053FD6870B37B012B4FD000232B702300B7
:1027A000210036331B780622AB70E81C303122F052
:1027B0006BFB0723012261780B406B7200231142EF
:1027C00010D0A3886B81E388AB81A389EB81E38977
:1027D0002B82A38AEB82E38A2B83238A6B82638A10
:1027E000AB8213008A070ED5208B1A01AA18D0815C
:1027F000608B01331082208CD082608C1083A08B80
:102800005082E08B90824A0711D522891B01EB1878
:102810005A8162899A81A28CDA81E28C1A82A28D15
:10282000DA82E28D1A83228D5A82628D9A82280082
:1028300001F0DEFC024B738270BD2B70B9E7C0461D
:10284000432000000511000070B5254C0500230051
:1028500043331B784320FF2B40D1230037331A78B2
:10286000230048331B78D2181E4B1B78023B9A4238
:1028700034DA8B788E1C0338022B2FD838310A7843
:10288000012A2BD82A0000215532AB731170012B7D
:1028900014D12800382231001C3022F0F5FA230030
:1028A00049331A782B0054331A707388002B05D0E3
:1028B0000A2207215A430C481FF0A6FD22002B7B59
:1028C00044321370220043321370483423782800B6
:1028D000013331002370FFF74FFF002070BDC04669
:1028E0005001000005060000F20D0000F8B50E4C86
:1028F00016002300FF2243331A70230048330F00D1
:1029000019780500002904D1084B0A0003201B6830
:10291000984748342378013B2370002F03D03100BF
:102920002800FEF71BFDF8BD50010000580600000E
:1029300070B51A4B040036331A7805230D001A407F
:102940003E33052A27D1487800F028FD402300288F
:1029500021D0FCF7C5FF430703D56A784923022A33
:1029600019D020005821FEF729FC4B23041E12D059
:10297000493B43736B7843740120FCF767FD084BB8
:10298000A0822360074B00216360074B2000A360F7
:10299000FEF798FC0023180070BDC04650010000EF
:1029A00049280118452701183B27011870B52A4B03
:1029B0002A4A43331B7812689B009C580500002C60
:1029C00005D1274B2200210001201B689847FF2DCD
:1029D0003AD0637C002B08D0FCF782FF430704D475
:1029E000210028001631F8F75BF8A67B012E11D0E4
:1029F000022E03D0002E27D0002070BD290208250A
:102A000001230722294317481FF03AFE06701FF0E2
:102A10005BFEF1E7250054352978002904D1104BDD
:102A20000A0030001B6898472B78013BDBB22B7003
:102A3000002B05D0210020001C31FFF79DFEDBE7B5
:102A4000072109481FF07AFD200000220121FFF72D
:102A50004DFF0120D1E7C046500100004C010000AD
:102A600058060000050E0000F20D000070B50C4B7A
:102A700043331D78FF2D11D00A4BAA001B680A486A
:102A8000D4580722022311001FF0FAFDA523457038
:102A900003701FF019FE452355342370002070BDCC
:102AA000500100004C010000A20D000070B50C00A8
:102AB0001900154B43331A78FF2A13D0134B920099
:102AC0001B68D058050055352B78002B05D162784E
:102AD000002A01D0703AD2B22A702378012B03D099
:102AE000022B06D0002070BD19002A78FFF7FEFEE9
:102AF000F8E7072206481FF0C3FD012303701233D5
:102B000043701FF0E1FDEDE7500100004C010000B3
:102B1000040E000070B5174A0D0043321278FF2AE8
:102B200026D01E0A8B88144992000968083352582F
:102B30009BB2918A114807221FF0A2FD01210400D7
:102B40003000F7F7BFFF06220100200022F09CF9B9
:102B500001213000F7F7B6FF83792000A3712A79AD
:102B60000830E271A91D22F08FF920001FF0ACFDA2
:102B7000002070BD500100004C010000120D00004B
:102B800037B50C00010001A8FEF766FB00281ED037
:102B9000019DEB7B032B1CD0042B2BD0022B16D1D9
:102BA0002478002C0FD0703CE4B2002C0BD0AB7B0F
:102BB000012B03D1072111481FF0C0FC2200002186
:102BC0002800FFF793FE21002800FEF7AFFB00204E
:102BD0003EBD2478002CFAD0703CE4B2002CF6D034
:102BE000072106481FF0AAFC220001212800FFF758
:102BF0007DFEECE72B0055331A78F6E7F20D000066
:102C0000F7B502001748184B00781B688000C01801
:102C10000190F020000101278446144D144E0198C4
:102C2000834201D100201BE0186800280CD0C46842
:102C30002C40B44208D1047C3C40624506D0002CB4
:102C400002D0C48C94420BD00433E8E7002CFBD1B3
:102C5000847B022CF8D10400283424788C42F3D1F0
:102C6000FEBDC046050600004C01000000FF00FF4D
:102C70000003000310B5FEF7B5FB10BDF0B585B03D
:102C80001C000AAB1B880D4F02930BAB1B780E0088
:102C9000150000213A000190039309480A231FF010
:102CA000EFFC029B0680C380039B857003728480C7
:102CB00001F09EFA019B5F8205B0F0BD5C20000030
:102CC00005110000F7B50192838C0F7A0500FF18FB
:102CD000BFB23B001A330E009BB2818A07221A480A
:102CE0001FF0CEFC2B7B07830370737904004374C1
:102CF00033790374019B002B13D1043331006370CB
:102D0000A88C27001A30327A2018093122F0BCF83A
:102D10001A37EB69002B06D1AB8420001FF0D4FCDE
:102D2000F7BD0C23EAE728001C3020F023FD01004A
:102D30000600027D1531380022F0A6F8337D300000
:102D4000FF181FF0F3FCE4E7A70D0000F0B51F4DDE
:102D5000027B2B0044331A70037C01261F00040001
:102D600085B0374033420FD0194DB34303742A0066
:102D70000223002117481FF083FCE38C038001F03D
:102D800037FA658205B0F0BD837B022B15D10300B5
:102D9000283303931878F7F75BFE0A2301000093AA
:102DA0003A003B0020000197FFF768FF039B1B7868
:102DB0009E406B69B3436B61E4E7074E45353000D5
:102DC00001F068FAFF2366822B70DBE750010000F8
:102DD000462000000511000045200000F0B58F7965
:102DE00004000D0085B08E1C012F31D94020022F28
:102DF00035D17079F7F72CFE324B010098422DD077
:102E0000314B5A6901230392727903989C46D04052
:102E1000184223D13079A0732000283002702A484C
:102E2000237B44300370604690400200039B1A43AA
:102E3000254B5A61B37B002B00D067466A7C20008B
:102E40000192AA886B8800923A00FFF717FF33E0DF
:102E50001D4B1A0045321178FF2902D0432005B0DE
:102E6000F0BD017B4433877319701170102300216A
:102E7000164A17481FF004FC00230370A37B0700C9
:102E8000002B1BD1290006220330083121F0FCFF62
:102E9000337BBB70737B7B70B37B002B03D002232F
:102EA0003A7813433B706B8838007B817388BB8111
:102EB00001F09EF9054B63820020D0E701230370E7
:102EC000EAE7C046FFFF0000500100004420000078
:102ED0000511000010B52C21FEF770F904004B20FD
:102EE000002C10D003234A386373FCF7AFFA064B6B
:102EF000A0822360054B20006360054B0021A36086
:102F0000FEF7E0F9002010BDDD2D01184D2D011850
:102F1000752C011810B50400E369002B01D1A384BE
:102F200010BD20001C3020F025FC1FF0FFFBF3E754
:102F3000F7B5B0236A46002713715771012001AA23
:102F40000C00FCF7BDFB0500012824D1164A63786C
:102F500012789A4221D9154A9B0012689E58BE42A7
:102F600020D0F268124B43211340124A934215D1EC
:102F7000337C034212D0104A042339000F481FF05B
:102F80007FFBF38C0380A378837001F031F90C4B45
:102F9000627844331A702800FEBD40210120FCF7FE
:102FA00063FBF8E74321F9E7050600004C01000048
:102FB00000FF00FF0003000359200000051100007E
:102FC0005001000013B50C00010001A8FEF744F900
:102FD000002805D00198C37B022B03D0042B09D015
:102FE000002016BD2178002901D07039C9B2FEF742
:102FF0009DF9F5E70021FEF7B1F9F1E710B50120E1
:103000000C00FCF70DFAB02807D12178002901D077
:103010007039C9B20120FCF727FB002010BD000069
:10302000F8B51F4B0C0045331B78FF2B2ED01D4AE3
:103030009B0012689E58002E28D04F78002F27D171
:103040004B88327CF38401231343B18A0722337403
:10305000154810231FF014FB0500337B0622037074
:10306000237BA11D4370E389438023790371237C73
:10307000437163790630837121F006FF2800EF81E8
:103080001FF022FBFF22064B45331A700020F8BDCB
:10309000390070393000C9B2FEF760F9F2E7C04676
:1030A000500100004C010000A90D0000F7B5488850
:1030B0000C00F7F7B1FC01000700F0200001FFF75A
:1030C0009FFD061E37D0FF2F35D06178002934D1FF
:1030D000E388027CC38401231343818A037407229B
:1030E000102318481FF0CCFA21000500337B06227C
:1030F0000370237C0A314370638A4380237A03710F
:10310000237D4371637A0630837121F0BDFEA3886D
:103110002800EB811FF0D8FA00220A23618801926F
:10312000009330001300FFF7A9FD0123BB40064ABE
:103130005169994351610020FEBD7039C9B2FEF753
:103140000DF9E9E7A90D00005001000070B50C0071
:103150004888FF21FFF754FD051E0BD0E679012EAC
:103160000AD0022E13D00025AE4203D10122210045
:10317000FFF7A8FD280070BD2100828C237A0C394E
:103180009B1883841C3020F0ADFA3500F2E7037CF5
:103190001D003540334205D000222100FFF792FD8B
:1031A0000025E7E7FFF7B6FEE4E710B54888FF2102
:1031B000FFF726FD002806D00122037C4621934319
:1031C0000374FEF7CBF8002010BD000070B50500B9
:1031D0000823818A072208481FF052FA2900062294
:1031E0001631040021F050FE0123A3712B7B200037
:1031F000E3711FF069FA70BD080D0000F8B5050015
:103200004478264B1B78A34223D9254FA3003A6864
:103210009E58002E36D0737B032B33D0737C002B4B
:1032200030D0F37B013B032B2CD86B78002B08D1DB
:103230001C4B0721DA8BFA239B005A431A481FF0D4
:10324000E3F8737B013B012B03D8AB78FF2B0DD147
:10325000AC70124B1A78134BA24216D0621C6A70E3
:10326000443300201C7000F021F8F8BD30003A68AB
:103270009B00995816300622163121F005FE3000C9
:10328000FFF7A4FF0134E4B2BBE7FF22443300217F
:1032900001201A70FCF7E8F9E7E7C04605060000D0
:1032A0004C01000050010000F10D0000F8B52E4C5B
:1032B0002E4A26004436337812689B009D58012818
:1032C00023D0023801280CD8230000224A330120E1
:1032D0001A70FCF7A5F8F0283FD16068FFF78EFF61
:1032E00012E007220523110021481FF0C9F9182315
:1032F00003706B7C4A34023B5A1E93419B0103715D
:103300001FF0E2F901232370F8BD2F00697B163707
:103310004A34002911D10723164A17481FF0B0F983
:1033200006002B7B062203703900013021F0ACFD32
:10333000300000F05DFF0323E5E7062300210F4A7C
:103340000D481FF09DF905000622390021F09CFD73
:10335000280000F04DFF0223D5E7FF23280033703B
:10336000FEF76EF8D0E7C046500100004C010000A7
:10337000160D00003520000005110000052000009A
:10338000002210B5034B07214A3303481A701FF07F
:10339000D5F810BD50010000F10D000010B50C4B28
:1033A0001A680C4B1B789B009B189A4201D1012094
:1033B00010BD1168002906D04C7B013C012C02D8BD
:1033C000497C814201D10432EFE70020F0E7C0469A
:1033D0004C0100000506000070B5457B0400437CED
:1033E000002D21D1002B06D12000062220491630C5
:1033F00021F04AFD0125637C1E4E002B0DD00721D4
:103400001D481FF0E5F8002807D1FA22F38B92003F
:1034100007215A4318481EF0F7FF237B2800443643
:103420003370FFF743FF70BD002BDDD00226134B36
:103430001A68134B1B789B009B189A4201D10025F8
:10344000D9E71168002907D0487B0138012803D843
:10345000CD7BB543012D01D00432EEE720000622DA
:103460001631163021F010FD2000FFF7AFFEC2E745
:103470008001000050010000F10D00004C0100002F
:103480000506000037B5F0236A46137100230120BA
:10349000537101AA0D00FCF713F90400012802D1B1
:1034A0002800FFF7ABFE20003EBD0000072210B54C
:1034B0001100032306481FF0E3F8F02300240370F3
:1034C0000F33447083701FF0FFF8200010BDC0461A
:1034D000F30D0000F8B51E000E4B0C001A004A3226
:1034E00017780020012F14D10B4A44331B7812683F
:1034F0009B009D5885420CD028000622163021F0F2
:10350000C3FC2B7B2000E3713200A98A1FF0FDF879
:103510003800F8BD500100004C0100000B7810B5D8
:10352000182B06D1044B4A331878012801D1FFF734
:10353000BDFE002010BDC046500100000B4B10B571
:10354000984204D00A4B984209D0002010BD094B84
:103550004A3318780228F8D1FFF7A8FEF5E7054BA3
:103560004A3318780328F0D1F6E7C046052000005A
:103570003520000050010000F7B50024142501900B
:103580001E4B1B78A34200D8F7BD019B012B27D00F
:10359000022B0FD0002B0AD1194B200019682B00E9
:1035A00063430A30C9180882C0B21FF0A1FB01347E
:1035B000E4B2E5E72E00124F66433B689B19588A38
:1035C000104B1B689847031E03D03A685B6890193C
:1035D00098473B689E19FF23308A18401FF096FCDD
:1035E0002A00074B62431B689B18FF225A82002265
:1035F0001A605A609A60DA60D9E7C0460606000091
:10360000A0010000A4010000F0B5224B85B0039199
:1036100004001B684088984706004020002E37D0E1
:103620001D4B142219781D4B4A431B681800D218F1
:10363000904205D10022D5B2A94208D8002022E04C
:10364000458A67881430AF42F2D1422020E014202E
:10365000504302901800478A01321433FF2FEAD1F9
:103660002700083700976378A2883668A11DB04705
:10367000002808D1094B029A1B689B1862885A825D
:103680001B8A039A1380044B1B78AB4200D14B205A
:1036900005B0F0BDA401000006060000A001000076
:1036A000F8B5050000240C4B1B78A34200D8F8BDE8
:1036B00014260A4F66433B689B19588A084B1B68BF
:1036C0009847031E04D0386829009B6880199847E2
:1036D0000134E4B2E7E7C04606060000A00100009E
:1036E000A4010000F7B50D00002401900C4B1B78DD
:1036F000A34200D8F7BD14260A4F66433B689B19C6
:10370000588A094B1B689847031E05D038682A0061
:10371000DB680199801998470134E4B2E6E7C046B6
:1037200006060000A0010000A401000010B5094A2F
:10373000094B117814224A431B68D218934201D1D5
:10374000002006E0190014339C1E24888442F5D121
:10375000C86810BD06060000A00100004388580498
:103760001BB2400C002B01DA0902084370470388A2
:1037700058041BB2400C002B01DA090208437047C1
:1037800030B50B4A040AC1B210781422094B4243E7
:103790001B68D218934201D1FF2306E018001433AE
:1037A0001D1F2D888D42F5D1438A2002184330BD5C
:1037B00006060000A001000030B50B4A040AC1B2A1
:1037C00010781422094B42431B68D218934201D14E
:1037D000FF2306E0180014339D1E2D888D42F5D17D
:1037E000038A2002184330BD06060000A001000035
:1037F0000B7903704B7943700B8883701B0AC3707D
:103800008B7903714B8843711B0A8371704703786E
:103810000B7143784B71C37882781B0213430B8082
:1038200003798B71837942791B0213434B80704774
:1038300070B50C0004AB1D88FFF790FF2102062431
:10384000020021430A2306481EF01AFF84235B006E
:10385000038000238580C38003811EF035FF70BD87
:10386000080C0000138870B50C001500002B11D057
:10387000FFF774FF210206240200082306482143B3
:103880001EF0FEFE102303702B8883806B88C3809C
:103890001EF01AFF70BDC0460F0C0000138870B5F3
:1038A0000C001500002B11D0FFF758FF2102062451
:1038B00002000823064821431EF0E2FE1123037094
:1038C0002B8883806B88C3801EF0FEFE70BDC046CF
:1038D0000F0C000070B50D001400FFF73FFF290228
:1038E0000625020029431A2307481EF0C9FE0123BA
:1038F0008380023BC380054B0472240A0380447218
:103900001EF0E2FE70BDC046190C0000150200005A
:1039100070B50C001500FFF721FF210206240200FC
:103920002143282309481EF0ABFE012304008380B5
:10393000023BC380064B290003801022083021F08F
:10394000A3FA20001EF0C0FE70BDC046190C000096
:1039500015100000F7B51E0008AB1F8809AB1B78D7
:103960000C00151E01931DD0FFF7F8FE3B0021024D
:1039700006240C33020021439BB20B481EF080FE4C
:103980000023C3804381019B0400037001238580D1
:10399000078143703A0031000C3021F075FA2000A5
:1039A0001EF092FEF7BDC0460A0C00001FB56C4623
:1039B00023731B0A63730C2301930A3B009303AB2D
:1039C000FFF7C8FF1FBD0623F0B54343852600203F
:1039D00083270232CB18994201D0002800D0F0BDD5
:1039E0000C88002C06D11478FF2C00D13800063149
:1039F0000432F0E755780C792C40A542F7D030001E
:103A0000F5E70623F0B543438526002083271132CE
:103A1000CB18994201D0002800D0F0BD0C88002CB2
:103A200006D11478FF2C00D1380006311332F0E7AC
:103A300055780C792C40A542F7D03000F5E7F0B569
:103A4000450006260020832702324D19A94201D0E5
:103A5000002800D0F0BD0C88002C08D11478FF2C71
:103A600005D154787443E45A002C00D03800043255
:103A70000231EBE7F0B5450006260020832711321E
:103A80004D19A94201D0002800D0F0BD0C88002CAF
:103A900008D11478FF2C05D154787443E45A002CD3
:103AA00000D0380013320231EBE7F0B58BB0099348
:103AB00010AB1B780892119A9B00D3180693040050
:103AC000002307910093A28A658A0099531B9942AB
:103AD00001DB0BB0F0BD162300994B43E318997D31
:103AE00002296ED11F8BBA426BD3009A52199742AA
:103AF00067DDDB7D00260493EB43DB19DBB2029329
:103B00001623029A53431833E3180393099B019336
:103B1000F3B20593079BB34253D0019B1B88002B44
:103B200056D1089AB300D25A1623029903984B43F0
:103B3000E318D97DF1F738FC002849D0009B013506
:103B4000ED18019B049A1D80009D5F801A71162359
:103B500002950135EDB26B43E218927D042A1CD127
:103B60001833E318129F119E0393069BB34214D09F
:103B70003B88002B29D1F378059A934225D116234F
:103B80006B43E3183288D97D0398F1F70DFC0028C8
:103B90001BD0638A01335B193B80638AA28A01339D
:103BA0005B19934206DC16236B43E3189B7D013BB4
:103BB000012BCCD8009A029B9B1A019A5371029B4D
:103BC0000093009B0133DBB27CE704360237CCE77D
:103BD000019B0136063301939AE7F0B58DB00B9344
:103BE00012AB0A921A7813235343139A0400D31882
:103BF0000893002309910193A28A638A0199039390
:103C0000D31A994201DB0DB0F0BD162301994B4345
:103C1000E318997D022972D11E8BB2426FD3019AAB
:103C20000399521896426ADDDB7D00250693CB434B
:103C30009B19DBB204931623049A0A9F534318334B
:103C4000E31805930B9B0293EBB20793099BAB42DE
:103C500055D0029B1B88002B58D1162104983B7825
:103C600041436118C97D05987A1CF1F773FB002860
:103C70004CD0039B019A01339B18029A019D13803B
:103C800013005680069A1A71162303950135EDB27A
:103C90006B43E218927D042A1DD11833E318149F58
:103CA000139E0493089BB34215D03B88002B2AD166
:103CB000B37C079A934226D1162169436118337861
:103CC000C97D0498721CF1F745FB00281BD0638A5C
:103CD00001335B193B80638AA28A01335B199342EB
:103CE00006DC16236B43E3189B7D013B012BCBD8ED
:103CF000019A039B9B1A029A5371039B0193019BA8
:103D00000133DBB277E713360237CBE7029B01358D
:103D100006330293133797E7F0B58DB00B9312ABD0
:103D20001B780A92139A9B00D3180893040000236F
:103D300009910193A28A638A01990393D31A994244
:103D400001DB0DB0F0BD162301994B43E318997DBB
:103D5000022971D11E8BB2426ED3019A0399521877
:103D6000964269DDDB7D00250693CB439B19DBB2D0
:103D700004931623049A0A9F53431833E3180593B8
:103D80000B9B0293EBB20793099BAB4254D0029B6F
:103D90001B88002B57D1162104983B7841436118AA
:103DA000C97D05987A1CF1F7D5FA00284BD0039B02
:103DB000019A01339B18029A019D138013005680CB
:103DC000069A1A71162303950135EDB26B43E2187A
:103DD000927D042A1CD11833E318149F139E049378
:103DE000089BB34214D03B88002B29D1F378079A63
:103DF000934225D116236B43E3183288D97D04986A
:103E0000F1F7D2FA00281BD0638A01335B193B809B
:103E1000638AA28A01335B19934206DC16236B4343
:103E2000E3189B7D013B012BCCD8019A039B9B1A85
:103E3000029A5371039B0193019B0133DBB278E734
:103E400004360237CCE7029B013506330293133761
:103E500098E7F7B5002405000E001F000092A3426A
:103E600001D1089B9C8831002800FFF780FC3100BD
:103E700001902800FFF772FCA31D02009BB201997C
:103E800000981EF0FDFB00230380089B05000771CE
:103E90004480002B07D01B8822000380089B05303C
:103EA000991D20F0F1FF28001EF00EFCF7BD0B88D5
:103EB00003701B0A43708B788370CB78C3700B79C7
:103EC00003714B7943718B79837107207047437875
:103ED00002781B0213430B8083788B70C378CB70FE
:103EE00003790B7143794B71837907208B7170478C
:103EF000F0B5124C00220127A446114B91420CDC74
:103F0000082200200F4C1900400821405B00013AB4
:103F100008439BB2002AF6D1F0BD0824855CDE0B75
:103F20006E405B009BB23E4201D066467340013C4E
:103F30006D08002CF3D10132E0E7C04621100000EB
:103F4000FFFF00008080FFFF10B50400F1F798FD2F
:103F50002000FBF781FC2000F6F7C2FA2000EFF703
:103F60009BF810BD10B5041E05D1094B02000100DD
:103F70001B6801209847074B012109209C601EF017
:103F800013FFA289A07B044B616820F0F9FE10BDED
:103F900058060000A80100009D3F011810B50B4C09
:103FA000A2689368002B01D050689847A0681EF063
:103FB00029FD2168002905D020001FF0DBFBFFF759
:103FC000D1FF10BD09201EF0EFFEFAE7A8010000A6
:103FD00010B5064909201EF08BFE002109201EF0B5
:103FE000E3FE03481FF068FB10BDC046884001187F
:103FF000A8010000F7B505000E0017000193052881
:1040000017D1022110201EF073FC019B0400868151
:1040100047608573836009201EF034FF002803D1B8
:104020002000FFF79FFFF7BD210005481FF05AFB56
:10403000F9E7044B0A001B68010003209847F2E7E8
:10404000A80100005806000070B50D000C3D28893D
:104050000C00FBF789FA2881E888FBF785FA220033
:104060006989E88008310520034B083A89B2FFF7D7
:10407000C1FF012070BDC0467D40011810B5043855
:104080001EF054FB10BD000094400118B401000064
:1040900001000100FFFF000049400118F8B50600CB
:1040A0000C3E05004B4BB088984212D04A4B9842C8
:1040B00034D04A4B1B78002B00D086E02C00484BB4
:1040C0000C3CC018052842D820F0B2FE39395059AE
:1040D000417D337A3F2B23D85A1E4249D2B2D408AD
:1040E0000F5D072422401741BC46012761463A0074
:1040F0008A4339420CD03E2B0AD12B783949013BF7
:10410000DBB2DA0889180A7C23401A4197433A0047
:10411000002ACED030001EF009FB47E03E23DBE74B
:10412000582BC6D8403BDBB22E4AD908521807217B
:10413000127A0B401A41130001229A43E8E72089C2
:10414000072300282ED001F081FB002802D1042192
:10415000A2882DE083789B069B0F012B13D0022BA6
:1041600031D00321002BF3D107231BE0207A01F08B
:104170009FFB0028EBD0032243781340EDE728781B
:1041800001F0A8FBF5E7184BE2881B7893420ED9A3
:104190001000F6F741FC08221300FF2802D09040DF
:1041A000104383B22800E3801EF08EFAF8BDA18888
:1041B0000E4B03201B6898470C4B03202289A188D3
:1041C0001B689847A6E70423ECE7300000F062FB89
:1041D000ECE7C0460311000004110000D401000008
:1041E000FFEEFFFFBC0100000506000058060000BE
:1041F00070B50400224B05001B780C3C002B38D115
:10420000A388204A934216D01F4A934209D11F4BDC
:10421000E2881B7893421FD81D4B0320A1881B689E
:10422000984703201A4B2289A1881B6898472000D1
:104230001EF07CFA18E0208901F008FB0028F0D07D
:104240000F23807818400828EBD820F0E7FD10E015
:1042500010E0EAEAEAEA0E00130201221A4392B2DF
:104260002800E2801EF030FA70BD0222F8E700223A
:10427000F6E70022064B110001201B68D6E7C04676
:10428000D401000005110000061100000506000021
:1042900058060000002310B50200190002481EF065
:1042A000EFF9FFF7A5FF10BD0511000070B50C4B2D
:1042B00004001A78824204D80A4B01001B680320CC
:1042C0009847094D2B681B5D002B05D00022054B3C
:1042D000110001201B68984701222B681A5570BDF8
:1042E0000506000058060000B801000070B50C4B30
:1042F00004001A78824204D80A4B01001B6803208C
:104300009847094D2B68195D002904D1054B0A0017
:1043100001201B68984700222B681A5570BDC046C3
:104320000506000058060000B8010000030010B5A3
:1043300004292AD8080020F07BFD0303091023007C
:104340000A000320144B1B68984717E00822190045
:104350001248801820F098FD10E0104C1900200041
:10436000082220F091FD002320000D4C0278195DF9
:1043700001330A4302700130082BF7D1002010BD31
:104380000648082219001030E4E70022024B110011
:1043900001201B68D8E7C04658060000BC01000099
:1043A0001044011810B5041E05D0022805D02000C5
:1043B00000F0F4FA10BD0C4B1870182200210B48C5
:1043C00020F07EFD0A4B00211A780A4B186820F075
:1043D00077FD03210848FFF7A9FF04210748FFF7ED
:1043E000A5FF01F025FEE2E7D4010000BC010000BA
:1043F00005060000B8010000004401180844011837
:10440000FFFFFFFFFF9F0020FFFFFF0700000000EE
:1044100000600400F8074002F0B5A44B87B01C68A8
:10442000002C09D101F046FE002800D18BE09F4B03
:104430009C68002C00D186E09C4B1C61A1889C4BA1
:10444000C818052800D927E120F006FD060058000D
:104450007F00D00026011101944B5B7D5BB2042BE1
:1044600002DC924A013353750E26E31D039302AB1F
:104470002589F61863892800338001F0E7F9021EC8
:104480001FD03388002B1CD08768002F17D0200046
:1044900092780C307F2A0DD80100320000971EF070
:1044A000B5FE0100002910D02A00824B1B680320B2
:1044B00098470AE001003200B847C1B2F2E7042190
:1044C000F2E7002D15D0012323730E23E371328808
:1044D000764B0332D2B222725B7D191C5BB2002B89
:1044E00000DA0021A5722D0A6172E5720420023201
:1044F00022E0704B290032881B68D8E76B4B5B7D4C
:104500005BB2042B02DC694A013353750F22E31DB1
:104510000393E2710B3A23892272227B6272634A0F
:10452000527D111C52B2002A00DA0021042006221A
:10453000E3721B0AA172237300235C490B755E4B67
:10454000039920F01DFC07B0F0BD23000E270A33AD
:10455000039302AB2189FF186389CEB23B80FF2908
:1045600004D9544B002203201B689847300001F007
:104570009FF9021E33D04568002D19D02000927893
:104580003B880C30002A0ED100953A0001001EF045
:104590003DFE0500002D0ED0464B320029000320C1
:1045A0001B68984708E03A000100A847C5B2F1E748
:1045B0006389002B11D1002562893B889A4205D27C
:1045C0003C4B3200290003201B6898470E2302AAA7
:1045D000A6729B181B88E37206E00425DCE7354BC6
:1045E000310003201B689847E27A7FE723000A33F3
:1045F0000393267B638902AAD381300001F06AF914
:10460000021EECD04568002D2FD02000927802AB1E
:10461000DB890C30002A21D102A90E3200955218F4
:1046200001001EF0F3FD0500002D05D0214B3200E6
:10463000290003201B6898470E2702ABFF18398812
:1046400063898B4204D21B4B320003201B689847BE
:10465000002DC9D13E23A3723B88BCE70E2202A9DC
:1046600052180100A847C5B2DEE70425DEE721693C
:1046700012480B1F0918A289039111495A54114974
:10468000120A5A54E2891049100A5A540F49043246
:10469000585492B202204FE7064B002203201B68B9
:1046A000984700200200039046E7C046DC01000066
:1046B000FFEEFFFF58060000D1460118FC3F0050F6
:1046C00000400050014000500240005003400050A4
:1046D0002E4B70B52E4C1B68256998472D4BAA8828
:1046E00006009A4212D12B7B022B04D00222190021
:1046F00091430D2924D1217E002905D1264B0A00A2
:1047000001201B68984701E00139217601232375B8
:10471000A988224B99421BD8053B99422FD923697E
:10472000002B03D020001FF025F8050028001DF005
:10473000FDFF1B4B30001B689847FFF76DFE70BDF7
:10474000152BE3D1E17D0029D8D00139E175DDE7F2
:10475000144B994213D1200008301FF00BF8124B74
:104760001A78AB891B051B0D9A4203DD2B6998B2A1
:1047700003F004F90023236101F086FCCFE7064B28
:10478000002203201B689847C9E7C046E4050000E3
:10479000DC010000041100005806000005110000B3
:1047A000E80500000611000005060000F0B587B01E
:1047B00006000D001700039300285AD08468002CCF
:1047C0004FD083787F2B29D80E2202A952180021BE
:1047D00000940800294B1EF019FE0400002C38D16B
:1047E000B368022218002649029320F03FFB0E23F3
:1047F00002AA9B181E88002819D12A002100330024
:1048000020481DF03DFF022204000770023003998A
:1048100020F03AFB2000FFF741FC20E000230E22AD
:1048200002A9521818001900A047C4B2D6E7032203
:104830001549029820F01AFB33002A0021000028B5
:104840001AD110481DF01CFF062204000770013029
:10485000DDE70E4B2A00210003201B68984707B0B4
:10486000F0BD0A000123210009481DF009FF07706F
:10487000D1E70A00012301000248F6E7FFFF00002C
:104880005EED011801110000515901185806000091
:10489000021100003B4B70B505001B689847AB88C0
:1048A000394A0600394C934205D1200029000830CE
:1048B0001EF018FF36E0364A934207D12B7B0F2BB0
:1048C0003AD006D8022B27D00D2B0AD02900200081
:1048D000EEE7152BFAD1E37D032B20D80133E375E6
:1048E000F4E7EB89E97D5B069B0F01290DD1627E20
:1048F000022A39D0002A02D1227E032A34D8013B71
:104900005A425341DAB2002331E0A27EF0E701239C
:1049100000222CE0A2762DE0237E032B1DD9280057
:104920001DF004FF1B4B30001B689847237D012BB3
:1049300001D1FFF771FD70BD174AA97B1068EB7CB0
:104940004218415C022918D0002902D1217E032996
:1049500013D8013B59424B411370237E0133237618
:10496000B4E700231370DAE7012BD0D1022201292A
:10497000D0D16276002BF0D0D1E7012BF1D1022308
:10498000F0E7C046E405000006110000DC0100006D
:1049900004110000E8050000D801000070B5051EF4
:1049A0000C4C14D101001C22200020F089FA0A4B83
:1049B00029001A78094B186820F082FA20001EF0AE
:1049C0007BFE200008301EF077FE012323750523AF
:1049D000637570BDDC01000005060000D801000011
:1049E00010B500F033FFFF23002800D0C378D8B201
:1049F00010BD0000F0B589B005000391029200F0EF
:104A000025FF070001205C4B5C4C1870637D7F2BF9
:104A100004D900225A4B11001B689847594B9D42FC
:104A200002D0637D013B6375002F00D1A1E0637D5F
:104A30007F2B00D96CE00F21BB7804931940082923
:104A400045D8080020F0F4F90526052643434343E2
:104A50004A0000260E2204ABD21800239C46138085
:104A6000039B634541D07C68644554D040216B462C
:104A700004989B89084005900498084230D100941E
:104A8000029905981EF0C2FC0400012C2ED10023CF
:104A9000122217E0039B012B12D9029B1A785B7834
:104AA0001B021343384A12789A4209DD374A1268CA
:104AB000D25C002A04D001221B0213439EB2C9E734
:104AC0000222029B29003800FFF770FE04E02C4B05
:104AD0002A0003201B68984709B0F0BD0226B9E7F9
:104AE00060460299A047C4B2CFE7039C04AB3100F3
:104AF0002A00DB8926481DF0C3FD0600002C05D0E6
:104B00001F4B2A00210003201B689847002E04D168
:104B100000230722D6E70424E8E704ABDB89002B57
:104B200012D07B689C46002B0ED06B46BA789B89CE
:104B3000520615D4624600920E2204A95218300083
:104B400002991EF063FC0400002C05D00C4B2A00D7
:104B5000210003201B68984730001DF0B5FDBBE71E
:104B60000E2204A96446521830000299A047C4B22C
:104B7000EAE73B000122A5E7D4010000DC010000C8
:104B800058060000350C000005060000B8010000C2
:104B90000511000070B5134A0C00117802050300DE
:104BA000120D002091420BDD9B0B834208D11800AF
:104BB000FB2C05D802F028FF011E02D00A4BC018BA
:104BC00070BD01231A2209481DF05AFD0125057008
:104BD000FFF764FA022120001DF08AFE044B9D7548
:104BE000EEE7C0460506000000400050031100003B
:104BF000DC010000F8B5174B06009C7D0D00170086
:104C0000002C06D010001DF0FDFE0023114A937504
:104C1000F8BD114B01051B78090D8B4212DD0123F4
:104C20000902194322000D4889B207331DF028FDFF
:104C300006804580002D01D0094BFC1844601DF012
:104C400043FDE5E7074B0200290003201B68984756
:104C5000DEE7C046DC01000005060000061100008A
:104C600000C0FFAF58060000F8B50D0006A90E7889
:104C70000168070088190124824211D31C1E09D043
:104C80002A6828689419A342A4413200644264004F
:104C900020F0FAF83B689B193B602B689E192E6048
:104CA0002000F8BDF0B589B005000291039206918D
:104CB000002940D0CE18012317880790C719009308
:104CC00032003B0007A906A8FFF7CEFF0400031E31
:104CD00026D0079B5D1B039B1D80200009B0F0BD03
:104CE000013305935B000493EB1807930223320012
:104CF000009307A93B0006A8FFF7B6FF002818D1CC
:104D0000049A07A90232AB180793022332000093DA
:104D100006A83B00FFF7A8FF00280AD16B461B7DC1
:104D20000299079A0978521B9942D2D9062AD7D9F3
:104D3000CFE70400CDE70623039A029C1380CCE75B
:104D4000F0B599B01D0002903A23081E0592079114
:104D500060D0029B002B61D001271488029B1C1994
:104D60000126029B451908932A002300009608A9F2
:104D700007A8FFF779FF002849D1029B2A009B1959
:104D800008930096230008A907A8FFF76DFF0028E5
:104D90003DD1029B2A00023308930096230008A904
:104DA00007A8FFF761FF002831D1029B2A000333D7
:104DB0000893062308A9009307A82300FFF754FFD0
:104DC000002824D1029B2A0009330893009623006F
:104DD00008A907A8FFF748FF002818D1029B597AB5
:104DE0000390002921D1039B032B04D9434B0A00D4
:104DF00001201B6898477F4200233C400227029E07
:104E000004931836039B049A934216DC0020089BF7
:104E1000029A9B1A059A138019B0F0BD4E2404AB78
:104E2000E41809AB029F02939AE7314203D0039B37
:104E30000133DBB203934908D3E733000E3B0893F9
:104E40002A002300009708A907A8FFF70DFF0028F4
:104E5000DDD133000C3B08932A002300009708A9FA
:104E600007A8FFF701FF0028D1D133000A3B0893C0
:104E70002A002300009708A907A8FFF7F5FE0028DD
:104E8000C5D13300083B08932A002300009708A9E6
:104E900007A8FFF7E9FE0028B9D1B31F08932A003D
:104EA0002300009708A907A8FFF7DEFE0028AED16F
:104EB000331F08932A002300009708A907A8FFF7CB
:104EC000D3FE0028A3D1B31E08932A002300009725
:104ED00008A907A8FFF7C8FE002898D123002A00D8
:104EE000009708A907A80896FFF7BEFE103600280D
:104EF00000D08CE7049B0133049383E7580600003D
:104F0000F0B58DB007001D00080010230592069132
:104F1000002941D0002F43D00123148804933C1969
:104F20000126451923002A00009607A906A807971D
:104F3000FFF79AFE00282DD1BB1907932A00230002
:104F4000009607A906A8FFF78FFE002822D1BB1CF8
:104F500007932A002300009607A906A8FFF784FEFE
:104F6000002817D1B978039000291DD1039B022B8B
:104F700004D9254B0A0001201B689847049B5E4218
:104F800034403E00002308360493049A039B934266
:104F900012DC0020079BDB1B059A13800DB0F0BDCF
:104FA00004970CAC08AFBBE7314203D0039B01333D
:104FB000DBB203934908D7E7331F079301232A0085
:104FC000009307A9230006A8FFF74EFE0028E1D1B1
:104FD000B31E079302232A00009307A9230006A803
:104FE000FFF742FE0028D5D102232A00009307A92B
:104FF000230006A80796FFF737FE06360028C9D11A
:10500000049B0133C0E7C04658060000F0B58BB0E2
:1050100007000C1E0492069166D0002832D0158835
:105020000122451905920126E3180393039A2B00E8
:10503000009607A906A80797FFF716FE041E1AD1C7
:10504000BB190793039A2B00009607A906A8FFF740
:105050000BFE041E0FD17B783F2B05D9244B020099
:1050600001001B6830009847059B5E4235400026D2
:105070007B78B3420AD8079BD81B049B188020007A
:105080000BB0F0BD05900AAD08AFCCE7B31C05939B
:10509000FB1807930123039A009307A92B0006A886
:1050A000FFF7E2FD00281DD1B21C53000222FB18BD
:1050B000079300922B00039A07A906A8FFF7D4FDD7
:1050C00000280FD1B31DFB1807930123039A009307
:1050D00007A92B0006A8FFF7C7FD002802D101365B
:1050E000F6B2C5E70400C6E70823049A1380C6E7B2
:1050F00058060000F0B5B7B007001D000492002963
:1051000000D1C7E0002800D19FE01688861901234E
:105110004D1900932A00330008A907A8089707979C
:10512000FFF7A2FD041E00D088E0BB1C07930223FA
:105130002A00009308A9330007A8FFF795FD041E75
:1051400000D07BE03B1D079301232A00009308A9B0
:10515000330007A8FFF788FD041E6FD17B1D07935E
:1051600001232A00009308A9330007A8FFF77CFD5C
:10517000041E63D1BB1D079302232A00009308A9D4
:10518000330007A8FFF770FD041E57D13B0008331A
:10519000079301232A00009308A9330007A8FFF70B
:1051A00063FD041E4AD13B000933079301232A0003
:1051B000009308A9330007A8FFF756FD041E3DD150
:1051C0003B000A33079301232A00009308A9330008
:1051D00007A8FFF749FD041E30D13B000B330793AE
:1051E00001232A00009308A9330007A8FFF73CFD1C
:1051F000041E23D13B000C33079302232A000093A3
:1052000008A9330007A8FFF72FFD041E16D1BB7BAA
:105210002A0005933B000E330793012308A900934E
:1052200007A83300FFF720FD041E07D13B00103311
:1052300002930390059B039A934209DC089BD81BB9
:10524000049B1880200037B0F0BD36AE09AF5EE792
:10525000029B2A00013B0793012308A9009307A89A
:105260003300FFF701FD002812D10123029A0093B9
:10527000079233002A0008A907A8FFF7F5FC029B54
:1052800002330293002803D1039B01330393D1E738
:105290000400D3E7049B0C001980D3E7F0B5B7B046
:1052A00007001D000492002900D1BAE0002800D1B7
:1052B00093E01688861901234D1900932A003300C4
:1052C00008A907A808970797FFF7CEFC041E00D08F
:1052D0007CE0BB1C079302232A00009308A933003B
:1052E00007A8FFF7C1FC041E70D13B1D07930123E3
:1052F0002A00009308A9330007A8FFF7B5FC041E95
:1053000064D1BB1D079302232A00009308A9330030
:1053100007A8FFF7A9FC041E58D13B0008330793E8
:1053200001232A00009308A9330007A8FFF79CFC7B
:10533000041E4BD13B000933079301232A0000933D
:1053400008A9330007A8FFF78FFC041E3ED13B00DD
:105350000A33079301232A00009308A9330007A802
:10536000FFF782FC041E31D13B000B33079301236E
:105370002A00009308A9330007A8FFF775FC041E54
:1053800024D13B000C33079302232A00009308A981
:10539000330007A8FFF768FC041E17D1BB7B2A0067
:1053A00005933B000E330793012308A9009307A838
:1053B0003300FFF759FC041E08D13B001033029361
:1053C00000230393039A059B934209DC089BD81B97
:1053D000049B1880200037B0F0BD36AE09AF6AE7F5
:1053E000029B2A00013B0793012308A9009307A809
:1053F0003300FFF739FC002811D10123029A0093F2
:10540000079233002A0008A907A8FFF72DFC029B8A
:1054100002330293002802D1039B0133D1E7040039
:10542000D4E7049B0C001980D4E7F0B5C9B00C0098
:105430001D0003900592002900D1E0E000282CD047
:1054400016888619039B65190793069301232A0082
:10545000009307A9330006A8FFF706FC041E14D129
:10546000039B2A0001330693012307A9009306A892
:105470003300FFF7F9FB041E07D1039F049019378F
:10548000039B049A5B7893420BDC079B039A981A60
:10549000059B1880200049B0F0BD08AB48AE0393CF
:1054A000D0E73B00173B069302232A00009307A98D
:1054B000330006A8FFF7D8FB002800D09DE03B0092
:1054C000153B069301232A00009307A9330006A881
:1054D000FFF7CAFB002800D08FE03A000623143AF9
:1054E000069200932A00330007A906A8FFF7BCFB29
:1054F000002800D081E03A0001230E3A0692009382
:105500002A00330007A906A8FFF7AEFB002874D1D4
:105510003A0001230D3A069200932A00330007A9AE
:1055200006A8FFF7A1FB002867D13A0001230C3A37
:10553000069200932A00330007A906A8FFF794FB00
:1055400000285AD13A0001230B3A069200932A0010
:10555000330007A906A8FFF787FB00284DD13A00C2
:1055600001230A3A069200932A00330007A906A8ED
:10557000FFF77AFB002840D13A00093A069202224E
:105580003300009207A92A0006A8FFF76DFB002848
:1055900033D1FB1F069301232A00009307A9330090
:1055A00006A8FFF761FB002827D1BB1F069306233F
:1055B0002A00009307A9330006A8FFF755FB00282F
:1055C0001BD101232A00009307A9330006A80697E0
:1055D000FFF74AFB002810D13B787A1C0692009313
:1055E0002A00330007A906A8FFF73EFBFE37002874
:1055F00003D1049B0133049342E7040045E7059B74
:10560000198047E7F0B58FB006000C001D00059229
:10561000002900D186E0002829D01788C719012366
:10562000651900932A003B0008A907A80896079669
:10563000FFF71AFB041E13D1731C079301232A00E2
:10564000009308A93B0007A8FFF70EFB041E07D133
:1056500033001133039304907378049A93420BDC64
:10566000089B9E1B059B1E8020000FB0F0BD2627C7
:1056700004ABFF1809AED2E7039B2A000F3B079348
:10568000012308A9009307A83B00FFF7EDFA0028C3
:1056900046D10123039A00930E3A07923B002A0059
:1056A00008A907A8FFF7E0FA002839D1039A3B00C0
:1056B0000D3A0792062208A9009207A82A00FFF7D0
:1056C000D3FA00282CD103992A00CB1F079301237A
:1056D00008A9009307A83B00FFF7C6FA00281FD1CE
:1056E0000622039900928B1F07932A003B0008A90A
:1056F00007A8FFF7B9FA002812D10123039A0093F3
:1057000007923B002A0008A907A8FFF7ADFA039B00
:1057100010330393002803D1049B013304939BE7C8
:1057200004009DE7059B19809EE7F0B595B00C003D
:105730001D0003900592002900D184E000282CD0A0
:1057400016888619039B65190893079301232A007D
:10575000009308A9330007A8FFF786FA041E14D1A6
:10576000039B2A0001330793012308A9009307A88C
:105770003300FFF779FA041E07D1039F04900A371C
:10578000039B049A5B7893420DDC089B039A981A5A
:10579000059B1880200015B0F0BD3F2604ABF6181D
:1057A00009AB0393CEE73B00083B079301232A0094
:1057B000009308A9330007A8FFF756FA002840D144
:1057C000FB1F079301232A00009308A9330007A8B1
:1057D000FFF74AFA002834D10622BB1F0793009234
:1057E00033002A0008A907A8FFF73EFA002828D1AD
:1057F00001232A00009308A9330007A80797FFF7A1
:1058000033FA00281DD13B787A1C079200932A00B6
:10581000330008A907A8FFF727FA002811D13A009A
:1058200001232032079200932A00330008A907A819
:10583000FFF71AFA2937002803D1049B0133049398
:105840009EE70400A1E7059B1980A3E78205920D5E
:10585000830A012B19D0032B19D0042B19D0052B47
:1058600019D0082B19D000203F2B0DD13A3B0F49FE
:10587000DB00CB1858685988002805D00C234B430F
:10588000C31898420BD1002070470023EFE7012393
:10589000EDE70223EBE70323E9E70423E7E70188C9
:1058A0008905890D9142EFD00C30EAE7F4590118CF
:1058B000002310B502000648D9000C5C944201D1C7
:1058C000401810BD0133092BF6D10020F9E7C0467E
:1058D000285F01180200002310B50549DC0060189C
:1058E0000C5D944203D00133182BF7D1002010BD7A
:1058F000705F0118424248424236424848484200DE
:1059000042424848484800424248384200424838EB
:1059100042480042424842423642364236424848B5
:105920004842004242363442004242333242004250
:1059300042484242004242484242364242484200C5
:105940004248424242426E42004242424842004283
:105950004242364200424248484842423642424869
:105960004200424848484C00424833423342424297
:10597000423642424242424242420042384200489B
:10598000484242423642424200423331420042489B
:105990004842420048484242364242484848484805
:1059A00048004248354200483842483136420042B9
:1059B0003642313642313642004842424248004285
:1059C000484848004242484800424242364248481D
:1059D000420042364242004242424242426E42004D
:1059E0004842484842003634424200424248424817
:1059F0004800000001000200C85E01180300090011
:105A0000245A011804000400905A011805000100EE
:105A1000E05E011808005600C05A01183F0005005A
:105A2000EC5E0118010C00087C5901188C59011812
:105A3000030C0000000000008C5901182D0C11030C
:105A40003D5901183C590118310C00018C590118BD
:105A50008C590118330C0007ED5901188C590118A5
:105A6000350C401EA54C01188C5901187B0C1102F5
:105A70005FED0118C55901187C0C1104C6590118B5
:105A80005EED0118630C00087C5901188C5901184F
:105A90000110000000000000EB5901180210000086
:105AA000000000002459011803100000000000004D
:105AB0007B5901180910000000000000515901181D
:105AC0003920422A0D5001188C590118362002192C
:105AD00068590118E8590118372002FFDA590118EE
:105AE0008C590118012002087C5901188C590118A1
:105AF00002200200000000003C59011803200200AF
:105B0000000000007B59011805200206B659011853
:105B10008C5901180720020000000000E859011804
:105B20000620020F7F5901188C5901180820022005
:105B3000895901188C590118092002208959011826
:105B40008C5901180A2002018C5901188C5901182E
:105B50000B2002078E5901188C5901180C200202E3
:105B6000E85901188C5901180D200219945901188F
:105B7000000000000E200200000000008C590118F7
:105B80000F20020000000000E85901181020020058
:105B9000000000008C59011811200207515901180A
:105BA0008C59011812200207515901188C590118FB
:105BB0001320130E76ED01180000000014200205DA
:105BC000A45901188C590118152013025FED011812
:105BD000A2590118162013025FED01180000000001
:105BE00017200220B2590118B459011818200200D8
:105BF000000000007B5901181920131CA759011837
:105C0000000000001A201312AA5901185EED0118B5
:105C10001B2013025FED01185EED01181C2002002D
:105C2000000000007B5901181D2002018C59011849
:105C30008C5901181E200203855901188C5901182E
:105C40001F200200000000005EED01182020130E4E
:105C500076ED01185EED0118212013033D5901185E
:105C60005EED011822201306C05901185EED0118DF
:105C70002320020000000000C5590118242002045E
:105C8000C65901188C590118252002000000000097
:105C900000000000262002402559011800000000E5
:105CA00027200227AF5901188C5901182820020714
:105CB000515901188C5901182920020000000000D8
:105CC0008C5901182A20020000000000E859011830
:105CD0002B20020751590118515901182C20020795
:105CE00051590118515901182D2002018C590118E0
:105CF0008C5901182E2002025FED01188C590118F1
:105D00002F2002000000000001590118302013026A
:105D10005FED01183059011831200203855901182F
:105D20008C59011832201307B959011800000000DE
:105D300033200203855901188C59011834200204BC
:105D4000765901188C59011835200207515901184C
:105D50008C590118382002FFDA5901188C590118A2
:105D60003A200200000000005EED01183B20020016
:105D700000000000E85901183C2002018C5901186C
:105D80008C5901183D200200000000008C590118B8
:105D90003E200207BF5901188C5901183F2002FF0D
:105DA000DB5901188C59011840200202E8590118EA
:105DB0008C5901184120420D014F01188C590118CE
:105DC00042200206C45901188C5901184320423A56
:105DD000414D0118000000004420020EC95901186D
:105DE0000000000045200200000000008C5901184E
:105DF000462002025FED01188C5901184720020865
:105E0000D25901188C59011848200208D25901189A
:105E10008C59011849200200000000008C5901181B
:105E20004A20020000000000E85901184B2002003F
:105E300000000000855901184C20020000000000FD
:105E4000C55901184D200204C65901188C59011872
:105E50004E200208D25901188C5901184F200252C5
:105E6000D75901188C59011850200252D7590118DE
:105E70008C590118592002033D5901188C590118F9
:105E80005A201306C05901185EED01185B20130556
:105E9000CE5901185EED01185C200308E059011885
:105EA0005EED01185D200206CD5901188C590118CC
:105EB0005E200241E6590118000000005F20020147
:105EC0008C5901188C590118060411033D59011809
:105ED000000000001D0411025FED01180000000029
:105EE000051411025FED01183C59011811FC08015D
:105EF0008C5901188C59011812FC08000000000090
:105F00006259011813FC1304C65901185EED0118FB
:105F100014FC1305CE5901185EED011815FC13068B
:105F2000C05901185EED0118050100003C59011827
:105F3000080100003C5901180C010000EC5901183F
:105F4000100000008C590118110100005FED0118CC
:105F500013020000C55901181A0000008C590118DD
:105F6000300100005EED0118570100005FED0118DF
:105F700001000000F4580118020001002B5701181D
:105F8000030100000059011804010000075901181D
:105F9000050100000D5901180601000055ED01181A
:105FA0000701000055ED01180A00000013590118FF
:105FB00008000000235901180900000029590118A0
:105FC0000B000100055601180C0100002F590118A3
:105FD0000D0001002B5401180E0000003559011866
:105FE0000F00000040590118100000005EED01187C
:105FF000110000008C5901181200000049590118C5
:10600000130000004F590118140100003C590118F9
:10601000150001009D52011816010100F5500118EC
:1060200017010000BB59011818000000555901184C
:1060300010B50822002102481EF042FF10BDC046E4
:10604000F80100001123FA2802D9024B59800023DD
:1060500018007047F8010000084B094A1B681278C5
:10606000D2189A4203D1074B1870002005E0013383
:10607000591E09780029F4D00C207047B80100009F
:1060800005060000F8010000034B1A78002A02D030
:10609000DA880132DA807047F8010000044A0021F2
:1060A000D388834201D91B1A99B2D1807047C04668
:1060B000F8010000064A1378002B07D05388D288D5
:1060C0000020934201D99B1A98B270470148FCE71F
:1060D000F8010000FFFF0000F7B50F004A688021BB
:1060E000436806008068D51A0090B8682D012D0914
:1060F000090501908D4227D99B1A1B011B095D429E
:10610000002B03D1019B009A93421FD8019B3F694A
:106110000524D819009BC01A002834DD1B4901381A
:10612000ECF776FFE8422ED4009B3069013C18184A
:10613000019BC01AC01B002825DC1549ECF768FF3D
:106140004519EC0F03341EE0002DDBD00024009B2A
:1061500036699E19019BF61AA64214DD0C49701E81
:10616000ECF756FF4019A0420DDC38690134301AB3
:10617000002808DD06490138ECF74AFF45196C1E76
:106180002C43E40F01342000FEBDC0467102000024
:106190008FFDFFFF37B568461BF022FC019B9C205A
:1061A00019009131FF31009A8000814204D9E13B0E
:1061B00019000132120112090F4B1B68002B12D07B
:1061C0000E485C6800780E4D201A000100099C689A
:1061D000831A1B011B09AB420BD8904201D1A1428B
:1061E00004D2210002E00120190040421BF0EEFD24
:1061F00037BD1000FAE7C046000200001C06000090
:10620000FEFFFF07394BF0B5DD68002385B0039032
:106210000093002D07D1354BDB68002B01D01BF01C
:106220007FFE05B0F0BDA98A2B6802938B0B5AD074
:106230003F233F200A111340024254D00024AA7D7C
:10624000303808401218AA75294A013B1B01114039
:106250000B439BB2AB82039E9B0B0193002E0DD18F
:10626000224E2A00300000990C301DF0C5FA2A0099
:10627000210030001DF05EFB009D34E0310028005D
:10628000FFF72AFF0028EBD0052802D1340036683A
:10629000E4E7B368326917499F183800ECF7B0FE9D
:1062A00073681449C4183800ECF7BAFEAB688B4227
:1062B0008941494264182401019B24096C60012B27
:1062C000E4D98023E8681B05071B3F013F099F4273
:1062D00003D9271A3F013F097F4206492869ECF795
:1062E0008FFEB842D2DD0095029D92E700020000C9
:1062F0000FFCFFFF71020000013810B5012809D81A
:10630000054C20001DF0D8F920000C301DF0D4F908
:106310000023A36010BDC04600020000F0B5854B0D
:1063200001690400CA18844B87B09A4204D9834B90
:10633000002203201B6898479C23A2689B009A4276
:1063400005D900227D4B110001201B6898477C4B2A
:106350001B689847039004A81BF042FB794B049AF2
:106360001B7805999B18FA2292001B018918793A2B
:106370001B09FF3A914216D86568734EEA1A12015A
:10638000A08A1209B24204D89D421AD1A2688A4258
:1063900017D2820B0DD101256C4B03981B689847CF
:1063A000280007B0F0BD634801331B0109181B0921
:1063B000E0E7A26863608A4203D201331B011B0934
:1063C0006360800B012812D98020E16863680005B2
:1063D000CA1A12011509854203D95B1A1B011B0950
:1063E0005D425B492069ECF70BFEA842D3DC594BB8
:1063F0009D68002D00D11D6800260196009602962A
:10640000002D6FD0A54205D100224C4B1100012078
:106410001B68984729002000FFF75EFE002861D026
:10642000052813D0A17DAA7D914230D9494B9B68A4
:10643000AB422CD0009B002B00D100950223984347
:106440000136C0B2F6B2019501284BD0A38A9B0B4E
:10645000012B13D98021E26863680905D71A3F012F
:106460003F098F4203D99F1A3F013F097F423849B4
:106470002069ECF7C5FDB84200DD8CE7354B9A6822
:10648000AA424FD0002E00D102952D68B8E7A38A0A
:106490009B0B18D0AB682A692D499F183800ECF780
:1064A000AFFD6B682A49C6183800ECF7B9FDA36840
:1064B0008B428941494276183601360966600026CA
:1064C00001960096C2E7914200D864E7214B9B6891
:1064D000AB4200D05FE7C31EDBB2012B00D95AE705
:1064E0000328B3D1009B002B0BD01A4D019A280032
:1064F00002991DF0B7F92800019A00990C301DF09F
:1065000007F9029B1348002B0ED0220019001DF042
:1065100011FA0025009BAB4200D13DE72000FFF7B8
:1065200071FE39E71D686BE721001DF011F9FFF7D7
:1065300031FEEEE78FFDFFFF0F1806005806000042
:10654000E40500001C060000FEFFFF07E805000050
:106550007102000000020000F8B5184B07001B682C
:106560000C0098470500002F06D10024144B28008A
:106570001B6898472000F8BD124EB368BB4202D199
:106580000024B460F2E7002CEFD133689F4205D1BC
:1065900030001DF0EFF8FFF7FDFDE7E739003000B0
:1065A0001DF0F2F80028E0D1300039000C301DF069
:1065B000EBF80028D9D10224D8E7C046E405000052
:1065C000E805000000020000F0B5374D85B02C68EA
:1065D00002A81BF005FA002C06D1EB68002B5FD156
:1065E000FFF7D8FD05B0F0BD039B626800932F4B09
:1065F000029E1B782E4FD31A0122921B01929A18E9
:1066000012011209BA4208D801331B011B09B34217
:1066100027D1A368009A934223D228001DF0AAF83C
:10662000010028000C301DF05DF82C68002CD4D03F
:106630001E4B62681B780199D31A59180901090980
:10664000B94208D801331B011B09B34209D1A36821
:1066500000998B4205D2174B310002201B689847E6
:10666000DBE7124B62681B78D31AF243D21812018F
:106670001209BA4208D8013B1B011B09B342ACD135
:10668000A368009A9342A8D828001DF073F8836984
:10669000A860002B00D098472C68002CE1D19CE723
:1066A0001BF03EFC9CE7C046000200001C060000F8
:1066B000FEFFFF075806000070B50F4E30000C308B
:1066C0001DF05AF9C4B263B2002B00DC70BD30007B
:1066D0000C301DF04FF8051E05D1084B02000100DB
:1066E0001B68012098472B6A002B01D0280098478F
:1066F000013CE4B2E7E7C046000200005806000093
:10670000124B13B51C68002C1CD068461BF068F9AE
:106710009C22019BC8219200D21A00234900914279
:106720005B41009A01339B181B0162681B09D21A56
:106730000749120112098A4200D9636060681BF0A0
:106740001DFB13BD01204042F9E7C04614020000C2
:10675000FEFFFF07013810B5012802D801481CF0E0
:10676000ABFF10BD1402000013B568461BF038F9EA
:106770000E480468002C17D06268009B9B1A0C4AD4
:106780001B011B0993420DD81CF0F4FFA1680029DE
:1067900002D020008847E8E7064B0A0001201B686A
:1067A0009847E2E7FFF7ACFF13BDC04614020000B4
:1067B000FEFFFF07580600001E4BF7B51B680400DC
:1067C0009847050068461BF00BF99C22019BFA21B3
:1067D0009200D21A0023490091425B41009A013392
:1067E0009B181B0162681B09D21A134E1201120971
:1067F000B24200D96360002110480268002A09D122
:10680000002911D022001DF095F80D4B28001B68BF
:106810009847F7BD53686768DB1B1B011B09B34230
:10682000EED911001268E9E721001CF091FFFFF793
:1068300067FFEAE7E4050000FEFFFF07140200001F
:10684000E8050000104B70B51B68050098470F4C19
:10685000060023689D420FD120001CF08BFF2368A7
:10686000002B06D100240A4B30001B6898472000FB
:1068700070BDFFF745FFF5E7290020001CF084FFFD
:106880000028EFD10224EEE7E40500001402000026
:10689000E805000070B5144D04002B00FF335A7852
:1068A000824204D0114B01001B68032098472B0043
:1068B000FF33D978002904D10C4B0A0001201B6852
:1068C000984724012B19197B002904D1074B0A0092
:1068D00001201B68984729194B68002B03D002221E
:1068E00089682859984770BD2002000058060000AA
:1068F00070B5144D04002B00FF335A78824204D047
:10690000114B01001B68032098472B00FF33D978F7
:10691000002904D10C4B0A0001201B689847240170
:106920002B19197B002904D1074B0A0001201B6891
:10693000984729194B68002B03D0032289682859EE
:10694000984770BD2002000058060000F8B5284C9A
:1069500005002300FF33D978002904D1254B0A0014
:1069600001201B6898472E01A1190B7B002B30D00A
:10697000214BEB181B011B889B065B0F062B28D1B4
:106980004B68002B1ED004228968A0599847230029
:10699000FF335A78AA4203D10F20013505405D70BC
:1069A00000232200A619FF323373D378013BD37042
:1069B000FF34E378012B13D10F22637801331340A6
:1069C000A370F8BD0B4A1900176801201A00B847D8
:1069D000DDE70022074B110001201B689847E7E71D
:1069E000002BEED1802080001BF060F9E9E7C04663
:1069F000200200005806000000040005F8B52F4EE4
:106A000004003300FF335A78824204D02C4B01003B
:106A10001B68032098472B4BE3181B011D8833008C
:106A2000FF33D978AD066D0F002904D1244B0A003D
:106A300001201B6898472701F3191B7B002B05D108
:106A40001F4B2200290003201B689847EB1E022BD6
:106A500005D900221A4B110001201B689847F11933
:106A60004B68002B23D0043D6A4255418968F05998
:106A7000EAB29847002332000F25F719FF323B7323
:106A8000D3789178013BDBB2D370A14206D00134B8
:106A90002C402201B218127B002AF6D0FF36747007
:106AA000002B03D1802080001BF000F9F8BD044AC0
:106AB0001900156801201A00A847DBE72002000032
:106AC0005806000000040005013810B5012810D850
:106AD00082220021074852001EF0F2F938241820C3
:106AE000054B06491A88A24302431A8010338B4291
:106AF000F8D110BD200200000040005000410050BD
:106B00000C4B70B51C6825012D0F230702D52800FA
:106B1000FFF7EEFEE30602D52800FFF7BBFE630792
:106B200002D5200FFFF712FFA30702D52800FFF7B9
:106B300065FF70BD24000050F7B5974F0F213B0053
:106B4000FF339E785A780400B01A08400190DB7831
:106B5000002B07D0B24205D1904B32003100032008
:106B60001B6898470F23721E1A4013010092FB58AE
:106B700062689A4205D10022884B110001201B68EF
:106B800098470721864BF5182D012A88D2080A401C
:106B9000012A04D02B88DB080B40022B07D13B00D5
:106BA000FF3359787D4B320003201B689847019BC7
:106BB0000D2B14D90F22B31E1340794A022094469C
:106BC0009B181B011988009BC90863441B011A8884
:106BD0000723D2081A401940704B1B6898470120C0
:106BE00063683201BB50BF182269BA6022683873EB
:106BF0007A609C279AB21B011B0D6A80AB80A36848
:106C0000BF00BB4204D90022644B11001B689847A7
:106C1000A368FF1ABFB2BB0A05D000225F4B110068
:106C200001201B6898478023E068EF801B02984290
:106C300000D29CE05B4B1900C018ECF7E1F90700AB
:106C4000030405D50022554B110001201B6898470D
:106C500055480743BFB26F81A27D131C1F2A00D97C
:106C60001F23617DDBB21A020B1C1F2900D91F23D1
:106C7000DBB21343AB81E37D4C4F1B0200933B42DD
:106C800005D00022454B110001201B689847EB8975
:106C90001F40009B1F43EF81637E002B39D1227E72
:106CA000703353435133FF339B082B81227D131CD8
:106CB0001F2A00D91F23DBB2DB0200930D23019AA8
:106CC000A77E93429B415B423F0239489B02217F52
:106CD0003B433840019300294ED0E77E002805D081
:106CE00000222E4B110001201B689847FF018023D2
:106CF0003A009A4305D00022284B110001201B685E
:106D00009847019B009A13433B4342271F43BFB25E
:106D10002F807023227E30005343264A9A18118810
:106D2000254A9B181A881F231940244B92B21B68CE
:106D300098470F2332009A4305D00022174B1100C9
:106D400001201B68984780230F2180201B061E43CB
:106D50001B4B80001E60104BFF339A7801320A40B3
:106D60009A70DA780132DA701AF060FEF7BD0130FD
:106D7000400880B268816FE7002804D0074B0A0002
:106D800001201B689847009B019A1A430223134372
:106D90009BB22B80BDE7C0462002000058060000D1
:106DA00000040005710200000080FFFFFFE0FFFF0C
:106DB000FFFEFFFF50410050564100501C020000F2
:106DC00000010050F0B593B01C0002900E910492A7
:106DD000002809D1002A75D10022B74B11000120EB
:106DE0001B68984701236BE0002CF5D06368039380
:106DF000A3890D930023802510A80B931AF0F0FDB2
:106E0000109B2D051D402B005A1E9341DBB20193B0
:106E1000039B002B05D1A84B039A012011001B688E
:106E200098470022A54B1A60A54B1B78934258D176
:106E3000A34B019A1A70029B012B6AD12368059318
:106E4000059B002BCED0039B002BCBD00B9B01933B
:106E5000029B012B01D1A36801939A4B1E6800236A
:106E600037000A930993039B013B0F93002F00D136
:106E7000C0E0019B059A93421BD2029B002B4BD191
:106E80000E9B002B48D03B697D680693002D51D0A6
:106E9000069B002B4ED0BB8A0D9A93424AD0059B8D
:106EA0002C009D4200D91C00069B039A9B18A3420C
:106EB00034D90A9B002B02D0804B099A1A60032315
:106EC0000293B6E0049B9B6803930E9B002B02D0B9
:106ED000049BDB680393049B1B8A0D93049BDB7C60
:106EE00089E7002DA4D18026764B76051D68002DFC
:106EF0009ED06F68AB683900FB1830000593ECF743
:106F00008FF8059B581A3900ECF78AF8A9602D68AC
:106F1000EDE7049B5B6992E7FB68B5E72100059804
:106F2000ECF77EF8002905D121002800ECF778F86D
:106F3000002902D03F68019932E02100B868ECF7DF
:106F40006FF8069B0D005B180C932100013B019824
:106F50000893ECF765F88C460F9B06916344079302
:106F60008D4200D9B0E0089B8B4207D2079B9D421F
:106F700018D8089B079A934200D298E0029B012BF5
:106F800032D021000C98ECF74BF8019B8B4224D2B5
:106F900001230B9A0B40002A21D0002B22D037006E
:106FA000019163E7069B9D4203D1089B079A934298
:106FB000E4D9089B9C4206D818002100ECF730F871
:106FC000069B9942DAD2079B9C42B3D82100180055
:106FD000ECF726F8A942ADD3D0E70919D5E7370079
:106FE000002BDDD00131DAE701230997059937003D
:106FF0000A93D5E70A9B002B02D0304B099A1A60FE
:10700000019B059A934200D359E7029B002B4CD178
:10701000049B019A5F699A611B8A06937B1E9B18E9
:107020000593002E08D139000598EBF7F9FF049B72
:10703000D961029813B0F0BDB38A069A934217D073
:107040007568BD4200D93D00002D05D11A4B2A00BC
:10705000290001201B68984729003800EBF7E0FF62
:10706000002905D129007068EBF7DAFF002901D06B
:107070003668D6E72900B068EBF7D2FF0C00019B19
:10708000A34210D2039A9B189C4205D200220A4BBD
:10709000110001201B689847039BE41A059BA3423B
:1070A000E6D90594E4E76419E9E7002308E7069BBD
:1070B0009D4200D27DE761E75806000024030000EE
:1070C0003003000028030000079B9D4200D855E7CD
:1070D0006BE7C046013810B5012805D80022034BE4
:1070E00003481A701CF0E8FA10BDC04630030000D7
:1070F000280300001FB5C1680400002904D1184B03
:107100000A0001201B6898476A46636801200093C3
:10711000E3680193A38A93810022A368110002937C
:107120006B46FFF74FFE032809D10E4B1B68002B5F
:1071300005D0A1699A69002906D1002A0BD1210046
:1071400009481CF0CFFA1FBD002A03D0A17D9A7D0B
:10715000914200D32300988A9B699847EFE7C04685
:1071600058060000240300002803000010B50100A9
:1071700001481CF009FB10BD28030000F7B50368A7
:1071800046680400466101939E4216D92B4B0127A5
:107190001A6800237F42002A22D1002B2CD1A57C23
:1071A000002D48D029003000EBF72AFF4543019B12
:1071B000AB4202D8AE4200D3656100232200012118
:1071C0001800FFF7FFFD002809D0A368E26893428A
:1071D00005D20023220019001800FFF7F3FDFEBDC1
:1071E000908A218A884205D051680133DBB28F42F0
:1071F00000D90F001268CEE7BE4206D33900300036
:10720000EBF7FEFE78430500D1E7012500966D42BD
:1072100038000099EBF704FF0023994201D1009D4B
:107220000133009A023A00920099019A8A42BED82C
:10723000002BEDD0BBE701256D42BBE72803000022
:10724000002210B5030011000120FFF7BBFD10BDA7
:10725000F0B58DB001240A9101920293002A37D033
:10726000029B002B34D0129B1D88139B1B88049318
:107270009D422DD8464B1B680793029B079E013BFE
:107280009BB209931300029A9B1A9BB20693039335
:1072900083B20B93002E00D175E0049BAB4200D269
:1072A00073E00A9BFF2B16D10024049BAB4200D84D
:1072B0006BE05F1B039B9F4200DD1F0028000199CC
:1072C000EBF7AEFE129B89B21980139BC919198086
:1072D00020000DB0F0BD7768002F23D0F368059330
:1072E000002B1FD07F22B38A13400B9A934219D0F0
:1072F000019CBC4200D93C00A3B2059A0893029BB2
:107300009B189C423DD3B3680198A1B20893EBF758
:1073100087FE89B2002905D121003800EBF780FEF5
:10732000002901D03668B5E7089B2800E318A1B210
:107330001F00EBF775FE88B2381A2100EBF770FEDC
:1073400005988BB201380F00401821000893EBF725
:1073500067FE099BBAB289B2934201D28A4206D92A
:107360000135069B6918079E8DB2039392E7039B34
:10737000029A9B18BB42D5DD089B9B1A9BB20393D4
:10738000D0E7032491E734008FE70324A0E7C04649
:1073900028030000F7B52B4F2B4DBB89BE68AB808F
:1073A00001235B422B60294B0193002E15D1019ADA
:1073B000274B5343AA889A4200D91A00AA807A68B8
:1073C000531C09D02B68591C05D09B1A21491B015D
:1073D0001B098B4200D92A60F7BD002380221206C8
:1073E000DA40164202D10133202BF7D11F22D31AE3
:1073F0000093194B009A1B78934205DC0022174B2F
:10740000110001201B689847009BDA00144B1B6891
:107410009B181C68002C0FD098880D49EBF7F0FDE5
:10742000241AA4B2022C01D9023CA4B2019BA342AB
:1074300000D923009BB201930123009A93409E43FD
:10744000B3E7C0463803000048030000FFFF000018
:1074500071020000FEFFFF0705060000580600004D
:107460003403000037B50138012822D8114C10220E
:10747000002120001DF024FD0F4B00211A780F4B36
:10748000D20018681DF01CFD01230D4D5B426360A6
:107490002B606B46D91D022322000B70094B17206D
:1074A0001B680C329847002801D0074BA381A389A1
:1074B000AB8037BD38030000050600003403000030
:1074C0004803000010060000E4570000012282403B
:1074D00010B503490B7813430B70FFF75BFF10BD2A
:1074E000380300000122824010B503490B78934312
:1074F0000B70FFF74FFF10BD3803000003000120A1
:1075000070B505009D40084A14782C431470022B76
:1075100003D15160FFF73EFF70BD0022034B110005
:107520001B689847F6E7C04638030000580600007D
:107530000300012010B504009C400B4A1178A143C0
:107540001170022B0AD1033B5360FFF723FF074B57
:107550001B68013301D113F0FBFF10BD0022044B67
:1075600011001B689847F0E738030000480300004B
:1075700058060000033810B501280ED80A48CC0080
:1075800000680019838001238B400260074A9168DC
:107590000B439360FFF7FEFE10BD0022044B110069
:1075A00001201B689847F5E734030000380300000A
:1075B00058060000033810B501280DD800200A4BEA
:1075C000CA001B68D05001238B40084A9168994338
:1075D0009160FFF7DFFE10BD0022054B1100012076
:1075E0001B689847F5E7C0463403000038030000E5
:1075F0005806000010B5040000F02EF8002C02D050
:1076000020000CF06FFF200006F0C2FB200000F00D
:107610001FFC10BD70B580256D020B4A1368002B4E
:1076200011D02B42FAD0094B094C1D60094B0320A5
:1076300019681A682368120C98470022012011006B
:1076400023689847E9E770BD10000050140000500F
:1076500058060000600000507021F0B5824D0C26E5
:107660002B780400181D414303209A1C56435431C3
:10767000FF313618814389197C4E8143377838268B
:107680007E433618891930265E438143AB31361864
:1076900081438919764E8143891946265E43814389
:1076A0003618891912021218814389182722534368
:1076B00081431B18C91881436E4B69318143C91836
:1076C0008023814309188143091885B081431B0237
:1076D000994204D9684B890A1B68073A9847002CDD
:1076E00005D0013C012C00D89AE005B0F0BD210086
:1076F000202262481DF0E4FB5B4B702518785B4B41
:1077000041001A7838235A43083B4343033301931B
:107710000C23071D84B20230434303269C467D435D
:107720005435FF35B444B54365440332B543551968
:10773000B543019BAB35B5435D194D4BB543ED18D2
:10774000B543ABB24E4D02932B680139039323230B
:107750009C4609B24B1C57D170250C266F4381B251
:10776000704354376D3DFF37AF4340193818A84375
:107770001218AA43019BAB32AA439A18AA4392B2A9
:1077800015004048404B0068D318FB3D9BB2443085
:10779000ADB20380013BFF3B9BB20838AB42F8D14E
:1077A0004623334E634392190326601CB2430333CE
:1077B0009B180500C2003548B34300689BB280188F
:1077C000ADB22A02013D9A182DB2828008386A1C97
:1077D000F6D12720090203315B18032144438B4370
:1077E00064181B198B432A4A693312688B43294951
:1077F0005B1811009BB22C31043A0B80FE3B083918
:107800009BB28A42F9D170E766468DB26E43029B05
:10781000C9009E19039B013D59188E8029B299E732
:10782000164C2B7816492000082209685B001BF0D3
:1078300047FF2000134909230822096808301BF07C
:107840003FFF20002B7811490822096802331030CD
:107850001BF036FF20000E49062308220968183065
:107860001BF02EFF41E7C04605060000070600009A
:1078700003090000F705000058060000600300003F
:10788000580300005C0300000508000050030000DE
:1078900054030000F6040000074B70B51B689847BE
:1078A000050006481BF066FF0400054B28001B6816
:1078B0009847200070BDC046E4050000600300004A
:1078C000E8050000F8B5060070201E4B03241D7863
:1078D00023212B1D58430C23AA1C53435430FF3043
:1078E0001B19A043C018184BA0431A7838235343E0
:1078F0001B19C01830236B43A043AB301B19A043A6
:10790000C018124BA043C018A043301AEBF778FB05
:10791000C7B26D00AF4205DB0D4B320039002000CD
:107920001B6898470B4B1B68984704000A4BF900EB
:107930001F680A4879181BF0D5FE094B20001B6808
:107940009847F8BD0506000007060000030900007F
:1079500058060000E4050000580300006003000022
:10796000E8050000044810B508301BF003FF0028AC
:1079700000D0808810BDC0466003000070B51C4B6D
:107980000C24197870230A1D534303228D1C6C4369
:107990005433FF33A41893431B19164C9343257893
:1079A00038246C43A4181B193024FF2661439343E9
:1079B000AB33934389185B1805389343C01A3042A0
:1079C00003D1040AE3B2082B00D9FEE70A4B344086
:1079D0001B6898470500094B0948E1001C680830FE
:1079E00061181BF07FFE074B28001B68984770BD8D
:1079F0000506000007060000E40500005C03000027
:107A000060030000E8050000084B70B51B6898474C
:107A10000500074810301BF0ADFE0400054B2800A0
:107A20001B689847201E00D0A08870BDE4050000A8
:107A300060030000E805000070B57024194B0200D7
:107A40001B780320191D4C430C219D1C69435434A1
:107A5000FF34091884436418134984430D7838218E
:107A6000694309186418302159438443AB34091819
:107A7000844364180D498443641846215943844360
:107A8000091864188443141B240AE4B20133A34286
:107A900003DA074B21001B689847064BE0001C687F
:107AA000201870BD0506000007060000030900004D
:107AB000580600005003000070B570241F4B0200F0
:107AC0001B780320191D4C430C219D1C6943543421
:107AD000FF34091884436418194984430D78382108
:107AE000694309186418302159438443AB34091899
:107AF00084436418134984436418462159438443DA
:107B0000091864188443141B240AE4B20133A34205
:107B100003DA0D4B21001B6898470C4B1B689847F4
:107B200005000B4B0B48E1001C68103061181BF07E
:107B3000D9FD094B28001B68984770BD0506000059
:107B4000070600000309000058060000E4050000D5
:107B50005003000060030000E8050000084B70B50A
:107B60001B6898470500074818301BF003FE040007
:107B7000054B28001B689847201E00D0A08870BDC8
:107B8000E405000060030000E805000070B5050092
:107B90007020274B03241A78111D48430C21931C95
:107BA00059435430FF300919A04340182149A043DC
:107BB0000E78382171430919401830215143A043F0
:107BC000AB300919A04340181B49A0434018462177
:107BD0005143A043091940181B021B19A043C018A8
:107BE00027235A43A04312198018A0436930A043A9
:107BF000FE21281AEBF704FAC6B2C0B2052805D94F
:107C00000E4B2A00310020001B6898470C4B1B6864
:107C1000984704000B4B0C48F1001E68183071188F
:107C20001BF060FD094B20001B68984770BDC046E3
:107C300005060000070600000309000058060000C2
:107C4000E40500005403000060030000E8050000A4
:107C500010B502000C000123002103481AF010FDAA
:107C60000470FCF71BFA10BD0111000010B50200F2
:107C70000C000123002103481AF002FD0470FCF7F8
:107C80000DFA10BD02110000F7B50024009001911B
:107C9000124D2B78A3421BD94426114F66433B68F3
:107CA00099190B0040331B78092B02D00134E4B240
:107CB000EEE7009820311BF085FA0028F6D03B68EB
:107CC000019A9E190736F37F534001221342EDD1EA
:107CD0002878844280414042FEBDC046050600002F
:107CE00080030000F0B5002485B00190029103925A
:107CF000174D2B78A34225D94426164F66433B687F
:107D000099190B0040331B781A000E3A012A04D946
:107D1000112B02D00134E4B2EAE7019820311BF0C4
:107D200051FA0028F6D03B68029A9E193300363388
:107D30001B78534001221342ECD12E363378039A3C
:107D40009342E7D1287884428041404205B0F0BD9B
:107D5000050600008003000030B500200A2401253C
:107D6000074B1968074B1B780133220042438A18DE
:107D7000527A2A4203D00130C0B28342F5DA30BDD4
:107D80008403000005060000F7B5050000240A265C
:107D9000012701910D4B186833006343C018437AE3
:107DA0003B4208D10A4B01341B78E4B20133A342B1
:107DB000F0DA2000FEBD037A019A9342F2D1290045
:107DC0001BF000FA0028F4D1ECE7C0468403000061
:107DD00005060000F7B505000024272601270191BC
:107DE0000C4B1B78A34213D90B4B18683300634329
:107DF000C0188379FF2B02D10134E4B2F0E7019A75
:107E00003A409342F8D129001BF0DCF90028F3D066
:107E10002000FEBD07060000880300000A4B18780A
:107E20000A4B1A6800230632984204D1C01A434212
:107E30005841C0B270472732110027390978FF290D
:107E4000F4D10133DBB2EFE707060000880300003E
:107E5000F7B5012820D0022800D1B3E0002802D1D4
:107E60005A491AF045FFF7BD2A00594B62431B6877
:107E7000D058002802D00C381AF058FC0134E4B273
:107E8000544B1B78A342EFD8002104201AF056FB74
:107E9000002106201AF052FB4F4CF4220021200052
:107EA0001DF00EF827224D4B4D4D1B7800215A43F3
:107EB00028681DF005F84422464E00213378062735
:107EC0005A43434B18681CF0FBFF0A223378002109
:107ED00002335A43434B1F2618681CF0F1FF23005E
:107EE000E122543392001A803F4B082263623F4BD9
:107EF0003F4963853F481CF0C7FF01223E4B524279
:107F00001A60FF21267705323C481CF0D9FFA31CDC
:107F1000DE776B4669463A4E5F713A4B320001207C
:107F20001B6805319847002804D03A0030003649D4
:107F30001CF0AAFF20236A4653716B46314F591D2E
:107F4000324A3B68802098476B46012269469E1D55
:107F50005A7115203B6832000531984701230028EB
:107F600001D1327813402200EF32137001266B46A4
:107F70006946DF1D5E71234B3A0019201B680531ED
:107F80009847002801D13B781E40F0346B4626709C
:107F9000012669461E4C5E711A4B220016201B6892
:107FA00005319847002800D026700C4A2B681178BC
:107FB00027224A43FF21D2189A4200D153E79971F0
:107FC0002733F9E7002444255AE7C046FC8301180B
:107FD00080030000050600008C0300000706000077
:107FE00088030000840300001B004801070700000D
:107FF000F082011890030000A4030000A903000010
:10800000980300001006000060360318BF0300004C
:1080100078040000012310B5094C83402268002930
:1080200006D0802013434001236019F0FFFC10BDEF
:108030009A432260FBD18020400119F037FEF6E719
:108040008C030000F8B544241E4E444333680021DD
:108050001F190500FFF7DEFF0022336804371B19E4
:1080600040331A703800FFF781F833681819C31DC0
:10807000D97F2030FFF788FE134B1B7801338342F2
:108080000EDB0A22114B42431B689B185B7A9B074D
:1080900006D533681919CB1DDA7F20310BF0D8FFD4
:1080A00030680019C31DD97F2030FFF793FE084BBD
:1080B0001B78834202D900210CF066FD2800FCF7F2
:1080C00015F9F8BD800300000506000084030000D8
:1080D0000706000000487047A9030000054BC208CE
:1080E0009B1807221B7910400341180001231840F8
:1080F0007047C0468C03000000487047F8820118A2
:10810000024B5A330020185E7047C0468C030000B3
:10811000024B58330020185E7047C0468C030000A5
:1081200044234343024A1068C01804307047C046D5
:1081300080030000F7B50BF013FF01900BF046FF32
:1081400004000021012594340726464ACB10D31899
:108150001A7E0E4032412A4206D12A00B240160051
:108160005A7FB2435A7711E03F4A1278002A0DD065
:108170008A00019F8258BA1AC827120112097F018A
:10818000BA423AD20022A2560132E6DB0131013472
:108190002529D9D1354E30001BF022F801281AD8F4
:1081A000002301212F4F07251C002C40A4466546C3
:1081B000DA10BA18147E2C410C4209D00C00AC40E5
:1081C000A4466546547F2C435477012803D0080009
:1081D0000133252BE7D1002430000CF05FFE250091
:1081E000234B1B78A34214DC002D37D0FA22002148
:1081F000042012011AF008F9F7BD00272770FA27AA
:10820000FF01BA42C2D92A00B24016005A7F324357
:10821000A8E744236343174F0193019A3B689B18D7
:108220001A0040321278092A0BD10833DA7F002A6B
:1082300007D1012321021943022089B21AF05EFA04
:1082400001253B68019A9B1840331B780C2B03D106
:108250003100E0B211F036FA0134C1E7014B0333CB
:10826000DD77C9E78C0300007C040000A90300004F
:108270000506000080030000F8B500230400442731
:108280000E4A0F49037023781678B34210D2380093
:1082900058430D682818050040352D78002D0AD167
:1082A0002022290020301CF00BFE2378B34200D39B
:1082B00007252800F8BD01332370E4E70506000018
:1082C000800300004423064A434310680022C0187C
:1082D000030010B540331A700430FEF747FF10BD9D
:1082E00080030000014B18687047C04688030000F7
:1082F000FFFFFF0700000000FF79010F00000000F2
:108300000020024B0433D8777047C0468C0300002E
:1083100070B522230D003E22002109481AF0B0F961
:108320000026092304002900037046702022023031
:108330001CF0AAFD2000FBF7B1FE300070BDC04666
:1083400004110000F8B53E220D00422300210F4821
:108350001AF096F920260823002704000370320043
:108360002900477002301CF08FFD2000A91932004F
:1083700022301CF089FD2000FBF790FE044B3100F9
:108380005B68044A802098473800F8BD041100005B
:1083900010060000BF03000070B511230D00094A4C
:1083A000002109481AF06CF9691C0400002510220C
:1083B00001301CF069FD20002570FBF76FFE2800DE
:1083C00070BDC0461720000001110000FA2210B550
:1083D000064B920054331B88062000215A431AF0A2
:1083E00013F80BF0F7FD002010BDC0468C03000011
:1083F00010B5FFF79FFE002010BD00000884011893
:108400008004000001001200070000009983011899
:1084100004000000F1830118050000000183011829
:1084200006000000CD8301180800000045830118F4
:1084300009000000118301180A02000049DA01183E
:108440000202000071AD011807020000D5AD01184D
:1084500008020000E5B201180300000065C0011821
:1084600001020000A1C0011806020000D5CD0118CC
:108470000302000079C6011804020000D5C70118E4
:1084800005020000A1CB01180902000089D60118DD
:108490000511000031920118442130B5104B1A68C3
:1084A000104B14001B78403459430023994201D1EA
:1084B000012030BDE05C851E012D05D8D058C07C60
:1084C00000280BD14433F1E7072802D1D058407877
:1084D000F6E70528F6D1D0580078F1E70020E8E764
:1084E000800300000506000030B50D4A0124117814
:1084F00044220C4B4A431B680B484033D21893422A
:1085000001D1002030BD197844331129F7D8050076
:10851000CD40290025008D43F1D10120F2E7C0466E
:108520000506000080030000AC400200F7B5174AC2
:1085300001911400EE34257803000C21012D1FD089
:108540000A39217007781031022F19D8FA24468889
:108550006400A64214D285880D482C000A3CA4B2BF
:1085600084420DD89C7917232000984308D111002C
:108570002C310F70110032310C700100D685158638
:108580000198FFF765FB0020FEBDC0468C0300008C
:10859000F63F0000F8B503001A7808001400022125
:1085A0000C400A4203D19D781031002D2AD00121C0
:1085B00015000D400A4206D15A781131002A21D007
:1085C000002C0AD101E0002C20D107229E78112135
:1085D0003240964216D1002D08D15E78072237002E
:1085E00011211740BE420DD1002C00D19A78084CC1
:1085F00021002B310A700722002D00D15A7800216A
:108600002A342270FFF724FB0020F8BD0722EEE792
:108610008C030000030070B51C88080022001B3A80
:108620001221E02A0BD85A88074D1300493BFF3B23
:108630009BB2AB4203D80021044B9C84DA84FFF741
:1086400007FB002070BDC046484100008C030000BD
:1086500070B50C000500FFF747FF0C21002809D179
:108660002B780631012B05D8012201001340044A62
:10867000563213702000FFF7EBFA002070BDC046A1
:108680008C030000030013B540331B7802000C007C
:10869000002B0CD10D491E33C85C002813D1013BBF
:1086A000FAD20C212000FFF7E1FA002016BD08499C
:1086B00000201300019009300090203307381CF08F
:1086C000A5F80100EEE70349F2E7C046C003000049
:1086D0008A920118BF03000002001E2313B50C008C
:1086E0000B49C85C002807D1013BFAD20C212000BD
:1086F000FFF7BCFA002016BD0021130001910931DB
:1087000000910220034920331CF080F80100EEE7BD
:10871000C0030000BF03000073B508000021FFF78D
:10872000A5FA6A460123D3716B46154E941DD91DD7
:108730002200822033689847002801D0002323704C
:1087400020236A46D37123780E4D002B09D0694649
:108750002A008020336807319847002806D000237C
:108760002370002128001CF09DF802E02378002BE4
:10877000F7D02800002208211CF06AF8002076BDFE
:1087800010060000BF03000010B50A0000210A23F4
:10879000074819F075FF0024FB22064BC2800381B5
:1087A000428083800470FBF779FC200010BDC04636
:1087B000011100004808000010B500210623074AF7
:1087C000074819F05DFF0024064B9A8C4280DB8C31
:1087D00004708380FBF762FC200010BD23200000A2
:1087E000011100008C03000070B50400A026A02534
:1087F000012300210F4A104819F042FF0223E15ED5
:10880000F6008B199BB22D01AB4211D80023E25E1A
:1088100093199BB2AB420BD8084B1C005A331A80F9
:108820000023583421800370FBF738FC002070BD12
:108830001223F8E74D200000011100008C03000016
:1088400010B500210623094A094819F019FF094B00
:1088500000241A00583212885A3382801B88047010
:108860004380FBF71BFC200010BDC0464C200000DD
:10887000011100008C03000070B50E4A0323002193
:108880000D4819F0FDFE0D4D00262B0006702C330F
:108890000400012118786B6998472B0060702D3314
:1088A000012118786B699847A0702000FBF7F6FB50
:1088B000300070BD4B2000000111000020060000B8
:1088C00010B50A0000210223054819F0D9FE002442
:1088D000044B04701B784370FBF7E0FB200010BDD5
:1088E000011100000706000010B50A000021022354
:1088F000064819F0C5FE0024054B04701B780233AE
:108900004370FBF7CBFB200010BDC04601110000F7
:108910000506000010B50021084A0623084819F092
:10892000AFFE084B00241B78047002330371FB2355
:108930004380FBF7B3FB200010BDC04602200000BF
:10894000011100000506000070B507230A00094860
:10895000002119F095FE00250400074906220C317C
:1089600001301CF091FA20002570FBF797FB2800DE
:1089700070BDC046011100008C0300000A0010B554
:108980000A230021074819F07BFE0923064A0381C8
:10899000C2804380C632013302800371FBF77EFB45
:1089A000002010BD011100003A0900000278F8B55E
:1089B00053425A41124B0E001B680500591E8B4151
:1089C0000024442743219A4204D00E4B1B78A34233
:1089D00005D800213000FFF73BF90020F8BD3A0030
:1089E000094B62431B689B1840331B78092B03D14A
:1089F000200029780BF0D6F80134E4B2E5E7C04650
:108A00008C030000050600008003000070B5124BC7
:108A1000040056331B780D00002B04D0FFF764FDD3
:108A20000C23002812D1E2791223012A0ED82178D2
:108A300001290BD8601CFFF7CDF9084B1A780223E7
:108A4000824203D9E1790CF079F80023280019005B
:108A5000FFF7FEF8002070BD8C0300000706000041
:108A600070B509230021084A084819F009FE0025BD
:108A700004000822064901301CF006FA2000257087
:108A8000FBF70CFB280070BD1C200000011100004A
:108A90003C95011813B5010000240122034B10314D
:108AA00000941AF0CCFF200016BDC046B18A011810
:108AB000002270B5112306000D000720110019F0E7
:108AC000DFFD040029000670102201301CF0DCF9E3
:108AD000200019F0F9FD70BD70B50A0005000723EC
:108AE00000210E4819F0CCFD1223037029780400F0
:108AF00001290AD8681CFFF76DF9094B1B788342DE
:108B000008D9611C0CF08CF820702000FBF7C6FA25
:108B1000002070BD02232370F7E7C046011100005A
:108B20000706000070B50A000500072300210E4863
:108B300019F0A6FD122303702978040001290AD830
:108B4000681CFFF747F9094B1B78834208D9611C61
:108B50000CF03EF820702000FBF7A0FA002070BD5A
:108B600002232370F7E7C04601110000070600004A
:108B700003880C485A1E92B210B50C001221824292
:108B80000AD8094A002154321380FA2292000620A2
:108B90005A4319F039FC00212000FFF759F8002052
:108BA00010BDC046B7A100008C03000010B5104BEB
:108BB0000C0056331B78002B04D0FFF795FC0C21DA
:108BC00000280CD10B4B1A680B4B197827234B4309
:108BD000FF219B189A4207D10BF05AFC002120007C
:108BE000FFF736F8002010BD91712732F2E7C0463A
:108BF0008C030000880300000706000070B50678AB
:108C00000D0004001221012E1DD8114B56331B7884
:108C1000002B04D0FFF768FC0C21002813D1310091
:108C2000601CFFF7D7F80B4B04001B78022183422E
:108C300009D90BF065FF2720074B44431B6800212F
:108C40001C19FF23A3712800FFF702F8002070BD54
:108C50008C0300000706000088030000F0B50478CC
:108C600089B007000691012C06D912210698FEF75B
:108C7000EFFF002009B0F0BD3D4B56331B78002BB1
:108C80002FD100263B4B1B7805933B4B1D687B1C6B
:108C900040350493059BB34229DC0023210004984E
:108CA0000593FFF771F8334B00251B78013383429E
:108CB00007DB0A22314B50431B681818457AAD0771
:108CC000ED0F39780498FFF785F82D4B1A7882421A
:108CD000CBD800242B4B1B680633A24217D10721A7
:108CE000C4E7FFF701FC0C210028BFD1C9E72B78AE
:108CF000092B07D129000622049820391CF0B6F868
:108D0000002802D001364435C4E70123C6E72733E3
:108D1000190027390978FF2902D00134E4B2DCE7D1
:108D20003E00FB1D0793059B173601933B782000FF
:108D300004990093FA1D330002950BF02DFE2720B5
:108D4000104B444318683B780419A3710622791C20
:108D500020001CF099F810223100E01D1CF094F85E
:108D600020000799102217301CF08EF800217DE7B3
:108D70008C0300000506000080030000840300004F
:108D80000706000088030000F8B50D000400FFF797
:108D900083FB0C21002805D021788B1EDBB2FC2B35
:108DA00005D812212800FEF753FF0020F8BD661CED
:108DB0003000FEF7E9FF0D4B1B7801338342F0DBF7
:108DC0000A22022142430A4B1B689A18537A0B422B
:108DD000E7D05F0707D58B435372310022780BF041
:108DE000C5F90021DEE70321F5E7C04605060000CE
:108DF00084030000F8B50D00FFF74EFB0C2100289E
:108E00001BD000240A26012731000F4B61431B6849
:108E100059184B7A3B4208D05A0713D50222934384
:108E200020000A7A4B720BF0A1F9084B01341B7831
:108E3000E4B20133A342E7DA00212800FEF708FF7D
:108E40000020F8BD0322EAE78403000005060000C5
:108E5000F7B505000191FFF71FFB0C26002805D090
:108E600029788B1EDBB2FC2B06D812263100019824
:108E7000FEF7EEFE0020FEBD6F1C3800FEF784FFFB
:108E80001B4E040033780133834227DB0A22194B3F
:108E900042431B689B185B7A9B07E6D40A23634313
:108EA000144E0093009A33683900981806221BF07C
:108EB000EBFF3368009A29789B180322587A1972BD
:108EC00002435A723800FEF7DFFE0026B042CDD1D1
:108ED000390020002A780BF0BBF8C7E7FEF73CFF0B
:108EE00033780400023307269842D7D1BEE7C04644
:108EF0000506000084030000F8B5164E0500043690
:108F0000F37F0F000C24002B04D104791F339C4302
:108F100006D0122438002100FEF79AFE0020F8BD8A
:108F20001AF05EF90138C0B22428F2D829000522CF
:108F300009481BF0A9FFFA2221009200052019F030
:108F400063FA012321000420F37719F0F7FAFFF701
:108F5000F1F8DFE78C030000A4030000F7B505007B
:108F600000240191384B1B78A3420DD837492800C3
:108F70001AF028F91221041E61D129000622344872
:108F80001BF082FF21005AE0442363430093314BDE
:108F9000009A1B689B181A0040321278911E012912
:108FA0002DD92C4F009A3B689B181A00403212783A
:108FB000072A0CD11E68002E04D1274B2100032064
:108FC0001B689847022233789343012B32D0009AD2
:108FD0003B689B181A0040321278052A0CD11E6893
:108FE000002E04D11C4B210003201B68984702224D
:108FF00073789343012B1DD00134E4B2B2E71749D3
:10900000EE3109780129CCD11E68002E04D1124B13
:10901000210003201B689847102372881A4204D14C
:109020000D4B210003201B6898470222F37A9343DB
:10903000012BB6D1044B0C211B78A34296D9019881
:10904000FEF706FE0020FEBD05060000663603188A
:109050009E03000080030000580600008C030000FF
:1090600070B509230021094A094819F009FB0400D9
:10907000FFF742F8002501000822601C1BF004FFE6
:1090800020002570FBF70AF8280070BD03200000BF
:109090000111000070B50C00074D082201002800E6
:1090A0001BF0F2FE28000421FBF740F9200000210C
:1090B000FEF7CEFD002070BD9003000010B50C003F
:1090C0000221FBF733F901002000FEF7C1FD00206B
:1090D00010BD10B50C000321FBF728F9010020009A
:1090E000FEF7B6FD002010BD10B50C008188008889
:1090F000FCF7A8FF01002000FEF7AAFD002010BD2C
:10910000007810B50C001221032804D80123184060
:10911000FCF7A2FF01002000FEF79AFD002010BD21
:1091200070B50A0009230021084819F0A9FA08229D
:109130000400002101301BF0C3FE00256023200045
:1091400025706371FAF7AAFF280070BD01110000B5
:1091500070B541230A000B48002119F091FA040070
:109160002A22094901301BF08FFE2000002516221B
:1091700000212B301BF0A4FE20002570FAF78EFF93
:10918000280070BD011100006092011810B50C009C
:1091900018F080FB20000021FEF75AFD002010BDD2
:1091A00010B503000C4A00780C001278002803D098
:1091B0005988914203D29888FCF770FF09E0002299
:1091C000064B110001201B68984712212000FEF772
:1091D0003FFD002010BDC0460506000058060000F7
:1091E00070B500210F4A09230F4819F049FA0F4DB5
:1091F00004002B689847030AA370030C6070E370A7
:10920000000E2B68207198470025030A6071A37136
:10921000030C000E207225702000E371FAF73EFF68
:10922000280070BD18200000011100001407000084
:10923000002270B50C001900084BD000C518185A50
:10924000884205D16B68181E01D02000984770BD78
:109250000132522AF1D10020F9E7C046AC92011840
:109260002000800000C000000000E4000000282270
:10927000000000000000040000F7FFFF7F00000076
:1092800030F0FFFFFFFFFFFFFF17BD1A3CCDA6B870
:10929000995899B740EB7B60FF4A503F10D2E3B337
:1092A000C974385FC5A3D4F6493F000039200000D7
:1092B000F5A2011836200000919D0118372000000A
:1092C00011A00118030C00008D910118011000007D
:1092D0007D89011809100000498901180210000059
:1092E000519101180310000021910118010C000098
:1092F000D3900118630C0000BD900118310C0000E0
:1093000001910118330C0000E9900118350C0000A0
:10931000A191011801200000959001180220000081
:109320001589011803200000619001180520000034
:109330005D8F0118062000005998011808200000D0
:10934000C19901180A200000119B01180920000092
:10935000699A0118072000000D98011835200000B7
:10936000899F0118382000009DA101183A200000B3
:10937000EDAB01183B20000025AC01183C2000009B
:1093800089AC01183D200000F9AC01183E20000016
:10939000F5A701183F200000E5A8011840200000B3
:1093A0000DAA01180B20000025B501180C200000A3
:1093B00049B601184120000025B8011842200000DC
:1093C00035B9011844200000A1BB01184520000058
:1093D0009DBC01184620000075BD01184720000003
:1093E000D1BD011848200000A9BE01184920000085
:1093F00059BF01184A200000D1BF011859200000B0
:1094000011C001180D20000049D001180E200000E5
:1094100005D6011843200000D5D201181420000001
:10942000F98E01180F200000E988011810200000B3
:10943000F58D011811200000518E01181220000036
:10944000898D01182A200000C188011827200000FA
:109450005D8C011828200000FD8B011829200000D8
:10946000AD8B01182E200000718B01182D200000FB
:10947000518601182B200000258B01182C2000009C
:10948000D98A011817200000958A011818200000B9
:10949000E19101181C200000618A01184B20000096
:1094A000798801184C200000418801184D200000E7
:1094B000E98701184E2000000D8A01185F20000086
:1094C000AD89011823200000B9870118242000006D
:1094D000158601182F200000898701181D20000023
:1094E00071DA01181E200000ADDA011833200000E7
:1094F000F5DA0118342000003DDB01184F20000090
:109500008DDB01185020000019DC01181F2000001D
:10951000A1DC011825200000198701182620000071
:10952000D98601185E2000008586011831200000D0
:10953000958501185D2000002D850118FFFFFFFFB4
:10954000FF03000070B5438805000C00DB0605D55D
:109550000022104B110001201B6898476B880120E6
:1095600019000140034203D10A4B0A001B689847C7
:10957000698806224B0700D59218D31C490600D4EF
:10958000931C0133DBB21B190020FE2B00DD1230CF
:1095900070BDC0465806000070B544251D4C4543BB
:1095A00023685B59002B05D000221B4B11000120C2
:1095B0001B6898470022236811005E1910001A23C7
:1095C00019F05EF8FF2330602068002645192C68EA
:1095D00031002370EC3B638080231B01A3800823B0
:1095E00020002381013BE6806381267306220D3033
:1095F0001BF066FC8023FF33A3827F3BE382074B93
:10960000E6742683DA682A631B8AAB860123403519
:109610002B7070BD80030000580600008C03000012
:1096200070B54425354C454323685B19188C0028D8
:1096300005D0FEF7ABFA002223685B191A62236893
:109640005B19988C002805D0FEF7A0FA0022236849
:109650005B195A6223685B19188D002805D0FEF744
:1096600095FA002223685B199A6223685B19988D2A
:10967000002805D0FEF78AFA002223685B19DA6217
:1096800023685859002805D00C3819F04FF80023EA
:109690002268535123681A495A193D3212780978C1
:1096A000914225D9442656439B19188C002805D091
:1096B000FEF76CFA002223689B191A6223689B1933
:1096C000988C002805D0FEF761FA002223689B19C8
:1096D0005A6223689859002805D00C3819F026F8EA
:1096E00000232268935123689E190023403633706B
:1096F00000232068451940352B7070BD80030000A1
:109700000506000070B504000E00FE2805D90022F1
:109710000F4B110001201B689847F0212000E9F74A
:109720006FFC0130C5B2FF20012D04D80F348442F4
:1097300000D90400E0B2013EF1B219F06FFF2D3004
:10974000FF3068430349E9F75BFC0130C0B270BDEC
:10975000580600007102000070B514000F4B06009F
:109760001A78E3B20D009A4205D80D4B220003206F
:109770001B68E1B29847002E0FD14420E4B2444365
:10978000084B18680019030040331B78022B04D1E2
:109790000622290036301BF077FB70BD050600005D
:1097A0005806000080030000F7B50D00002401906A
:1097B000134F3B78A34202D8FF242000FEBD442271
:1097C000104B62431B689B181A0040321278511EDE
:1097D000022902D90134E4B2EAE71E68002E04D15E
:1097E000094B210003201B6898473378019A934264
:1097F000F0D13B78A342DFD9002DDED02E60DCE72C
:109800000506000080030000580600000A0010B59D
:10981000022300210D4818F033FF0D4B04001A00FD
:109820002D3210785B69012198470A4B6070EE3346
:109830001A78022A06D10C2320002370FAF72EFC96
:10984000002010BD01221A700023F5E7011100006D
:10985000200600008C030000F0B5544B87B0039144
:10986000EE331A780400022A00D19DE00122002183
:10987000FF201A70FFF798FF04AAD51D0300287077
:10988000FF2813D04A4A106844225343C01840307E
:109890000378012B00D087E02379042B0FD9122104
:1098A0000398FEF7D5F9002007B0F0BD2800FEF7B9
:1098B000E3FC011EF4D12878FFF76EFEECE7012BE4
:1098C00009D0218862889142E9D81F29E7D98021EF
:1098D000C9018A42E3D8627B013A062ADFD8A27B1B
:1098E000032ADCD86279032AD9D8A279012AD6D8EA
:1098F000012B03D000220292042B07D12D49E01D39
:1099000019F060FC0028CAD10123029344230021EE
:109910002A78274F53433A68D3181D68264A2800EF
:10992000019323790D30D35C6B80638869721A0AC6
:109930002A72EB712388A971AB80637B0622AB721C
:109940006679E11DEE72A3792B731BF09DFA00235B
:10995000029A9A4200D1A37BEB74032E1DD83000EB
:10996000019B124930331BF063FA02120212019A72
:10997000C86810630A8A9A80442204ABD9793B688C
:109980004A439B180122403300211A7088E70622BF
:10999000180012311BF078FAEEE7084B0022310074
:1099A00003201B689847E7E70C2179E78C03000048
:1099B000800300006636031800B401185806000042
:1099C000F0B5274B85B00191EE331A7805000C21D4
:1099D000022A38D001221A70037806311F2B32D8A0
:1099E0000021FF20FFF7E0FE02ABDE1D3070FF28F4
:1099F00007D13000FEF740FC011E24D13078FFF77C
:109A0000CBFD44223378174F53433A68D3181B8C4D
:109A10000093FEF7A3F80721041E14D021002A7832
:109A2000681C17F0B3FE442230783B684243297823
:109A30009B181C84598440331B78022B09D12200C7
:109A40000DF02CFE00210198FEF702F9002005B070
:109A5000F0BD009B002BF5D01800FEF797F8F1E75A
:109A60008C03000080030000F0B5274B85B0019106
:109A7000EE331A7805000C21022A38D001221A7020
:109A8000037806311F2B32D80021FF20FFF78CFE10
:109A900002ABDE1D3070FF2807D13000FEF7ECFB73
:109AA000011E24D13078FFF777FD44223378174F19
:109AB00053433A68D3181B8D0093FEF74FF80721E4
:109AC000041E14D021002A78681C17F05FFE44227F
:109AD00030783B68424329789B181C855985403370
:109AE0001B78022B09D122000DF008FE00210198FD
:109AF000FEF7AEF8002005B0F0BD009B002BF5D0BE
:109B00001800FEF743F8F1E78C0300008003000023
:109B1000F0B5964B93B004900591EE331A78022A73
:109B200014D001220021FF201A70FFF73DFE06AB82
:109B30009C1C049B20701B78002B03D0012B26D08B
:109B400012210FE18A4B1B78834201D80C2109E1D5
:109B500044252A00874E424333689A1840321378CE
:109B6000022BF3D10DF060FD011E00D0FAE0227847
:109B7000336855435D19032340352B70049B002146
:109B80001B78002B00D0EDE0002013B0F0BD784B27
:109B90001B78834269D94422764B50431B681B18BB
:109BA00040331B78012BD1D106ABDD1C00232B7079
:109BB000704B21781A6844234B439C58E37ADB07A7
:109BC0005CD46388DB0711D52800FEF755FB011E26
:109BD00000D0C7E00C2362881A4207D02000217B06
:109BE0000D30FEF751F8002800D0BAE00A26210017
:109BF000638807AD02932B83637A227A1B041202D7
:109C00001343E2790D311343EB60A37A06226B779D
:109C1000E37A0193AB77237B0393EB7706ABF618DC
:109C200030001BF031F9E27C06AB0533DA77227D98
:109C300006AB0633DA77637D06AA0732D377A17DB8
:109C400008AAD177092206A95218D377237EF37781
:109C50000B23627E5B18DA77019B4449DB0715D43E
:109C6000CB6807930B8AAB8015E02000FEF704FB5E
:109C7000011E77D12078FFF78FFC95E73E493F48DA
:109C800019F0A0FA002800D05AE79AE70622280027
:109C900012311BF0F9F8442206AB9F1C3B78354D7E
:109CA0005A432B682C209A18118C07AB1982518CBF
:109CB000334E9982118D5982528D06A9DA82002283
:109CC0005A831A77294B09AA56331B780918D37778
:109CD00032780A70002B02D0029B5B0702D4019BF2
:109CE0009B0720D5200003990D30FEF773F82C2236
:109CF00006AB9B1818703378834214D9E37A9B071C
:109D000011D527261F4B70431E681F49361807368A
:109D100030001C3A1BF0AAF8002804D030003A7832
:109D20001A491AF057F807A938780DF04FFD011EAF
:109D300018D144203A78296842438B181A0002252A
:109D4000403215706288D20700D417E706AAD4788B
:109D50003E331C70030004226343CB1840331A7057
:109D60000CE70B210598FDF773FF0DE78C0300004E
:109D70000506000080030000663603189E030000FD
:109D800007060000880300006C3603185997011875
:109D9000F0B50A00022385B004000021734818F0D2
:109DA0006FFC734E01903300EE331A78012A00D114
:109DB000DAE002221A7000212078FFF7F5FC02ABEE
:109DC000DD1D07002870FF2810D04420694B474351
:109DD0001B68DF1940373B78012B00D0C4E02378A3
:109DE000EF2B11D9122000230093A9E02800FEF7E1
:109DF00043FA0028F7D1442229785E4B4A431B6876
:109E00009B183D331F70EAE763881022180010404A
:109E1000134209D01D2BE5D8574ADA40D207E1D5C5
:109E2000627D012ADED109E003221A40032AD9D03B
:109E30001907D7D4002A01D09A06D3D4A179627920
:109E40000904120211432279277A1143627A3F02F0
:109E500012043A43E7793A439142C3D8A77A013FC3
:109E6000062FBFD8E77C032FBCD81F29BAD91F2AD9
:109E7000B8D90221627D8A430092012AB2D100281A
:109E800003D1E27D013A8A42ACD85B072BD4237E12
:109E90000F2BA7D8637E012BA4D844222B78354FF3
:109EA000534338681858002808D00C3818F03EFC86
:109EB00044212B783A684B43002199504422297859
:109EC0002C4F51433B68CC5029784A439B181A00C9
:109ED000FF213E321170E17A032939D808001AF0C7
:109EE000A7FF0B0F0B0F200024490D3019F06AF962
:109EF000002800D076E7CAE7F2681A63328A9A86A9
:109F00004423012114202A7853433A68D31840335C
:109F1000197020561A4C7F2820D000B2A369002166
:109F200040B2666998470121B047442229783B68CE
:109F30004A439B1840B23C331870019B5870002074
:109F4000019B18701800FAF7A9F8009805B0F0BD49
:109F50000C4B002203201B689847D1E723002D33C8
:109F6000187863699847D8E70C203CE70111000096
:109F70008C0300008003000000002D2066360318CB
:109F80002006000058060000F7B51E4B0191EE3385
:109F90001A7807000C25012A2DD002221A70002100
:109FA0000078FFF701FC184B06001B78363583421A
:109FB00021D902354543154B7C1C1B6806225D19CF
:109FC00028002100403530301AF05EFF2B78002544
:109FD000022B10D1BB787978FA781B020B433979C0
:109FE000120413430906BA7919437B79120230002F
:109FF0001A430EF01BF929000198FDF729FE0020F5
:10A00000FEBDC0468C030000050600008003000072
:10A01000F0B5604B85B00191EE331A780400012A47
:10A0200000D1B5E002221A7003A90078FFF7BCFB4B
:10A0300042210700FF2803D06378042B06D91221A0
:10A040000198FDF705FE002005B0F0BDA278012AB9
:10A05000F5D8E178FC29F2D8042B0ED144204E4AE1
:10A060007843126812181000403000780128E6D0BA
:10A07000128C002AE3D00029E1D1033BDAB2012A95
:10A0800001D90029DBD04425434E7D4333685B1959
:10A0900040331B78012B33D13368E2785B19988CFD
:10A0A000DB8C9B18FE2B45DC022263789343012B4B
:10A0B0004BD03368E2785B19998CDB8C201DC91872
:10A0C00089B217F063FB3368E1785B19DA8C891881
:10A0D00089B2D9846278901E012851D81A00403282
:10A0E0001278022A46D138009A8CC9B20DF0D6FAFD
:10A0F00033685D196B6A2B6200236B6200219FE756
:10A10000012A45D81122039843881340012B0AD015
:10A110001C22039B5B881340102BBDD1E3781F2BBF
:10A1200000D98CE7B8E789B2FFF70CFA002800D015
:10A1300085E7EDE7002801D1072181E7FDF726FD3E
:10A1400033685D1900236B62F6E7002805D0FDF740
:10A150001DFD002233685B19DA8433685B190093B4
:10A16000FDF7FCFC009B988433685B199B8C002BEB
:10A17000E2D09EE7188C0028BAD0FDF707FDB7E7BC
:10A18000042ABBD10022380011000DF087FAB5E790
:10A190000C2155E78C03000080030000F0B5534B01
:10A1A00085B00191EE331A780500012A00D19AE0BA
:10A1B00002221A7003A90078FFF7F6FA422107007D
:10A1C000FF2833D06B783039032B2FD8AA78012A97
:10A1D0002CD8EA78FC2A29D8032B01D0002A25D0D4
:10A1E0004424434E7C4331688C46A444614640314C
:10A1F0000978012911D0032B00D074E00399498814
:10A20000880704D5002A02D1C80600D46BE01220CA
:10A210000140814201D11F2A08D86146888DC98D2D
:10A220008A18FE2A10DD002806D107210198FDF7C3
:10A230000FFD002005B0F0BDFDF7A8FC2C4B1B68FE
:10A240001C190023E362F0E702229343012B26D07E
:10A250003368EA781B19998DDB8D281DC91889B2DE
:10A2600017F094FA3368E9781B19DA8D891889B2E6
:10A27000D9856A78901E01282DD81A0040321278AC
:10A28000022A22D138009A8DC9B20DF037FA33680C
:10A290001C19E36AA3620023E3620021C6E70028D9
:10A2A00006D0FDF773FC0022114B1B681B19DA85E1
:10A2B00033681B190093FDF751FC009B98853368A8
:10A2C0001B199B8D002BB0D0C2E7188D0028DED063
:10A2D000FDF75CFCDBE7042ADFD100223800110027
:10A2E0000DF00CFAD9E70C21A0E7C0468C03000062
:10A2F00080030000F0B5794DA1B02B0002900791CA
:10A30000EE331A78012A06D10C2507982900FDF7AB
:10A310009FFC00200AE002201870029B1B78002B93
:10A3200006D12B00ED331B78002B05D021B0F0BDFA
:10A33000012B01D01225E8E7029B1B88012BF9D0E5
:10A34000029B5C78002C00D13AE200250195029B2B
:10A350005B199878EF28EDD8002180B2FFF724FA36
:10A360000600FF2800D130E244275D4B47431B68BD
:10A37000DB199A8C002ADDD19A8D002ADAD1029A53
:10A380001278012A16D102211C6862880A4204D080
:10A390001020598D10400143B6D011210A40012AE6
:10A3A0001ED06388DA0622D4E37ADB0733D46388CD
:10A3B000DA073AD4029B5B199E70029B01355B78E9
:10A3C000EDB2AB42C3D8019B002B73D0454A444B3E
:10A3D000117844224A431B6800204033D2183EE0E3
:10A3E0002000598CFFF7AEF80028DAD0A2E70C2243
:10A3F000134206D13A4A1268D219528C1F2A00D948
:10A4000082E702221342CFD0354B1B68DB195B8DEC
:10A410001F2BC9D978E7324B33491868C01930303F
:10A4200018F0D0FE0028C2D084E70C22134204D1D9
:10A43000019B0133DBB20193BCE72000217B0D308F
:10A44000FDF722FC0028F3D00B255EE71978443392
:10A450004C42614140180199C0B2814206D99342F1
:10A46000F4D1019B0725834200D94EE7002320E069
:10A470000199029A1A4C5218917803914421039839
:10A4800041430491049821680D182900403109784E
:10A4900002292BD1002B00D167E1019B02995B00BF
:10A4A000CB189279998803980DF0FCFE019B01333B
:10A4B000DBB20193029A029B527801991B788A427F
:10A4C000D6D8029B1878002800D080E1034BED33EA
:10A4D0001D78002D00D029E717E7C0468C03000047
:10A4E000800300000506000066360318002B00D12B
:10A4F0003BE12C6815AA66883A201683637A217A94
:10A500001B0409020B43E1790B4321001893A37A42
:10A510000D315377E37A93770593277B08ABD77791
:10A52000C01806221AF0B0FC0422310000231140AA
:10A53000164200D1E37C352208A81218D3772B00ED
:10A540003C331A7836231B18DA773723627D1B18C1
:10A55000DA773000102200231040164200D1A37D8C
:10A5600016AAD3770122002800D1E27D392008AE57
:10A570008019C2773A22207E9219D0773B22607EE2
:10A580009219D0772A6B15AB1592AA8E9A802A8CD5
:10A5900002981A826A8C9A822A8D5A826A8D8D4D0F
:10A5A000DA82019A5200821892885A830200019836
:10A5B0001218927928781A77874B17AA56331B7886
:10A5C000D3771FAA1070002B01D0002902D1059B60
:10A5D0009B071ED5200039000D30FDF7FBFB1FAB9C
:10A5E00018702B78834214D9E37A9B0711D527255D
:10A5F0007A4B68431D6810222D18073528007849CA
:10A600001AF034FC002804D02800039A754919F088
:10A61000E1FB039815A90DF0D9F8051E00D09DE0C7
:10A62000714E049A336829009F1806933B0002225A
:10A63000380040331A70363004321AF041FC1322CD
:10A64000638813426CD13A003D321478674A12781D
:10A65000A24265D94422624305920599069A8C4626
:10A6600062441000403212780B2A59D103683F68C7
:10A6700004939B885B000E93049B5B885B000D93A7
:10A68000F97D408CFFF73EF808AB0F901090DD8409
:10A69000A3B20693A2B208AB9A840DA8FCF76EFD94
:10A6A0000D35002800D030E6049B09ADDB88059A03
:10A6B0006B80129B29005B082B80139B2000049366
:10A6C0002B8133689B181A8CAA805B8CEB80FB7AF9
:10A6D000AB723B7DEB72FB7D2B730EF079FD071E99
:10A6E00000D0E3E6059B36680C22F61833004033B1
:10A6F00003981A7021002A880DF012FE139B301D5A
:10A70000F360129BB3600F9B03933361109BF7615F
:10A710007361069B33830023B376FCF7EBFCC5E63D
:10A720000124234200D1C1E60DAD2800FDF7A4FDB0
:10A7300000280CD1336804992A7859183E310A70E0
:10A7400044214A439B18042240331A70AEE600228B
:10A75000274B110020001B689847A7E6244B0022D6
:10A7600003201B6803999847CFE503980CF05CFF22
:10A77000002800D09AE6049A23689B1803224033ED
:10A780001A70154BED331A780132DEE74426164F66
:10A7900066433B689B1940331B78022B0ED1200087
:10A7A0000CF042FF002809D13B682A009E190323C0
:10A7B00040363370ED321378013313700134E4B254
:10A7C0000A4B1B78A342E1D87BE642259DE5002594
:10A7D0009BE5C046070600008C03000088030000CC
:10A7E0006C36031859970118800300000506000015
:10A7F00058060000F0B5394B85B00191EE331A7858
:10A800000400012A65D002221A700078EF2802D9CC
:10A810001221002445E0002180B2FEF7C5FFFF2889
:10A8200059D044272E4E7843336800901A183D3291
:10A83000157802AAD571FF2D39D07D435B194033BD
:10A840001B780A2B45D12378EF2BE1D86288A388A7
:10A850009A42DDD8009B3268D358598820230800DB
:10A86000184000901942D3D1442702ABDD1D2B784C
:10A870007B439858002807D00C3817F057FF2B78E7
:10A88000009A5F433368FA50442229783368514371
:10A89000CC50297801244A439B180A2200214033D6
:10A8A0001A700198FDF7D4F9200005B0F0BD02AB95
:10A8B000D81DFDF7E1FC011EABD102AAD1793368A6
:10A8C0004F43009A9A18DB193D32283311701D70DE
:10A8D000B9E70C219DE742219BE7C0468C030000AD
:10A8E00080030000F7B5474B0191EE331A7805005D
:10A8F000012A05D10C210198FDF7AAF90020FEBD1F
:10A9000002221A700078EF2801D91221F3E7002102
:10A9100080B2FEF749FF4221FF28ECD044233A4E93
:10A920005843326810183D3001780091FF29E1D07A
:10A9300069780329E9D8AF78FC2FE6D8032908D035
:10A94000002FE2D000984343D31840331B780C2BE0
:10A95000D0D04424009B5C431219D38C908CDF1917
:10A96000FE2F0ADD002801D10721C4E7FDF70EF90B
:10A9700033681C1900236362F6E702239943012917
:10A9800016D03368AA781B19998CDB8CE81CC9187F
:10A9900089B216F0FBFE3368A9781A19D38CC9184E
:10A9A00089B2D1846B78023B012B14D90021A2E734
:10A9B000002805D0FDF7EAF8002233681B19DA8475
:10A9C00033681F19FDF7CAF83368B8841B199B8CCC
:10A9D000002BC9D0D5E7130040331B780C2B0BD1CB
:10A9E000928C0098C9B20EF0DBFD002133681C196F
:10A9F000636A616223627EE7108C0028F5D0FDF760
:10AA0000C5F8F2E78C03000080030000F0B5754B39
:10AA100093B002900491EE331A78012A05D10C24E8
:10AA200021000498FDF714F942E002221A70029BFB
:10AA300012241B78012BF3D8029B5878EF28EFD80B
:10AA4000002180B2FEF7B0FE0390FF2800D1C4E0E1
:10AA5000070032346743644E3368DA1911003D3120
:10AA600009780091FF2900D1B7E0614301915B189B
:10AA7000998C0029D3D11800029C403024780178A9
:10AA8000002C00D178E00D29C9D014680A2901D121
:10AA9000013101706088132106000E4008420AD07F
:10AAA0000023029A1478002C00D098E0002BB7D134
:10AAB000002013B0F0BD40321278022AF0D11A0003
:10AAC000403212780B2AEBD11D68AA8852000B92F3
:10AAD0006A8852000A92588CE17DFEF713FE06AB9D
:10AAE0005E846B461E880C900D9006AB0AA81E84EF
:10AAF000FCF744FB002801D00D2491E7EB8806AA5F
:10AB000053800F9B384F5B081380109B06A9059359
:10AB10001300059A00981A81019A3B689B181A8CB9
:10AB20008A805B8CCB80E37A8B72237DCB72E37D52
:10AB30000B730EF04DFB0500041E00D070E7019B67
:10AB40003C680C22E418230040331A7006AB1A88C4
:10AB5000039800990DF0E4FB109BE561E3600F9B07
:10AB60002683A3600C9BA576009323610D9B201D7B
:10AB70006361FCF7BFFA93E70B2903D10A23037043
:10AB8000093B8EE701230C2900D08AE700980EF0DC
:10AB9000C1FC0500041E16D13368DF193B685988D3
:10ABA00003230A001A40194207D140373B78022B91
:10ABB00003D1009903980DF0B3FB019A33689B18F9
:10ABC0000D2240331A703068019BC0180430FCF726
:10ABD000CDFA002D00D163E722E7422420E70024CC
:10ABE0001EE7C0468C030000800300000A00042317
:10ABF000002110B5094817F043FD094BEE331A78D0
:10AC0000012A07D10C230370FE234380F9F746FA8B
:10AC1000002010BD02221A700023F4E70111000089
:10AC20008C0300000A000223002110B5124817F01F
:10AC300027FD0022114B4270EE331978012905D10E
:10AC40000C230370F9F72AFA002010BD02211970B5
:10AC500002700B4A0B4B117844224A431B68403365
:10AC6000D2189342EED01978032902D841780131E5
:10AC700041704433F5E7C046011100008C03000029
:10AC8000050600008003000037B5184B0C00EE33BA
:10AC90001A78012A27D002221A7001A90078FEF73B
:10ACA00083FD4221FF2819D002310A00104B424394
:10ACB0001B689A18150040352D78012D13D10D4DC4
:10ACC0003D3212782D78954205D951435B184033B7
:10ACD0001B780A2B07D1FEF7A3FC00212000FCF70C
:10ACE000B7FF00203EBD0C21F8E7C0468C030000F2
:10ACF0008003000005060000F8B51A4B0D00EE3386
:10AD00001A78012A05D10C212800FCF7A1FF0020A8
:10AD1000F8BD0222144E1A703178144F42324A4361
:10AD20003B684033D2189A4205D100243378A342BD
:10AD30000AD80021E8E71978881E0128E3D90C39E0
:10AD400044330129EFD8DEE7442363433A68D3183C
:10AD500040331B78012B02D12000FEF761FC013447
:10AD6000E4B2E3E78C030000050600008003000066
:10AD7000442270B50D000978134B4A431B689B1899
:10AD80001E6840331A78931E012B03D90F4B032002
:10AD90001B689847737E002B14D009233E220021A4
:10ADA0000B4817F06DFC1323040003703378062260
:10ADB00043706B78A91C837003301AF065F820008B
:10ADC000F9F76CF9002070BD800300005806000000
:10ADD00004110000F0B544250B7895B004936B4343
:10ADE0007F4E0293029A33680C009B181A003E3281
:10ADF00012781F68019240331A78032A22D1794DC4
:10AE00002B00EE331B78012B09D100217648FCF78B
:10AE10001FFF3368029A9B18403301229DE02B00EC
:10AE2000ED331978002904D1704B0A0001201B680A
:10AE30009847ED3529780139C9B229700029E8D140
:10AE40006B48E4E70A001532039220321278002A98
:10AE500000D1EDE10B00373319780398FCF714FFAC
:10AE60000590002800D1C9E00C237A881A4205D049
:10AE700000225E4B110001201B6898477D8806ABBD
:10AE80001D837B7A3A7A1B0412021343FA79390044
:10AE900013430993BB7A06AA5377FB7A0D310393C8
:10AEA0001300039A9A7706223E7B9818DE7719F0F2
:10AEB000EBFF04212A000A40944600230D4200D1F2
:10AEC000FB7C06A90131CB77397D06AB0233D977FC
:10AED0007B7D06A90331CB77B87D07A9C87706A982
:10AEE0000531CB77397E06AB0633D977797E3C4D79
:10AEF00006AB0733D9772B68029928225B18196BA8
:10AF000006A806919B8E06A98B8000234B830B77A6
:10AF1000344B08A956331B788018CB77354909780C
:10AF20000170002B02D06346002B02D1039B9B07CC
:10AF300008D5380031000D30FCF74CFF282206AB55
:10AF40009B181870049806A90CF040FC002806D144
:10AF5000029A2B689B18022240331A7005E00022E7
:10AF6000224B110001201B6898477B88DB0708D51E
:10AF7000442201991A4B4A431B689B180022403314
:10AF80001A7063783C2B00D1E9E0164BEE331B7846
:10AF9000022B1AD1230035331B78002B02D16378A2
:10AFA000002B12D008233E220021134817F068FB23
:10AFB000122303706378383443703B788370019BAD
:10AFC000838023788371F9F769F8054B029A1B682F
:10AFD00000209B18FF223E331A7015B0F0BDC0460A
:10AFE000800300008C0300000A20000058060000C7
:10AFF0003920000007060000041100000422A11CF3
:10B0000006A819F041FF0322A11D07A819F03CFF73
:10B01000E37E06AAD371E36906A80893236A09931D
:10B02000636A0A93230024331A790AAB1A71230046
:10B0300029331B7806AA537523002A331B7806325E
:10B040001374A38D5382236B0D93059B0E930123E1
:10B05000D37722003432117806AA0532D177220044
:10B060003632117806AA0732D1777A8812099343CB
:10B0700008AAD377934B5A6A10921A002C3211788F
:10B080005A8D82852E2212181170DA8D01000286E7
:10B090001A8E323342861A7813AB1A70019802F076
:10B0A000B9FE019B5D4333685B1940331A78042A6B
:10B0B00004D0854B03201B6801999847834B2100DE
:10B0C0001B6826005D19280006221531203019F072
:10B0D000DBFE092237363178EB1DD97739331A7008
:10B0E000383B083ADA770023EB60E38B9340AB60A0
:10B0F00005232B616B61734BEF331B78002B00D161
:10B1000093E0734BAA76EB61019B03982B83FCF7CA
:10B1100061FE704B1B78834202D9012109F034FD96
:10B1200031780398FCF730FE6B4B1B780133834278
:10B130000BDB0A22694B42431B689B185B7A9B0717
:10B1400003D53278039909F011F80198F9F7AEF8B0
:10B150005E4B029A1B689B18012240331A7009202B
:10B16000FCF7BCFF23003533061E039378D0202361
:10B170003E2200215A4817F083FA0A230022037066
:10B18000039B05001B78934200D13C326A70012278
:10B190002A71019AA81D6A80002B59D0210026002F
:10B1A00006221531373619F06FFE337828006B719F
:10B1B000FA7A022311000C3019401A4240D02100C3
:10B1C0000622093119F060FE3278280002231100AE
:10B1D000123019401A4237D0210006220F3119F0DF
:10B1E00053FEE38B2B83238C6B83638CAB83230015
:10B1F0002A331B78AB772800F8F750FF230035334C
:10B200001B78002B00D1C0E606233E2200213448E3
:10B2100017F036FA14230370019B43802300363362
:10B220001B780371F8F73AFFAFE6EB61AB766BE79B
:10B230004A783C2A00D1F0E5432A00D095E6ECE5B7
:10B24000062219F03DFEBFE7062219F039FEC8E7D5
:10B2500039003B7B06226B710D3119F015FECAE7F0
:10B2600014233E2201001E4817F00AFA0122039B14
:10B2700002701B780500002B00D13C266E70002B5D
:10B28000B9D0019B2A716B80230037331B78A81D2E
:10B29000990710D521006A7106220F3119F0F4FDCB
:10B2A000E38BAB81238CEB81638C2B8223002A33CD
:10B2B0001B78AB749FE7210013406B710622153198
:10B2C000ECE7C0468C030000580600008003000035
:10B2D000BD1E0218070600000506000084030000DA
:10B2E0000411000070B544240A780B4E62433368A1
:10B2F0000D009A18403213780D2B0BD181200021BC
:10B300008001FCF7A5FC2A78336854430A221B19F4
:10B3100040331A70002070BD8003000070B5144BDC
:10B320001400EE331A780D00012A01D10C2070BDF3
:10B3300002221A70EF2801D94220F8E7002180B2DA
:10B34000FEF732FAFF28F7D044210A00094B4243A6
:10B350001B689A183D321278FF2AE7D051435B18D8
:10B3600040331B780C2BE1D1287000202270DEE7DF
:10B370008C03000080030000F0B50E0044211E4F36
:10B3800041431C003B6885B05B1803921A00019191
:10B39000403212784220013A022A24D81A68363301
:10B3A000029218000622154919F060FD0500002ED2
:10B3B00002D0029B1B7E3370039B002B07D001231E
:10B3C000002D02D1029AD27A1340039A1370201EE4
:10B3D00009D03968019BC918002D06D006223631E4
:10B3E00019F052FD002005B0F0BD0622303119F0F1
:10B3F0004BFD2800F7E7C0468003000066360318BF
:10B40000131D1210150000000020084B1A78084B7D
:10B410001B684033824200D17047443319004439DD
:10B4200009780E29F8D00130C0B2F3E70506000014
:10B430008003000070B5442586B06A4600210126CD
:10B440004543354B04001B685D192B689878918142
:10B45000D071D181304207D069461A790A74DA88EE
:10B460000A811A898A813100420709D506226E466F
:10B470004A439A1811797174D18812897181F281C5
:10B48000052810D16A4669469289C98952186946C9
:10B490000989914201D269460A81694649899142E6
:10B4A00001D269464A816A461978684691745B7888
:10B4B000D3741A4B1A00EC32127882712A8CC28231
:10B4C0001A0056321278027503291ED8080019F0A6
:10B4D000AFFC02150215DA6800926A461B8A938057
:10B4E0006946200010F064F8002805D000220C4BBB
:10B4F000110001201B68984706B070BD1233190077
:10B500000622684619F0C0FCEAE7054B002203203A
:10B510001B689847E4E7C046800300008C030000E6
:10B5200058060000F0B5444B87B00291EE331A780C
:10B530000400022A00D17DE001221A7004ABDD1D57
:10B540000023190094463D4A3D4E12782B7001921B
:10B550003268403203920198DAB282425AD300290B
:10B5600001D004ABDA712800FCF786FE011E4BD136
:10B5700044232A7853433268D318062240331A7082
:10B58000A288638812219A423ED8207801283BD8AD
:10B59000043A2C4892B2824236D8043B9BB2834292
:10B5A00032D8A379032B2FD8E279032A2CD8224B47
:10B5B00056331B78002B01D1012A25D844272B783C
:10B5C0005F433368DF193868002805D11023020073
:10B5D000010017F055F83860442101202A783368BB
:10B5E0004A43D2589070207810716088D080A0882B
:10B5F0001081A0791070E07950702A7851430622AA
:10B600005B18002140331A700298FCF721FB0020E0
:10B6100007B0F0BD44205843039F0133385C871FB7
:10B62000022F01D9614696E7002901D004ABDA71F7
:10B630000628A5D00C21E7E78C03000005060000D2
:10B6400080030000FC3F0000F0B5714B87B0019013
:10B650000391EE331A78022A00D1D7E001221A7042
:10B6600094466C4A04AB10786B4ADD1D12680023C7
:10B67000110040311C000F002B70D9B2884207D94D
:10B680005E1C029644265E43BE5D063E022E25D811
:10B69000002C01D004ACE171019C2478002C20D056
:10B6A0001226012C00D0ACE0019D12266D78012DF0
:10B6B00000D9A6E0884233D944214B43D218403206
:10B6C0001378082B00D1A1E0072B2FD1504BEA3380
:10B6D0001A88A24315431D80002692E06446029B0F
:10B6E000CBE7884200D891E044246343D21840322B
:10B6F0001378072B00D089E010F0B8FA061E00D0AE
:10B700007FE02A78444B54431B681C1908234034BB
:10B710002370019B1B78002BDED1002007B0F0BD09
:10B7200004ABD81DFCF7A8FD061E6AD104ABDD7979
:10B730004423394F5D433B685D192C68002C1AD1B6
:10B74000102322002100200016F09AFF28604420D8
:10B75000102104AAD2793B684243D258D18011818A
:10B760000F3914711480917004AAD27942439B1846
:10B77000062240331A7004ABDA794423264D534332
:10B780002A689B58022202931B789343012B1FD0F7
:10B7900001211F4A4426EA3213888B431900019B7A
:10B7A0005B78581E83410B43138004ABD879330078
:10B7B00043432A68D31800221A62FFF73BFE04AB0A
:10B7C000DA792B6856439E19072340363370A0E779
:10B7D000124F134C3900200017F0F4FC00280DD153
:10B7E000029B1B78032BD3D1FCF718FB0028CFD08A
:10B7F0003900200017F0E6FC0028C9D0002E00D147
:10B8000087E731000398FCF723FA86E70C26F8E770
:10B810008C03000005060000800300006636031854
:10B820009E030000F0B5404B87B00291EE331A78CA
:10B830000400012A29D002221A703C4A3C4E127898
:10B8400004AB01923268DD1D4032002303920122D5
:10B85000190094462B700198DAB2904209D8002959
:10B8600001D004ABDA712800FCF706FD011E0DD1F2
:10B8700016E044205843039F0133385C871F022F92
:10B8800008D96146E7E7012213E00C21002444E0D7
:10B890001221FBE7002901D004ABDA710628F4D1AC
:10B8A000A278012A05D0042AEDD01221052AEDD173
:10B8B000033A062123004A4312191889D98888427D
:10B8C000E6D81F79012FE3D80328E1D90329DFD96E
:10B8D00006339342F1D12378032BD9D86378032B15
:10B8E000D6D844272B7832687B439858002807D055
:10B8F0000C3816F01BFF2B7832685F430023BB50D7
:10B900004422297833685143CC50297801244A4392
:10B910009B180622002140331A700298FCF798F910
:10B92000200007B0F0BDC0468C03000005060000F3
:10B9300080030000F0B5944B85B00191EE331A7886
:10B940000500012A00D11DE102221A70002302AA7B
:10B95000D3718E4A1C0010788D4A12681100403154
:10B960000F0001218C46D9B2884207D95E1C00968F
:10B9700044265E43BE5D063E022E0AD8002C01D04E
:10B9800002ACE1712C78002C06D0012C2AD01224B4
:10B9900023E06446009BE6E7884200D8F2E04426B4
:10B9A0007343D21840321378072B00D0EAE010F02E
:10B9B0005DF902AAD279764B56431B689E19403630
:10B9C000002804D108233370002005B0F0BD062301
:10B9D00021000320337016F0B1FD21000198FCF71F
:10B9E00037F9F1E76E78022ED1D8AC88022E09D152
:10B9F000002CCCD06E88002EC9D06E88E401A642FF
:10BA0000C5DA01E0002CF8D1884245D944214B43E6
:10BA1000D218130040331B78082B00D1B2E0122457
:10BA2000072B3FD11168002904D15A4B0A0001208D
:10BA30001B6898474427022602ABDB79544C7B43B2
:10BA4000226868889B58544A1B783340591E8B41A2
:10BA50005B421A40A98810F023F901204A496B780B
:10BA6000EA310A888C46824310001A00511E8A412E
:10BA7000023B024358424341B2435B0013436246D8
:10BA8000138002ABDB795F432368DF196B883B844B
:10BA9000AB887B840024A0E702ABD81DFCF7ECFB4D
:10BAA000041E9AD102ABDF7944235F43384B1B68F5
:10BAB000DF193E680093002E1BD1102332003100A5
:10BAC000300016F0DDFD38604420314B196802ABC0
:10BAD000DB7943435A581023D38013810F3B1680E0
:10BAE00093701671062202ABDB794343CB184033C7
:10BAF0001A7002ABDF1D264B39781A6844234B437A
:10BB00009E583378012B35D03378032B0AD1FCF7BC
:10BB100085F9002806D021491F4817F053FB00285B
:10BB200000D05AE70120184A6B78EA321188184E83
:10BB30008143080019004C1EA14101430220023B31
:10BB400081435842434144245B000B43138023004C
:10BB5000387832684343D3186A881A84AA885A848A
:10BB6000FFF768FC3A78336854431C1907234034C4
:10BB700023708FE70949084817F024FB002800D0FC
:10BB80002BE7C1E70C2428E78C0300000506000022
:10BB900080030000580600009E030000663603186C
:10BBA000F0B589B005918389374A0A3B9BB20400FE
:10BBB000934265D8077803233A009A43131E5FD156
:10BBC00082781D0012210392012A0FD84278049234
:10BBD0000F2A0BD8FA2240895200904206D22B4BF2
:10BBE000EE331A78012A07D100250C210598FCF7BD
:10BBF0003DF8280009B0F0BD02220F261A70FFF7A9
:10BC000003FC04ABF618224B30701B788342EBD850
:10BC100001233D001D401F4229D03000FCF72CFBC2
:10BC200000250100A842E1D144233278194D534345
:10BC30002A680E20D3181A00403210701B68002B9F
:10BC400004D0154B0A001B680D38984744232A6816
:10BC5000012531784B4321789C50A37862780334D6
:10BC600030782940009410F03FF80100BEE70399B6
:10BC7000049AE01CFCF736F80B210028B6D1CCE77B
:10BC800000251221B2E7C046F63F00008C030000F9
:10BC9000050600008003000058060000F7B5304B91
:10BCA0000190EE331A780E00012A56D002221A7043
:10BCB000FFF7AAFB2B4B05001B780C24834214D9F9
:10BCC00010F046F8041E3AD144236B43264F0193EB
:10BCD000019A3B689B181A004032107018680C38A3
:10BCE00016F024FD3B68019A9C5021003000FBF7C0
:10BCF000AFFF002C28D1210012233E221B4816F052
:10BD0000BFFC44211A4B69430380174B45801D68D3
:10BD1000060069180B002E331B78062203710B00F6
:10BD200036331B7820314371063019F0ADF801230A
:10BD300030003373F4813474F8F7B0F904E028006C
:10BD400010F0F0FF002801D10020FEBD0198320064
:10BD5000002116F0DAFC0120F7E700250C24C4E7E7
:10BD60008C030000050600008003000004110000A1
:10BD70000E44000070B5134B0D00EE331A78012A03
:10BD80001AD002221A70104B00781B78834213D904
:10BD900044240E4E444333681B1940331B780F2B49
:10BDA0000AD110F0BFFF011E07D133681C19102300
:10BDB00040342370002070BD0C212800FBF748FFA1
:10BDC000F8E7C0468C030000050600008003000071
:10BDD000F7B50191C37905000F2B06D91226310062
:10BDE0000198FBF735FF0020FEBD0478012CF5D843
:10BDF0002A4BEE331A78012A01D10C26EFE70222F2
:10BE00001A70FFF701FB264E33788342F5D86F1C7A
:10BE100021003800FBF7B8FF337804000133834278
:10BE200033DB0A221F4B42431B689B185A7A520786
:10BE300004D5DB88EA791341DB07CFD40A236343B7
:10BE4000184E0093009A336839009818062219F0AA
:10BE50001BF833680126009A29789B181972EA7931
:10BE6000D88896403043D88005205E7A3043587297
:10BE70003800FBF737FF0026B042B0D13900200070
:10BE8000EB792A7808F0CAF9A9E7FBF765FF337860
:10BE90000400023307269842D0D1A0E78C030000AB
:10BEA0000506000084030000F7B50191C379040082
:10BEB00012210F2B08D80778012F05D8234BEE331A
:10BEC0001A78012A05D10C210198FBF7C1FE002048
:10BED000FEBD02221A70FFF797FA1D4E3378834297
:10BEE000F1D8651C39002800FBF74EFF337842215A
:10BEF00001338342E8DB0A2304274343154E0093B2
:10BF0000009A33689A18537A3B42DDD00123E179D5
:10BF10008B40D1889943D1809BB22278290008F0C8
:10BF200033FA009B3268D218D388002B01D000214D
:10BF3000CAE702210220537A1940034202D0BB43D0
:10BF40005372F4E7052083435372BDE78C0300006E
:10BF50000506000084030000F8B5194B0D00EE3310
:10BF60001A78012A29D002221A70FFF74DFA154ECD
:10BF70003378834221D800240A273900124B6143C9
:10BF80001B6859184B7ADA0709D59A0713D504228A
:10BF900093434B7220000A7A0C4B08F0F5F9337882
:10BFA0000134E4B20133A342E7DA00212800FBF7B1
:10BFB0004FFE0020F8BD0522EAE70C21F6E7C04657
:10BFC0008C0300000506000084030000FFFF000052
:10BFD0000A000223002110B50A4816F051FB0A4B53
:10BFE000EE331A78012A09D10C230370074B1B7812
:10BFF00002334370F8F752F8002010BD02221A7085
:10C000000023F2E7011100008C0300000506000088
:10C01000020010B5947808001221012C16D813786C
:10C020000E4A303112789A4210D9442253430C4AB6
:10C0300041391268D2183532137819408C4209D030
:10C04000990707D504210B4300211370FBF700FE6D
:10C05000002010BD01218B432343F5E705060000B6
:10C0600080030000002010B50A4B1A780A4B1B68A9
:10C070004033824201D1002010BD443319004439BD
:10C080000978072902D00130C0B2F2E7FFF7D2F9F0
:10C09000F1E7C0460506000080030000E50000004F
:10C0A000F0B5C34A4B7E91B0D35C0C000393C14BF7
:10C0B000097D1A6844234B439B580021062208A897
:10C0C000049318F0FDFE062200210AA818F0F8FEDD
:10C0D000062200210CA818F0F3FE062200210EA86B
:10C0E00018F0EEFEE37D0293FF2B00D1BBE06588E4
:10C0F000002D00D1A3E22900AF4F1A31062289B2E8
:10C1000008A83E7815F03AFB3B780C210193702388
:10C110000327301D584302364E435430FF30F61982
:10C12000B8438019B8432C31281AE6F769FF38263E
:10C130007022C0B2464301980C21031D53430200F4
:10C1400002324A435433FF33D219BB439B189B4AF4
:10C15000BB439B189B191B881B0606D52900303151
:10C16000062289B20AA815F009FB2378002B04D116
:10C170000622637D1340042B41D070238E4F0C2286
:10C180003878011D4B430321023042435433FF33BF
:10C1900052188B439B18894A8B439B189B191B8809
:10C1A0001B0706D529001431062289B20CA815F008
:10C1B000E5FA70200C2339780A1D5043032202311E
:10C1C0004B435430FF309B189043C0187B4B904337
:10C1D000C01886193388023A1B0703D43388DB0959
:10C1E00013420CD0012332881A4002923F22637A14
:10C1F0009343402B03D1029A3E3B1A430292627D45
:10C2000004231100194001911A4200D11DE2637804
:10C210000EA8002B16D0049B1A7801231A40019215
:10C220003F22E37B9343402B03D1019A3E3B1A43C9
:10C230000192634B1A680E929B888380039B012BAB
:10C2400016D121E0210006220A3118F01DFE237EBE
:10C250000193002BF2D03F22E37B9343C02BEDD020
:10C26000FE230193EAE700230193039B012B08D0EF
:10C27000039B032B05D00022524B110001201B68A9
:10C280009847637D5B070CD53F220EAB5B799343E8
:10C29000402B06D1019BFE2B03D1049B5B78012B25
:10C2A00072D9494D01202B00EA331B88034236D155
:10C2B000454B651CEE331E78012E00D048E1637DAE
:10C2C000DA0661D55B0700D409E13F220EAF7B7926
:10C2D0009343402B00D002E1019BFE2B00D0FEE0F7
:10C2E0000021EC3B013A394816F0CAF90B2305004E
:10C2F00003704670237F06224374029B8670C370CE
:10C3000008A9043018F0C0FD280006223900AE72DA
:10C310000B3018F0B9FD2800F7F7C0FE34E0A61C7A
:10C32000F37F013B012B04D90022264B11001B682F
:10C330009847F17FEA3503232A88012930D10399F0
:10C3400001292BD19210134042D0023B5A42534153
:10C35000D8B2A57D012D00D0ADE0002800D0ACE022
:10C360001949A31CEA31DA7F00268B5F039E012E58
:10C3700000D0A8E0012A00D0A1E00B329343AD0029
:10C380002B430B80002893D0631CDB7F002B02D053
:10C39000608CFBF7F3FA002011B0F0BD1211D2E768
:10C3A0000399012901D19211CDE71212CBE7C046C2
:10C3B0008E36031880030000050600000040005080
:10C3C00098030000580600008C03000004110000D0
:10C3D0000693FF23A27C0593002A05D0238A1A0B1B
:10C3E0001B051B0D059206930027637D994E07934D
:10C3F000E38B994D0493994B1B789F4224DB0E26C7
:10C40000E8352B7806225E43924B08A9F6183000D7
:10C4100018F03AFD079BB372029BF372059B3373CE
:10C42000069BF380049B33812B780133DBB20A2B0C
:10C430003FD02B70884B0020E9331A78092A00D9A5
:10C4400087E701321A7084E7310008A816F0BAFEB7
:10C4500000282BD0F37A029A934227D1B37A079A15
:10C46000934223D1337B059A93421FD1FF2A17D0E1
:10C470000E227A43AD1862352B88069A93420FD06C
:10C480002A80049B052B0DD90E237B43724F049AFF
:10C49000FF1864373B88934204D000203A8058E765
:10C4A0000020EEE701235840C0B252E701370E36B4
:10C4B000A1E70023BDE7002552E7022550E7C0228F
:10C4C000AD0193435CE7012A03D12F3293432D0141
:10C4D00056E7634A13402A021A430A8052E72B2385
:10C4E0003E2200215F4816F0CBF801270223477057
:10C4F0000370637D5C4A0600D35C08A98370029BCD
:10C500000622C370043018F0BFFCEB7F1F2B05D947
:10C510000022564B110038001B6898473000EA7F14
:10C52000631DB272D97F638C92B2C91889B20B3085
:10C5300015F024F91F22E87F0021121A0B30301861
:10C5400018F0BEFC3300227F2A3330001A70E3E675
:10C55000631DDB7FEF7F03933E1CE52F01D9444B26
:10C560001E7880233E225B0000213E4816F088F8AA
:10C570000E23FF330380637D0500F6B24380E52F71
:10C5800008D86021A27D53018B4303D0374B032091
:10C590001B68984760226B8893431BB2403AE52F93
:10C5A00001D8A27D520113436B80029B06222B719E
:10C5B000681D08A918F068FC627E2E4B9A5CEA722E
:10C5C000A27E9B5C2B73A27CFF23002A01D0238ACE
:10C5D0001B0B6B73E37E0A21AB731F4BBF1B5833DE
:10C5E0000020185EE6F714FD237F0622C018E873CA
:10C5F0002800E38B0EA92B82019B1330AB7418F03B
:10C6000043FC28006E76039B618CB2B2C91889B2D4
:10C610001A3015F0B3F83000E5221A30C0B200210C
:10C62000921B281818F04CFC2800F7F737FD039BE5
:10C63000FFB29B19DBB20393002F8DD1A4E6062233
:10C64000211D08A818F020FCD9E5039B012B00D080
:10C650000EE626E6E80300008C03000075040000E7
:10C66000FFFCFFFF041100002CD001185806000049
:10C670009CC001188E36031844220B78F0B55A433B
:10C680004E4F89B03B6800929D182B0040331B78B9
:10C690000C000E2B00D087E00A8CCB1C0193002AE3
:10C6A00000D171E07020464B1D780C23291D4843B2
:10C6B000032102356B435430FF305B188843C018A8
:10C6C0008843101A3531E6F79BFC3E4B06001A787A
:10C6D000C3B29A4205D800223B4B110001201B68CF
:10C6E00098472720394BF6B24643009A18683B68B2
:10C6F00086199D18280031000622203018F0C4FB4E
:10C700002900B07936310870E31CDB7F012B09D199
:10C71000230028331A783F239A43402A02D13D3B15
:10C7200003430B7028002100062226302331012606
:10C7300018F0AAFB009A3B6830009B181A00E57FAE
:10C740002E3215701A683533117849088843010074
:10C750001878B04301431970A31C0393A36903A97C
:10C760004B60A38B20780B81A37FCD728B72538992
:10C770008B819389CB81937B8B7400230B8210F088
:10C7800059F9002009B0F0BD2800062223312030DD
:10C7900018F07AFB2B002800E21CD27F36331A7087
:10C7A0000B4906222630C2E7002BEAD00022064BB6
:10C7B000110001201B689847E3E7C0468003000092
:10C7C0000506000007060000580600008803000068
:10C7D00066360318F0B50B7889B001934423019AAB
:10C7E000C64E5A43336800929D182B0040331B7885
:10C7F0000C0002930E2B02D0112B00D083E02B00F3
:10C8000036331B7820350493029B0E2B02D10198FE
:10C810000FF09EFA3368009A9F183B000F224033B6
:10C820001A70FF237B866B469B88A08861880393E0
:10C830003B83002349000138FB61BB76B960401897
:10C84000E6F7EEFB0523F9603B617B61381DFAF7E3
:10C8500051FC0123049F28001F403900FBF794FA84
:10C86000A74B1B780133834213DB0A22A54B4243BB
:10C870001B689B185B7A5B070BD5009A336829000D
:10C880009B1801222E331B789A4093B23A0007F08E
:10C890007BFD029B0E2B47D13E22002104339A4898
:10C8A00015F0EEFE0600029B944F0380039B009A56
:10C8B00043803B6829009B182E331B7806220371A6
:10C8C000049B4371063018F0DFFA63788F4A30001A
:10C8D000D35C33736388F381237A3374F7F7DEFB19
:10C8E0003B68009A98580C3815F020FF00223B68EE
:10C8F00000995A50814B00991B6862785B188349F4
:10C900002F338A5C1A707D4B009A1B689B181A00A3
:10C91000403212780F2A37D0237B002B00D135E12B
:10C92000E089FBF72BF835E1744E009A33687648BE
:10C930009B18343319783E22162315F0A1FE1823D4
:10C9400003803168009B0500C9180B0034331B7845
:10C950006E4A4380039BC3800B002E331B7820312B
:10C9600003726378D35C0622037463884382237A5C
:10C9700003758B8983800A3018F086FA049B28009F
:10C980006B72F7F78BFBB5E735331A78012311008B
:10C99000194003911A420CD1584BE07A1D68009B54
:10C9A000ED182A0035320223117801283FD10B43BC
:10C9B000A1E0237C277B02933E1CF72F01D9F723AC
:10C9C0001E1C80233E2200215B004F4815F058FEBC
:10C9D0000F230370019B05004380637A0A210371D2
:10C9E0004B4BF6B258330020185EE6F711FBA37AE2
:10C9F000C0186871637CAB71039BF72F00D8E37A92
:10CA00002800EB712E72029BE189B2B2C91889B27B
:10CA1000093014F0B3FE2800F7F740FB029BBF1B60
:10CA20009B19DBB2FFB20293002FC5D1B4E70E0011
:10CA300004209E4301425BD11670A968A688B142CA
:10CA400014D9EB68581CE6F7EBFA8E420ED02E1D77
:10CA50003000FAF78BFBA088AB6801381900C018CA
:10CA6000E6F7DEFA3000E960FAF744FBA37C002B1E
:10CA700000D151E700231E000593B3B2E07C02937E
:10CA8000E389C018301880B214F09CFEE38902904C
:10CA9000E07C0133C018B3B2181880B214F092FED3
:10CAA000059B0390002B35D1282833D1E57CE38901
:10CAB0007519EDB2A91CC9B2C918052289B206A818
:10CAC000073514F05BFEE8B2E589401980B214F036
:10CAD00067FE06A90200019810F0FAF801230593F9
:10CAE000029B9E190136A37CF6B2B342C5D813E768
:10CAF00001237340834313709FE7C0468003000007
:10CB00000506000084030000041100008E3603189F
:10CB10008C030000214F009A3B689B18598EFF2917
:10CB2000DED030331B78039A9342D9D1A37C029A8A
:10CB30009B1B9A42D4DA6B461B890022049307336D
:10CB40009BB2012015F09CFD019B05000380002392
:10CB50008370039BC370E3888380029B013B8371D6
:10CB6000049BE17C013B9AB2E38907300233C91888
:10CB7000B3B2591889B214F001FE280015F0A4FDD3
:10CB8000009A3B689B18FF225A86A9E7A37C002BDA
:10CB900000D0C5E6002009B0F0BDC046800300000B
:10CBA000F0B544240D78834E6C43336885B0181972
:10CBB0000300039140331B78102B09D80E2B37D874
:10CBC00000D198E000227C4B110001201B68EFE0AF
:10CBD000112BF7D1039B5A78082A00D0E4E03430B7
:10CBE000017816233632754815F04AFD744B07005C
:10CBF0000380366806223619330034331B78C5802B
:10CC0000438033002E331B783100037201230374F9
:10CC1000002343820375B38D2031838036360A307A
:10CC200018F032F9337838007B72F7F737FA4DE0B5
:10CC30000300070036331B78043020370393FAF7DC
:10CC400095FA38000399FBF79FF85E4B1B78013388
:10CC5000834213DB0A225C4B42431B689A18537AC7
:10CC60005B070BD53368D2881B192E331B781A410A
:10CC7000D20703D53900039A07F0D0FA4D4E336836
:10CC80001B1940331B78102B27D100214F48FAF78E
:10CC9000DFFF33681B19598EFF2917D008230022A4
:10CCA000012015F0EDFC336805801B191A00403295
:10CCB00011781622102900D00E3A827030331B787A
:10CCC000C37000238380837115F0FEFC394B1B6811
:10CCD0001C190023403423702DE00F2BD9D13E22A4
:10CCE00000210B3B354815F0CBFC10234580037029
:10CCF000F7F7D4F9CDE7039B5A78082A1ED01A2AF1
:10CD000006D0002A4AD111003148FAF7A1FF3CE0D1
:10CD10000768002F05D1284B3A00390001201B6815
:10CD2000984701213B780B4208D0002228001300CD
:10CD300000920EF0D9FF002005B0F0BD12233E2274
:10CD400000211E4815F09CFC0E230370039B070076
:10CD50005B781A2B00D03E237B7033687D801919D5
:10CD60000B002E331B7806223B710B0036331B78E9
:10CD7000B81D7B71203118F087F801233B73002325
:10CD80003800FB813B74F7F789F9336818590C3880
:10CD900015F0CCFC002233681A5197E7064B2900A6
:10CDA00003201B689847F0E729000320024B1B680B
:10CDB00098478BE78003000058060000041100002C
:10CDC000183E000005060000840300004620000015
:10CDD0004520000070B544244B78264E5C43264D18
:10CDE000336829001B191A00EE3108784032127896
:10CDF000012820D1082A0CD100212048FAF728FF69
:10CE000033681C190623403423700023E8352B8037
:10CE10000FE000221A4B11001B68984733681C1959
:10CE200040342378062BF0D02B00EA331B889B0775
:10CE3000EBD4002070BD082A02D100211148DDE7A3
:10CE4000598C00290CD00A221B8C52425A43A02331
:10CE5000DB00594303205218002115F0D5FADDE715
:10CE600001233E22084815F00BFC11230370F7F74D
:10CE700015F9C5E7800300008C0300000C200000BA
:10CE800058060000422000000411000010B5030005
:10CE90000A48047802209C420FD942305843084B7C
:10CEA0001B681B1818004030047802200F2C04D196
:10CEB00018003030017000205A8610BD05060000B1
:10CEC00080030000F8B5050018001C4B0E001B780D
:10CED0004224AB422AD944214D4319490B685B19BE
:10CEE0001C004034277842240F2F1FD1002E02D07F
:10CEF0002E331B783370002A07D00B685B1936334A
:10CF00001B789C0700D501231370041E0ED00968FE
:10CF100049190B0036331A78022314001C401A42B8
:10CF200006D00622263117F0AFFF00242000F8BDFE
:10CF30000622203117F0A8FFF8E7C04605060000DA
:10CF400080030000F0B50700831C8BB00093C61C63
:10CF50002337DA7F0400F17F3800FAF7C3FE0B2392
:10CF6000009300285AD104ABDD1C2800FBF784F99C
:10CF70000090002852D12B78442501935D43294B22
:10CF800011221B6801215D192B0040331A70227891
:10CF90000C3B1A702A00E38B3532AB8513782800DE
:10CFA0008B4321003631097820300B431370390050
:10CFB000062217F069FFF37F280002932B00029AE4
:10CFC000363326361A70310006222630039317F0C6
:10CFD0005BFFA31CDF7F2E350622300012492F7025
:10CFE00017F044FF002804D00223029A1343039A47
:10CFF0001370A31C0593A36905A94B60A38B226B37
:10D000000B81631CDB7FCF728B72A38E08920B8225
:10D010003734237801988B740FF00CFD00980BB017
:10D02000F0BDC04680030000663603180000000013
:10D0300000000000000000000000000003000200EB
:10D0400000010000000004040023F0B59DB002AA16
:10D05000D371974A0191EE321178040002292DD044
:10D060000125180044271570924A934E1278944671
:10D070003268043AD9B28C4519D8002801D002ABE5
:10D08000D9712379002B06D16179A01DFAF7FCFD37
:10D090000B23002804D1658823889D4210D91223D0
:10D0A00001981900FAF7E2FD00201DB0F0BD39002B
:10D0B00001335943515C28000529DBD10C23EFE7EC
:10D0C000E189228A9142EAD8043D7C48ADB285428A
:10D0D000E5D8043B9BB28342E1D8E08A238B984297
:10D0E000DDD80529DBD9C8231B019A42D7D8A18AEC
:10D0F00073480B000A3B9BB28342D0D8FA20638A64
:10D1000040008342CBD260790328C8D8207B032813
:10D11000C5D801339BB2534389009942BFD9C30795
:10D1200000D5A5E002ABD81DFBF7A6F8031EB7D1CA
:10D13000E389E58A5B009D4200D91D00022D00D2E3
:10D140000225228A218B52000091914200D900923F
:10D150000099022901D2022100910493009B0592BB
:10D160000793002302AA5383D37904A81383069557
:10D17000FAF704F80D23011E00D091E702ABD8792D
:10D180004423434332689B58002B04D04D4B0A0084
:10D1900001201B68984702ABDE7944230022464FEA
:10D1A0005E43396810008E190A3B110015F068FAC9
:10D1B0004422306002A9CB793F685343DE59002EE8
:10D1C0001BD0012373722388F01C73816388A11D17
:10D1D000B38123793E3A3370237B73706379B370E4
:10D1E00017F052FEE389F381238A3382638A7382C4
:10D1F000A38AF582B382009B338302ABDE7944239A
:10D200007343FB1805272E2040331F7002ABA11D6E
:10D21000C018062217F038FE3A002B490FA817F065
:10D2200033FE01230CADAB74238800222B8363886B
:10D230006B83099B00935B08AB830A9BEB83638A38
:10D240002B84A38AEE746B84217B297563796B75BB
:10D2500023796A74AB75164B1800563004781BA8F6
:10D26000047003291FD8080017F0E2FD0A160A16F9
:10D270001649174815F0A6FF002800D00FE751E720
:10D28000DA680C921B8AAB80280011F0BBFA031EEF
:10D2900000D105E7032303E7123319000622280013
:10D2A00017F0F2FDF0E7074B03201B689847EBE708
:10D2B0008C0300000506000080030000FC3F000016
:10D2C000760C000058060000A9030000663603181B
:10D2D0009E030000F0B50025B1B006AB60220591B9
:10D2E0000700290018A8DC1D257017F0E9FDBC4BCC
:10D2F000EE331A78012A30D002221A704232944654
:10D30000B84B29001E78B84B28001B680135043B38
:10D31000CAB296421AD8002800D022703C78002C5D
:10D3200006D1B978F81CFAF7AFFC0B21002807D119
:10D330007A7A0723110099430B1E10D01221002482
:10D340000598FAF793FC200031B0F0BD6246013138
:10D350004A439A5C2800052ADAD10C21EFE70F2115
:10D36000A24811401409415C005D01260918C9B2A8
:10D3700002200391390010400A31039C9C4200DDD9
:10D380008DE02301DB190493C8231B013A009C465E
:10D390000A2405250297049B9A4200D093E0BB78AB
:10D3A000012BCBD87B78032BC8D8DB0700D5B4E0A2
:10D3B00006ABD81DFAF760FF041E00D00CE118ADD3
:10D3C0002E00019706AB07331B78049A9C46019BFD
:10D3D000934200D0A9E0844B61461A6844234B4332
:10D3E0009B58002B05D00022814B110001201B68A7
:10D3F000984706AAD179D01D44227B4B51431B6824
:10D400000526CF5001780E204A439B1840331E70EA
:10D4100006ABC01806220191F91C17F035FD320049
:10D4200074490BA817F030FD7B7A08ACA374029AFC
:10D4300004990C348A4200D0A0E005221A4008ABBF
:10D44000052A13D10C210800039C5A8B013C604330
:10D450001818408B1218188B904200D21A8361431F
:10D4600008A84118088B904200D20A83019A08ACA0
:10D47000DA7479781975BA785A753A789A750122FA
:10D480005A74574B1A005632107817AA1070032995
:10D4900000D99BE0080017F0CBFC87928792002808
:10D4A00003D0140034409C420AD04D880C88A54219
:10D4B00000D943E7032D00D840E7032C00D83DE70F
:10D4C0000133103159E7D189138A994200D935E7E0
:10D4D000D68A108B864200D930E7908A052900D879
:10D4E0002CE7634500D929E70100434E0A3989B288
:10D4F000B14200D922E7FA26518A7600B14200D320
:10D500001CE7013189B24B436B4360430133103256
:10D510005B10984200DB3EE710E73849384815F0C9
:10D5200051FE002800D009E742E7019BD989DA8A39
:10D5300049008A4200D90A00022A00D20222019B35
:10D54000188A1B8B4000834200D90300934200D20B
:10D550001300F3600023B374F37463467060338286
:10D5600030003160B260F9F709FE019B20361033BC
:10D570000193002800D125E73B21E1E6029A528978
:10D58000A281029A9289E2816A6952082282AA697A
:10D5900020356282029A528AA282029A928AE2829A
:10D5A000029A1032029242E7DA6808921B8AA3803C
:10D5B000200011F027F9011E10D10124C0E612331A
:10D5C00019000622200017F05FFCF1E7084B00224B
:10D5D00003201B689847EBE70100B0E60321ECE766
:10D5E0008C0300000506000080030000A836031825
:10D5F00058060000A9030000760C000066360318E8
:10D600009E030000F7B50D00442100241B4A1C4F67
:10D6100012783B68514306000191181F019A944209
:10D6200005D128000C21FAF713FB002024E01A1979
:10D63000009222004432815C05290AD01400EDE7F3
:10D640003B6818590C3815F071F800203B681851E8
:10D6500012E0009B1968002904D10A4B0A0001203E
:10D660001B68984711F05EFD0C28E9D130002A00B4
:10D67000002115F04AF80120FEBDC0460506000055
:10D680008003000058060000F0B5CB1DDB7F95B08D
:10D6900004934B780F780193D44B0C001B78BB425A
:10D6A00005D8D34B0022390003201B689847442239
:10D6B0001100D04D79432B68039158180100403177
:10D6C0000E780596052E00D085E103680293002BA5
:10D6D00000D136E1019B002B00D12FE12100403A1F
:10D6E000143106A817F0D0FB2100002603222C31AC
:10D6F00007A817F0C9FB06ABDE711E81238B06AAB3
:10D700005381049BBC491D01029B0AA85D196B8AC9
:10D710009381AB8AD381230030331B785375059AEC
:10D7200017F0B2FB230031331B7806AA9375E36927
:10D7300016830E9313000633DE7723000D9608330D
:10D74000DA7F06AB0533DA77230034331A78AB4E31
:10D7500006AB0733DA77736A06A9109333002C33CC
:10D760001A78738D38008B852E235B181A70F38D11
:10D770000B86338E4B86330032331A78033613AB65
:10D780001A7000F047FBF17F002906D1FA2201232D
:10D7900004201201F37714F037FE964B039A1B68AE
:10D7A0009B18628B181DDA60228B52009A60EA8AFD
:10D7B000022A00D20222298B1A61914200D2110062
:10D7C0008E4A59611F83EF321278002A00D1B3E0EC
:10D7D0008B4ADA6104229A76F9F78CFC854B260095
:10D7E0001D68039B0E36ED182800062231002030FC
:10D7F00017F04AFB0122631C0593D97FEB1D0A40F9
:10D80000DA77092239331A7000230835EB773000B4
:10D81000FAF7E0FA7B4B1B78834202D9012107F02B
:10D82000B3F9631CD97F3000FAF7AEFA6F4B1B785F
:10D83000013383420CDB0A22734B42431B689B1863
:10D840005B7A9B0704D5631C3100DA7F06F08EFCFF
:10D850003800F6F72BFD0920FAF740FC061E00D130
:10D8600083E020233E220021684814F009FF202293
:10D870000021050017F024FB0A23019A2B70534264
:10D8800053415B006B70019B002B31D021000622BD
:10D890000E316F80A81D17F0F7FA029B28005A7806
:10D8A000022311000C3019401A4256D00622E1180A
:10D8B00017F0EAFA661CF27F2800022311001230EA
:10D8C00019401A424DD021000622083117F0DCFA27
:10D8D000F37F029A6B71238B2B83049B1B01D3185C
:10D8E0005A8A9B8A6A83AB83230031331B78AB77D8
:10D8F0002800F6F7D3FB3F4D039A2B689858002871
:10D9000006D00C3814F012FF00222B6803995A50ED
:10D91000019B002B0DD006233E2200213B4814F032
:10D92000AFFE142347800370343423780371F6F775
:10D93000B5FB002015B0F0BDDA614CE7019B0B7020
:10D9400089E702993248FAF783F9039A2B689B1802
:10D95000029A40331A7001927DE7062217F0B0FA5E
:10D96000A8E7062217F0ACFAB2E7142301003E2222
:10D97000264814F085FE14223100050017F0A0FAA5
:10D98000019901224B424B4193406B70019B2A70DD
:10D99000002BADD06F80A318DB7FA81D990714D58D
:10D9A00021006A710831053217F06EFA238B029A52
:10D9B000AB81049B1B01D3185A8A9B8AEA812B8274
:10D9C000230031331B78AB7492E7210013406B7155
:10D9D00006220E31E8E7217803204A439B184033A2
:10D9E0001A78034B39001B689847A2E70506000028
:10D9F0005806000080030000A90300008C0300000B
:10DA0000BD1E021807060000840300000411000078
:10DA10000E2000000A4B19780A4B1A680023403286
:10DA2000994204D100208B424041C0B27047443239
:10DA30001000443800780028F4D10133DBB2EFE75E
:10DA4000050600008003000010B50C000021064A06
:10DA50000423064814F014FE23780370638843807F
:10DA6000F6F71CFB002010BD1F2000000111000074
:10DA700030B587B00C000500FFF7CCFF0C21002863
:10DA80000ED02A780631272A0AD8694600234A7020
:10DA9000012268460B700A714B710FF0CFFA01003A
:10DAA0002000FAF7D5F8002007B030BD30B587B0B8
:10DAB0000D000400FFF7AEFF0C21002814D02078E1
:10DAC0000631272810D8A278072A0DD869460123E5
:10DAD000487068460B706178037100238170C270D2
:10DAE00043710FF0ABFA01002800FAF7B1F80020FB
:10DAF00007B030BD30B587B00D000400FFF78AFFD6
:10DB00000C21002814D020780631272810D86278FC
:10DB1000531E022B0CD8A378012B09D86946002389
:10DB2000487068460B700A714B710FF087FA01005C
:10DB30002800FAF78DF8002007B030BD70B586B028
:10DB40000D000400FFF766FF0C21002818D0207894
:10DB50000631272814D8A278072A11D8E3785E1E48
:10DB6000032E0DD86E4611397070317061783371A3
:10DB700000236846B170F27073710FF05FFA010014
:10DB80002800FAF765F8002006B070BDF0B589B03E
:10DB900001910400FFF73EFF0C21002836D02778C2
:10DBA0000631272F32D86078431E022B2ED8A37857
:10DBB000012B2BD8E378012B28D0142B26D82679DB
:10DBC000022E23D862799446013A012A1ED8A279FE
:10DBD000951E492D1AD8002B02D00639032815D0DE
:10DBE00011210C2A12D8002102AD2970287161463A
:10DBF0000920E9714019E11D6B712A726F70AE71D5
:10DC000017F042F928000FF019FA01000198FAF70D
:10DC10001FF8002009B0F0BDF0B589B001910400F3
:10DC2000FFF7F8FE0C21002834D027780631272F83
:10DC300030D8A678072E2DD8E078431E032B29D89C
:10DC40002379012B26D0142B24D862799446022AFA
:10DC500020D8A279951E492D1CD8002B02D0063958
:10DC6000022817D811210C2A14D802AD10392970B6
:10DC70006F7061782871A970092061464019A971F7
:10DC8000E11D6B712A72EE7017F0FEF828000FF09C
:10DC9000D5F901000198F9F7DBFF002009B0F0BDCC
:10DCA00010B50FF0D5FD041E0AD004230021054A4B
:10DCB000054814F0E5FC002304704380F6F7EEF904
:10DCC000002010BD1F20000001110000030010B54E
:10DCD0000800012419022143441EA0410130FF30F5
:10DCE000002A17D00D4A9C001268A2580C4C2478C8
:10DCF0009C4207D9002A05D013007E331B78DB43F2
:10DD00009B0705D1538A0A225A4314F07DFB10BDAC
:10DD1000044AFAE714F012FCF9E7C0469004000048
:10DD200005060000409C0000F7B5184F86003B68D0
:10DD300004009D59286A002822D16868002802D072
:10DD40000C3814F05FFE2868002802D00C3814F05C
:10DD500059FE002220001100FFF7B8FF002220002A
:10DD60000121FFF7B3FF20020124FF21204315F01A
:10DD70001BF8280014F046FE00223B689A51F7BDBC
:10DD80000368019314F03EFE0198D4E7900400006C
:10DD900070B5012828D0022811D000280ED11749CB
:10DDA000174B01300B60174B1B684B60164B1B78F1
:10DDB0000B81164B1B884B8114F09AFF70BD124BE0
:10DDC0001878013840B285000028F7DB104BC4B248
:10DDD0001B685B59002B03D001212000FFF7A4FF33
:10DDE000013C60B2043DEFE7074B00211A78084B75
:10DDF0009200186817F064F8E0E7C0468404000059
:10DE00004CE8011894040000050600003CE90118E4
:10DE100090040000F0B583008FB0774F0293029A10
:10DE20003B680D009C1826680190002E00D0C5E0CC
:10DE30003100842014F05CFD3B68029A20609C58FD
:10DE400007230393002C00D1C0E00120019B310087
:10DE50001B02184314F0A8FF2000203015F02CFC02
:10DE6000230022000F217C331E807E32039313781F
:10DE700020008B431370230029007F331E705E70D7
:10DE8000DE706B890522E381AB8910312382EB8937
:10DE90000830638216F0F8FFFAF72EF9010020002F
:10DEA0000822283016F0F0FF544B019A1B78934259
:10DEB00000D98EE01B23A3826B1DD87F504B260018
:10DEC0001B5C7236DA1E51424A414E4952420A40A8
:10DED0004932FF322283FB22E2824B4A62832200D4
:10DEE000298D703211806A8D4849328061674849B6
:10DEF0002377E183290063772C310F7821007A3171
:10DF00000F7029002D310F7821007B310F70032B0A
:10DF100006D1A921131C09018A4200D20B1C3380AF
:10DF20000121AB1DDA7F039B1B888B4319005342F1
:10DF300053410B4303990B80290023002E310978AC
:10DF40006833197029003431097802331971298E28
:10DF50001980698E59800023236063602B0002CBF7
:10DF6000AC88049105A90C809B788B70EB7904A98F
:10DF7000CB71AB68297D0693EB6807932B690893F7
:10DF800008AB19716B7D04A94B75AB7D8B752B8B21
:10DF90000B83EB690B932B6A0C930B000533DA7739
:10DFA0000B000633D877EB8C0198CB8412F050FB32
:10DFB00018490390019802F06FFA07E0164B3200FF
:10DFC0001B68032001999847FF23039303980FB020
:10DFD000F0BD3B68029A9B58002B00D16AE71900FC
:10DFE000042028310A782B3382430A7002211A78E0
:10DFF0008A431A705EE7C0469004000005060000E0
:10E000008E3603184809000048080000FB00480845
:10E0100007020000B80B000058060000F8B52D4BB1
:10E0200014001B68820007000D00D658032C08D18D
:10E03000022D08D0284B2200290003201B68984796
:10E0400001E0002CF4D0002E1DD07E363378032062
:10E050001A000240824216D09B100340834212D025
:10E06000012D1ED0022D0FD0002D2DD12300834372
:10E0700004D0194B220001001B6898470323327813
:10E080009A4314433470F8BD2300834304D0124BE9
:10E09000220001001B6898470322337893432343EF
:10E0A0003370A5000C212B008B4304D00A4B2200B7
:10E0B00003201B6898470C223378380093432B4386
:10E0C000337000F065FCDEE7034B2A0039001B6863
:10E0D0009847D8E7900400005806000010B50124C6
:10E0E00003021C430A4B82001B68D358002B03D049
:10E0F00003220221FFF792FF2000FF2114F054FEBB
:10E10000822022002100400014F0F8FA10BDC04621
:10E1100090040000F7B5012603021E4305003000FD
:10E1200001920C0014F0AEFE154BAA001B68009083
:10E13000D758012C05D9134B2200290003201B6856
:10E140009847A300FF183B68002B05D00D4B220019
:10E15000290003201B689847019B3B60009BFF2B15
:10E1600005D1084B290003201B68009A984701211C
:10E17000A140009B30001943C9B214F015FEF7BD51
:10E180009004000058060000094B82001B6870B51F
:10E190000C00D558012905D9064B0A001B6801005F
:10E1A00003209847A4006359181E00D0187970BD49
:10E1B0009004000058060000407970474271704793
:10E1C000094B82001B6870B50C00D558012905D990
:10E1D000064B0A001B68010003209847002D01D060
:10E1E000A4006559280070BD900400005806000086
:10E1F000F7B51F000E4B01921B68820005000C0052
:10E20000D658012905D90B4B0A001B6801000320D1
:10E210009847002E0AD0A400A359002B06D01B68F3
:10E22000002B03D03A00280001999847F7BDC0465B
:10E230009004000058060000F7B5204F14003B681A
:10E2400082009B5806000D000193012905D91C4B43
:10E250000A001B68010003209847019B002B20D077
:10E260003B68B2009B58AA00D358002B19D09A796A
:10E27000032A1CD8100016F0DBFD02081115002C33
:10E280000FD001229A71012203E0002CFBD1220061
:10E290009C7129003000FFF719FD02E00322002CD9
:10E2A00003D0F7BD002CFCD002229A71F9E719794E
:10E2B000034B03201B689847F3E7C0469004000017
:10E2C00058060000F7B5012703021F430500380078
:10E2D0000C0014F0D7FD174BAA001B680190D6580C
:10E2E000012C05D9144B2200290003201B689847F4
:10E2F000A300F6183368002B05D10F4B220029002C
:10E3000003201B689847002221002800FFF794FF94
:10E3100030680C3814F00AFA00233360019BFF2B9D
:10E3200007D00123A340019938009943C9B214F0E2
:10E330003BFDF7BD9004000058060000F7B5204FE4
:10E3400014003B6882009B5806000D0001930129D0
:10E3500005D91C4B0A001B68010003209847019B4C
:10E36000002B12D03B68B2009B58AA00D358002B58
:10E370000BD09A79032A1CD8100016F059FD020719
:10E380001116002C01D003229A71F7BD002CFCD08D
:10E3900002229A71002229003000FFF797FCF4E76F
:10E3A000002CF2D101229A71F5E7002CEDD19C717D
:10E3B000EBE71979034B03201B689847E5E7C04654
:10E3C000900400005806000010B50C000021FFF773
:10E3D000DBFE03002320A34208D00020062B03D835
:10E3E000042B03D92A3001E0092BFBD010BD00001B
:10E3F00070B5062306000D001B4A09881B4814F05F
:10E400003FF91B4B04001B78B3420AD9194BB200E9
:10E410001B68D358002B04D07E331B78DB439B074B
:10E4200004D10C232370002323710EE0002303701A
:10E43000A978994204D001290ED012220270F3E784
:10E440000121300012F0F2FF20712B882000638040
:10E45000F5F724FE002070BD074B1A002D3210780E
:10E460005B699847F0E7C0462D0C000001110000E1
:10E4700005060000900400002006000070B5062389
:10E4800005000E00164A0988164814F0F9F8164BD4
:10E4900004001B78AB420AD9144BAA001B68D3585E
:10E4A000002B04D07E331B78DB439B070AD10C235F
:10E4B000237000232371338820006380F5F7EEFD7D
:10E4C000002070BD00230370280012F0E1FF05005A
:10E4D000F9F71EFE0A21E4F79BFD40192071EAE7D7
:10E4E0000514000001110000050600009004000062
:10E4F00010B50100040013220623054814F0C0F8EB
:10E500000123448083800370F5F7C8FD10BDC04629
:10E510000311000070B50423150004000A00010077
:10E52000034814F0ADF805704480F5F7B7FD70BDF1
:10E530000111000070B50E4B15001B7804000C2271
:10E5400083420FD90B4B80001B68C358002B09D0A6
:10E550007E331B78DB439B0704D02000498812F0F0
:10E56000E3FF002229002000FFF7D4FF002070BD48
:10E57000050600009004000070B5104B15001B78D4
:10E5800004000C22834213D90D4B80001B68C35832
:10E59000002B0DD07E331B78DB439B0708D00B7913
:10E5A00020005A1E93414988DAB212F0E3FF00229C
:10E5B00029002000FFF7AEFF002070BD0506000017
:10E5C0009004000070B50D000100140001232A0022
:10E5D000034814F055F80470F5F760FD70BDC046AF
:10E5E00002110000002070B51A00084BC400E518A5
:10E5F0001C5B944205D16B68181E01D008789847BF
:10E6000070BD01301728F1D10020F9E774E7011837
:10E61000F7B5120AD3B201932C4B0C001B7893422E
:10E6200039D92B4B92001B68D758002F33D03B00B1
:10E6300003267E331B783340B3422CD04B88002B0B
:10E6400037D04B6898B2F9F7F7F90023C380628896
:10E650000500930A04D01F4B30001B681E499847E1
:10E66000EA886388920A218892021A4392048B0BEB
:10E67000920C9B03813713433E78184A1BB2134018
:10E68000002E10D0EB8000233B702900019812F07F
:10E690003BFB002818D06388002B12D0606880B242
:10E6A000F9F70AFA0DE0C022920111400B43EB800A
:10E6B000EBE70B881B13334203D13B00012281336C
:10E6C0001A700198FFF714FF0020FEBD0506000038
:10E6D0009004000058060000FF030000FFCFFFFF7A
:10E6E00070B51E4B140A1B780D00E6B2A34217D971
:10E6F0001B4BA2001B68D358002B11D003227E3382
:10E700001B78134093420BD0002B0DD0300000F04B
:10E710001DFA002808D101223D21300000F0B8FC8C
:10E720002888F9F72BF915E00823002221000D486D
:10E7300013F0A6FF2B798022022B0DD05201144337
:10E7400004806B8843802B884360F5F7A7FC30007A
:10E7500001F056FE002070BD9201F0E705060000B2
:10E76000900400000611000010B5100AFFF7C0FE6B
:10E77000002010BD06040000F5EF01181D04000084
:10E78000ADF401187B0C0000F10202187C0C0000B3
:10E7900005050218132000004D1A0218152000006C
:10E7A00071230218162000000D080218192000001D
:10E7B000B9FE01181A20000095FF01181B20000067
:10E7C0000D00021820200000611B0218212000000B
:10E7D000ED1B021822200000310D0218302000002D
:10E7E000CD2D021832200000252E02185A200000DC
:10E7F000FD3702185B200000793802185C20000009
:10E800001539021813FC000035E5011814FC00004E
:10E8100079E5011815FC0000250E02182D0C0000EA
:10E82000F1E30118051400007DE4011810B5100A89
:10E830002221012200F02CFC002010BD10B5100A8E
:10E840002221012200F024FC002010BD051100004F
:10E85000E5E501180611000011E601180B020000A1
:10E86000A5EB01180C020000FDEC01180D020000E0
:10E87000E1E601180E02000069E70118120200002B
:10E8800001EF01180F0200000D1D02181002000018
:10E89000AD2402181102000011300218130200000A
:10E8A000B51D021814020000311E021802000000FB
:10E8B00039240218040100009DEF01180601000030
:10E8C000E1F3011807010000B10802180801000077
:10E8D000A9F1011809010000C10102180B01000093
:10E8E000491C02180A010000190F02180D0100004E
:10E8F000D52302180E010000592F02180C01000048
:10E90000490302180F010000513B021810010000DA
:10E910009D330218000100002DE8011801010000DC
:10E920003DE80118030100009D03021802010000E8
:10E930004104021805010000A10002181E0070B574
:10E940000D0004000B0003220021FFF751FC2B00F7
:10E95000200003220121FFF74BFC002070BD70B5A1
:10E960000D0004000B0002220021FFF741FC2B00E8
:10E97000200002220121FFF73BFC002070BD10B5F2
:10E980000B0001220021FFF733FC002010BD000026
:10E99000304BF7B51B688200D658019037007C37A2
:10E9A0003B889B073BD4012300930B339C460820F4
:10E9B0000425346A002C32D0330003227E331B78C6
:10E9C000617A9B10134062465143234A5218927A4F
:10E9D000022B2BD0032B2CD0012B21D0D30721D5F8
:10E9E000F8F75AFF051E05D11C4B020001001B68F9
:10E9F000012098472000227AA988093012F0C6FE2B
:10EA0000237A2900AB7102233A88019813433B8093
:10EA100012F006F900280FD0A888F8F753FFF7BDC9
:10EA20002A42DDD1002324680093C3E71A42F9D0BB
:10EA3000D6E70242F6D0D3E7009B002BEFD1203679
:10EA40002100300014F0A0FE2100300014F080FE00
:10EA5000E5E7C046900400008CED01185806000060
:10EA6000F0B587B006000C1E03922ED0214B820019
:10EA70001B68D3580293002B27D00B781E2B24D869
:10EA80000C277B431C4A0221D318188902ABD8817A
:10EA9000C01913F02DFF0E22039B02A943602378B7
:10EAA00052185F43144B2100DF197B680500009367
:10EAB0000930242314F0AAFB011E0FD00F4B22783B
:10EAC0001B680320984707B0F0BD0C4B1B68002C57
:10EAD00002D022783100F4E7094AFBE702ABDB8978
:10EAE000029829002B72203014F0FCFD3000FFF753
:10EAF0004FFFE8E7900400008CED01185806000075
:10EB0000FFFF000073B514001A000E4B0D001B78B8
:10EB100001A9834209D90C4B86001B68F358002BCE
:10EB200003D028331B785B0701D40D2D06D91123A0
:10EB30008C700B704D70FFF793FF73BD0D234C70FD
:10EB40000B70F8E70506000090040000134B8200EC
:10EB50001B6870B5D5580400002D05D1104B01007D
:10EB60002A0003201B68984701212000FFF728FB9B
:10EB700001217C352B8806000B4201D0002070BD9E
:10EB80002000FFF701FB0328F8D13000FFF714FB4A
:10EB9000113843425841C0B2F1E7C046900400002A
:10EBA00058060000F0B5524B0E001B68110A99B0D0
:10EBB00002928A00D458CDB2002C04D14D4B2200D1
:10EBC00003201B6898472800FFF7C0FF002805D0E6
:10EBD000300013F079FD012019B0F0BD002C47D0B2
:10EBE00023007C331B885B0642D406AF2322380007
:10EBF000B18812F0C3FD3A780FA802701E2A0DD911
:10EC000003217E3423780B408B4231D0002B64D01B
:10EC100001223A31280000F03BFA29E00C21B378B8
:10EC200051430393344B59180B899C46039B9C45D5
:10EC300053D1242305AA13804B68390000936346FF
:10EC400014F0E4FB002800D01E2003220C277E34A1
:10EC500023780FAC1340227827495743C919897A82
:10EC6000022B1BD0032B1DD0012B09D0CB0709D4BD
:10EC7000B088F8F783FE280001F0C2FB0020ABE764
:10EC8000490708D5002810D0020000232800217869
:10EC9000FFF738FFECE71A003D21BBE71942F1D13D
:10ECA0000122F9E70B07EDD4E2E71E2A04D9114B44
:10ECB00003201B68029998470C23217828004B43B6
:10ECC0000D493288CB5821009847011ED0D0282802
:10ECD00001D03D28D8D101229CE7072302A90B735C
:10ECE0004A732800002205A9FFF7BAFEC0E7C04614
:10ECF00090040000580600008CED0118134B110A17
:10ED00001B688A0070B5D458CEB2002C09D1104BC4
:10ED1000220003201B6898473000FFF739FE0020CF
:10ED200070BD2000203014F025FD43680500002B45
:10ED300002D03000697A9847280013F063FE02225F
:10ED40007C34238893432380E6E7C0469004000088
:10ED50005806000042424848484848004235424868
:10ED6000004238424838423442004238423442007D
:10ED7000424848484842484848484848480042486D
:10ED8000313842484842423642480000D5170218FE
:10ED900054ED01180C0001004D2202185CED011821
:10EDA00008000100C9F00118E859011802000F001D
:10EDB000E1FC011861ED011817000700ADFD011815
:10EDC0006AED01180D0003001DFE01188C59011891
:10EDD0000100030069FE01188C59011801000B00A5
:10EDE0007FE90118E8590118020001000D07021817
:10EDF0007B59011809000100B50702187B59011859
:10EE00000900010021FC01188C59011801000100C2
:10EE10008DFC01188C5901180100050055F40118EA
:10EE2000C4590118060001005FE90118E8590118EA
:10EE300002000300650702187B5901180900010050
:10EE4000F118021870ED011818000100C519021818
:10EE500070ED0118180001003FE9011885590118EB
:10EE600003000300C50202188C59011801000100BB
:10EE7000D70202188C59011801000100590B021821
:10EE80000159011809000100B90C021801590118B3
:10EE9000090001001D2C021885590118030001000A
:10EEA000C12C02188559011803000100392D0218E0
:10EEB000BA59011805000100F122021885590118FC
:10EEC000030001000000000000000000000000003E
:10EED0000000000000000000000000007136021871
:10EEE0007EED011823000100B93A0218E859011813
:10EEF00002000100153B0218E85901180200010048
:10EF0000F8B5244B150A1B68AA00D6580F00ECB2BE
:10EF1000002E05D1204B3200290003201B689847A2
:10EF20003B7837008037162B00D03B70012300223E
:10EF300082361100200033703B00FFF759F90021A1
:10EF40002000FFF721F9002809D0134B00212000F1
:10EF50001E68FFF719F9290002000320B0470121BC
:10EF600020003B000022FFF743F901212000FFF7BA
:10EF70000BF9002809D0084B012120001E68FFF77B
:10EF800003F9290002000320B0472000FFF7A6F88C
:10EF90000020F8BD9004000058060000F8B5124BA0
:10EFA000140A1B68A200D558E6B2002D05D10F4BFC
:10EFB0002A00210003201B68984706230522210010
:10EFC00080350B482F7813F05BFB00250771057027
:10EFD0004480F5F763F829003000FEF7A5FE300005
:10EFE000F9F730F82800F8BD90040000580600003A
:10EFF00003110000F0B5234B85B01B7805000C26EB
:10F0000002910392834233D91F4B82001B68D3586D
:10F010000193002B2CD07E331B78DB439B0727D03A
:10F02000019B01277F331B781E003E403B4227D1C6
:10F030000102842039430C230A00400013F020FB16
:10F040000400320029000771FFF7B8F80F4B236066
:10F05000029B9B782372132B00D103336372200031
:10F0600013F032FB0122019B7F3319780A431A7097
:10F07000280032000399FFF7A5FA002005B0F0BD83
:10F080003A26F5E7050600009004000055F2011845
:10F0900070B504000B4B08001B681100A200D35888
:10F0A0001D0082352A78002A0BD180331870200089
:10F0B00011F07CFD01230322022120002B70FEF7BA
:10F0C000ADFF70BD900400000C4B82001B6870B552
:10F0D000D658002204000D001100FFF7ADF8200003
:10F0E00000220121FFF7A8F801227C363388200096
:10F0F00069789A43FFF7CCFF002070BD90040000B0
:10F10000F7B50D0000210400FFF75AF80600002DA6
:10F110003FD1224BA2001B68D758FFF74DF8051EC0
:10F120000BD0012830D01E4B30001D68FFF744F88B
:10F13000210002000320A8472BE003220221200027
:10F14000FEF76CFF2A0001212000FFF775F86946E1
:10F150000222737A80373B70337A20004B710A7138
:10F16000104A01A9FFF77CFC012221003000FFF7C3
:10F1700025F82A0029002000FFF7E0F801222900E5
:10F180002000FFF759F8F7BD0200717A2000FFF761
:10F190007FFF00212000FFF795F8F4E790040000BE
:10F1A0005806000049F20118F7B5244B150A1B78E0
:10F1B00000200091ECB2AB423ED9214BAA001B6863
:10F1C000D358834238D01A0003277E3212783A404F
:10F1D000BA4231D07C331A88802316009B001E402F
:10F1E00002301A4228D131002000FEF7CDFF00285E
:10F1F00018D0009B3100200032000933FEF7F8FFE1
:10F2000031002000FEF7C0FF00280BD00D4B31006D
:10F210001B6820000193FEF7B7FF29000200019B45
:10F220003800984700212000009AFEF773FF200065
:10F230000021FFF765FF0120FEBDC0460506000066
:10F24000900400005806000010B50021FFF758FF99
:10F2500010BD000010B5002909D04B1E022B09D9A2
:10F26000054B0A001B6801000320984702E0117853
:10F27000FFF746FF10BDC04658060000F8B501274D
:10F280000D0006000102842039430C230A00B84017
:10F2900013F0F6F90400310007710022FEF78EFF2B
:10F2A000034B257265722000236013F00DFAF8BD40
:10F2B00055F2011870B50A230D0006000100140074
:10F2C00008480C2213F0DCF946800570002D05D1AA
:10F2D0006388C380A388038123780371F4F7DEFE7B
:10F2E00070BDC0460311000007B56A46054B69466C
:10F2F0001380054B5380092393800022FFF7B0FB56
:10F3000007BDC0460C0A00003A090000284BF7B5BB
:10F310001B688200D3580E00002104000093FEF702
:10F320004FFF0500FEF748FF00280CD0012825D02C
:10F33000204B28001E68FEF73FFF2100020003203B
:10F34000B0471F261FE0009F04237C373A88110036
:10F35000194001911A4216D12000FFF7C5FF08237A
:10F360003A8821001343280001223B80FEF726FF44
:10F37000012220000199FEF75FFFF7BD0022200067
:10F380001100FEF759FF2B7A002B0BD0009A3100A9
:10F3900030322000FFF78EFF0221009B7F331A7866
:10F3A0008A431A7000212000FEF78CFFE5E7C04673
:10F3B000900400005806000010B5002909D04B1E2B
:10F3C000022B09D9054B0A001B680100032098474E
:10F3D00002E01178FFF79AFF10BDC0465806000002
:10F3E000F8B51A4B120A1B780E00D4B293420AD910
:10F3F000174B91001B68CB58002B04D07E331B7831
:10F40000DB439B0710D10025337AAB420AD0104B67
:10F4100092001B682000D3581A00803319783032CC
:10F42000FFF748FF2800F8BD00212000FEF7ACFEE2
:10F430000225071EF6D1010032002000FEF76AFE09
:10F4400039002000FFF762FF013DEBE705060000F1
:10F4500090040000144B82001B6870B5D4584A78A1
:10F46000230030331A704B88050063868B88002197
:10F47000A38604237C34228813432380FEF784FE72
:10F48000022805D100212800FFF740FF002070BDB1
:10F49000082623883342F9D12800FFF725FF238867
:10F4A000B3432380F2E7C04690040000F7B51F4B3A
:10F4B00004001B780C27019283422ED91C4B82003A
:10F4C0001B68D358002B28D01A007E321278D24302
:10F4D000920722D07F3300931B7802261F0037400B
:10F4E000334221D101230102832019430A000B3347
:10F4F000400013F0C5F8050006713A002100FEF740
:10F500005DFE0C4B28002B6001232B7213F0DCF8FE
:10F51000009B1B781E43009B1E703A00200001993F
:10F52000FFF750F80020FEBD3A27F6E70506000079
:10F5300090040000B9F3011870B50C00012105001A
:10F5400006201202114389B211230A00FF3013F082
:10F5500097F80600057010222100013015F094FC88
:10F56000300013F0B1F870BD70B50D000400002A32
:10F570000DD1062301000832094813F081F86B42CF
:10F580006B41448003710570F4F788FD70BD010084
:10F5900004233022024813F073F84480F3E7C04696
:10F5A00003110000F0B5A24B16001B6882009B58A7
:10F5B0008BB00F00002104000393FEF701FE05004D
:10F5C000FEF7FAFDB84257D0092F06D1132E0FD0FF
:10F5D0000AD8062E4BD0082E0AD001223D21200049
:10F5E000FFF756FD3D2603E01A2E42D0222EF4D11D
:10F5F000904B039F1B787C37A34229D98C4BA200E8
:10F600001B689B58002B23D07E331B78DB439B0762
:10F610001ED00821039A20007F3213788B43137089
:10F62000073911F0E1FB002202212000FEF7F6FC71
:10F63000002201212000FEF781FE20223B882000CD
:10F64000934372427241520113433B8000F0D8FE53
:10F650003A352A7831002000FFF786FF002120008C
:10F66000FEF730FE3B88744A13403B804AE0052891
:10F67000BED00428B1D1BBE7082F00D9D0E03800B4
:10F6800015F0D6FB051D42487A8FA0CEC800002198
:10F69000200011F0A9FB2B003A331B78002B33D04C
:10F6A0000A2304A90B7000222000FFF7D9F90122D8
:10F6B00021002800FEF782FD0122110058E00122FE
:10F6C00000212000FEF7AAFC012220001100FEF715
:10F6D00035FE002220001100FEF7AEFD00212000C3
:10F6E00011F038FE0021200011F014FE0B2304A9B4
:10F6F000524A20000B70FFF7B3F9022221002800C4
:10F70000FEF75CFD0BB0F0BD21004D4814F0ACF9E4
:10F710000322F3E703222B8F02A90A724B820920EE
:10F72000290002ABC0180822083115F0ADFB2900F2
:10F730000822283107A815F0A7FB29000422203150
:10F7400009A815F0A1FB0022200004A9FFF788F901
:10F75000280004222100FEF731FD3A350122002164
:10F760002000FEF769FD2B7802220121002BA4D195
:10F770002000FEF753FCC5E7022200212000FEF71F
:10F780004DFC012220001100FEF7D8FD05222100CA
:10F790002800FEF713FD012200212000FEF74CFD9A
:10F7A000B0E7290028000122254B283110300094B1
:10F7B00014F045F9062221002800FEF7FFFC002284
:10F7C0001100EAE72A00290020322000103111F050
:10F7D000E1FD0121200011F0BDFD0121200011F00B
:10F7E00099FD062304A90B7000222000FFF738F9C9
:10F7F000082221002800FEF7E1FC01220021200060
:10F80000FEF71AFD8023039A9B007C3211880B437C
:10F81000138077E7002220001100FEF70DFDE7E6D8
:10F82000084B3A00210003201B6898476AE7C0464E
:10F830009004000005060000FFFDFFFF49F80118D5
:10F8400039F501185806000010B500210400FEF734
:10F850009BFC032804D1002202212000FFF7A2FE16
:10F8600010BD0000030010B5080003291DD815F0D5
:10F87000DFFA02051A071278092106E01A22FBE7CF
:10F880005178032905D1927806311800FFF78AFED6
:10F8900010BD094A990012688A587E321278920780
:10F8A000F6D03D22E8E75278E6E7044A03201468E0
:10F8B0000A001900A047EBE790040000580600007A
:10F8C000F0B5B24F16003B68820089B09B58039197
:10F8D000012102930400FEF773FC0500FEF76CFCA7
:10F8E000039B98424AD0132B01D13D2E05D1012212
:10F8F0003D212000FFF7CCFB3D26A54B029A1B784B
:10F900007C320292A3422FD93B68A2009B58002B65
:10F910002AD07E331B78DB439B0725D001212000B2
:10F9200011F062FA002202212000FEF777FB3A353F
:10F93000002E02D02B78002B04D0310020002A7832
:10F94000FFF712FE029B20001A8820239A4373427D
:10F950005E41029B760116431E8000F051FD00229D
:10F9600020001100FEF7EAFC01212000FEF7AAFCAE
:10F97000029B884A1B881340029AE4E02800FEF7A5
:10F980001BFC0A38082800D9F5E015F05BFA0B00DB
:10F9900057005D006E00A500BA00DE00B6FF09004A
:10F9A0000626AAE72E000021200011F01DFA0122F0
:10F9B00000212000FEF7C2FC029B3A367C331B88F4
:10F9C00032789B06DB0F9A420AD0242203212000C2
:10F9D000714BFFF797F8122221002800FEF7EEFB8B
:10F9E0003378002B0ED1022220001100FEF716FB07
:10F9F00021006A4814F038F80D2221002800FEF793
:10FA0000DDFB19E00B260021200011F0A3FC0122F0
:10FA100002212000FEF702FB04A9002220000E7044
:10FA2000FFF71EF8320021002800FEF7C7FB012275
:10FA300011002000FEF700FC09B0F0BD00212000FD
:10FA400011F068FC0C22EEE7022220001100FEF704
:10FA5000E5FA2100514814F007F80D222100280092
:10FA6000FEF7ACFB00220121E3E70420F8F736FBA8
:10FA700000283ED004272900092004AE02AB3770CD
:10FA800008223031C01815F0FFF92900112002AB0F
:10FA90003A00C018243115F0F7F931000022200097
:10FAA000FEF7DEFF2B8FA7B20022390002933C48FD
:10FAB0000E2312F0E5FD0523290006000370029BCA
:10FAC0000822838147800831043015F0DDF93000C9
:10FAD000F4F7E4FA0E2290E7002E0AD1290028005C
:10FAE00001222E4B28311030009413F0A8FF0F2272
:10FAF00083E7062203212000274BFFF703F8122299
:10FB00007BE72A00290020322000103111F042FC4E
:10FB10000121200011F01EFC052304A90B70002216
:10FB20002000FEF79DFF102221002800FEF746FB73
:10FB3000012220001100FEF77FFB8023029A9B0028
:10FB40007C3211880B43138076E7002220000121CC
:10FB5000FEF772FB2000012111F0DCFB21002800E0
:10FB60001122FEF72BFB062304A920000D4A0B707F
:10FB7000FEF776FF60E70C4B28001E68FEF71CFBC3
:10FB8000210002000320B04756E7C0469004000061
:10FB900005060000FFFDFFFF07FC011839F50118FD
:10FBA00004110000EDFB01185806000010B50029F3
:10FBB00009D04B1E022B0BD90A4B0A001B6801000F
:10FBC0000320984703E012781321FFF779FE10BD58
:10FBD000054B82001B68D3587E331B789B07F6D0F9
:10FBE0003D22F1E7580600009004000010B5012105
:10FBF0000400FEF7C9FA032804D1002211212000D5
:10FC0000FFF75EFE10BD10B501210400FEF7BCFA3F
:10FC1000032804D1002212212000FFF751FE10BD5D
:10FC2000F8B50127174B82001B680400D3587C33BA
:10FC30001B883B4202D024263000F8BD3900FEF775
:10FC4000A3FA061EF7D10A203A0039003C23FF3000
:10FC500012F016FD03230500210003710A22FEF7AE
:10FC6000ADFA094B2A002B602B003A3339002000F3
:10FC70001F70FEF74FFA32000A212000FFF720FE26
:10FC8000DAE7C04690040000ADFB011870B501260C
:10FC9000124B82001B680400D5587C352B883342F8
:10FCA0000BD101212000FEF76FFA032814D10022A6
:10FCB0000B212000FFF704FE09E00021FEF764FAA3
:10FCC000032806D1002231002000FFF76BFC002042
:10FCD00003E02B883342E4D0242070BD9004000060
:10FCE000F7B501272F4B82001B680400D3580D0085
:10FCF0007C331B883B420DD00021FEF745FA0328D8
:10FD000001D02420FEBD3D2209212000FFF74AFC3E
:10FD10000020F7E73900FEF737FA0C26031E0190A2
:10FD20001AD10A203A0039003C33FF3012F0A8FC07
:10FD3000032303711C4B060003600300019A3A334E
:10FD40001A70390002002000FEF7E4F930000A22A0
:10FD50002100FEF733FA0A2601212000FEF714FAEB
:10FD60000328CED101212000FEF72AFA290007003E
:10FD70006B89042203871431203015F085F8380090
:10FD8000290008220C31283015F07EF83800691C53
:10FD90000822083015F078F8002231002000FFF723
:10FDA0008FFDB5E790040000ADFB011870B50E00A3
:10FDB0000121194B82001B680400D3587C331B8837
:10FDC0000B420CD1FEF7E0F9032801D0242070BDCE
:10FDD0003D2213212000FFF773FD0020F7E70021EB
:10FDE000FEF7D2F90328F1D100212000FEF7E8F94F
:10FDF0003100050004220931243015F045F82800AF
:10FE0000711C0822303015F03FF800220421200038
:10FE1000FFF7C8FBE1E7C046900400000121114B49
:10FE200070B51B688200D35804007C331B880B42DA
:10FE30000CD1FEF7A9F9032801D0242070BD3D2282
:10FE400013212000FFF73CFD0020F7E70021FEF71B
:10FE50009BF90328F1D1002205212000FFF7A2FB26
:10FE6000F2E7C04690040000124B70B51B68820098
:10FE7000D35801217C331B8804001D000D400B4228
:10FE80000CD1FEF781F9032801D0242070BD2A008F
:10FE900010212000FFF714FD0020F7E70021FEF7F6
:10FEA00073F90328F1D1002208212000FFF77AFB23
:10FEB000F2E7C04690040000F0B5334B85B01B78E4
:10FEC00005000C2600910392834252D92F4B8200E9
:10FED0001B68D358002B4CD01A0003217E321278B5
:10FEE0000A408A4245D01A007C32029212880239B6
:10FEF0000A423ED01A00283212780E360A4238D012
:10FF00007F3301931B7808271E003E403B4238D1C7
:10FF1000012301020A2019430A003B33FF3012F08B
:10FF2000AFFB03210400017132002900FEF746F9FE
:10FF3000174B00993A0023600231E01914F0A4FF36
:10FF40002000009910224B89103023870C3114F0C7
:10FF50009BFF0122029920000B885B1113402200B5
:10FF60003A32137012F0B0FB019B019A1B783B43AD
:10FF70001370280032000399FEF724FB002005B01F
:10FF8000F0BD3A26F5E7C0460506000090040000E3
:10FF900065F80118F7B51B4B04001B781700019199
:10FFA000834206D80C2239002000FEF7B3FA002065
:10FFB000FEBD154B82001B68D358002BF2D07E3358
:10FFC0001B78DB439B07EDD00121FEF7DDF803280A
:10FFD000E8D101212000FEF7F3F80500FEF7ECF868
:10FFE00006000E28DED128000199102202311030BF
:10FFF00014F04AFF002231002000FFF761FC0022CC
:020000041802E0
:10000000D1E7C0460506000090040000F7B5214B7B
:1000100004001B780192834206D80C22200001992B
:10002000FEF778FA0020FEBD1B4F86003B689B5907
:10003000002BF2D07E331B78DB439B07EDD00121F0
:10004000FEF7A2F80328E8D101212000FEF7B8F856
:100050000500FEF7B1F801000E28DED13A352D7803
:10006000002D10D020000D39FEF72CF93B680B490C
:100070009B5920007C331A880A401A800621FFF71A
:10008000FDF80022CAE706222000FFF719FC2A002B
:10009000C4E7C0460506000090040000FFFDFFFF16
:1000A000F7B5444B160A1B780C00F7B2B3425CD983
:1000B000414BB2001B68D558002D56D02B007E3323
:1000C0001B78DB439B0750D001227C352B881342E1
:1000D0001BD101213800FEF757F80190032844D1C5
:1000E00001213800FEF76CF80500FEF765F80D28D1
:1000F00046D00F2859D0314B28001C68FEF75CF819
:10010000310002000198A04746E000213800FEF7C8
:100110003BF8019003282ED100213800FEF750F85B
:100120000500FEF749F803280BD006281FD0234B03
:1001300028001C68FEF740F8310002000198A04733
:100140000BE028000422611C203014F09DFE2800E2
:100150000822611D283014F097FE2800FEF72CF8C5
:10016000002201003800FFF71DFA0020FEBD10221A
:10017000611CA818EFE701222B881342F5D1A8E7EC
:1001800028000422611C243014F07EFE280008227E
:10019000611D303014F078FE2800FEF70DF80022C3
:1001A00001003800FFF78CFBDFE71022611CA81864
:1001B000F0E7C04605060000900400005806000065
:1001C000174B70B5120A1B680E009100CB581549E9
:1001D000D5B20978914207D9002B05D01A007E329A
:1001E0001278D243920707D1803328000022197871
:1001F000FFF7BAF9002070BD00212800FDF7C4FF09
:1002000004000220002CF6D1320021002800FDF766
:1002100081FF280022002100FFF7C4F90120EAE74E
:10022000900400000506000073B50D0000210400D5
:10023000FDF7C6FF0600FDF7BFFFA8421DD1300045
:10024000FDF7BAFF051E0BD0012816D0104B300069
:100250001D68FDF7B1FF210002000320A8470BE055
:100260001223020001A920000B70FEF7F9FB012206
:1002700029002000FDF7E0FF73BD002220001100DF
:10028000FDF7DAFF00212000FEF71CF8F4E7C04676
:100290005806000010B501290ED009D98B1E012B7C
:1002A0000DD9074B0A001B6801000320984706E0A0
:1002B0000121FFF7B9FF02E05378122BF9D010BDEE
:1002C00058060000132307B5002201A90B70FEF7A2
:1002D000C7FB00200EBD10B500210400FDF754FF40
:1002E000082803D101212000FFF79EFF002010BD48
:1002F00070B5062304000D000F4A09880F4812F05C
:10030000BFF90F4B0C211B78A3420ED90D4BA40053
:100310001B68E358002B08D01A007E321278D243B3
:10032000920702D00021DB8E838001702B884380EE
:10033000F3F7B4FE002070BD7B0C0000011100003B
:10034000050600009004000070B5130A114A0C0065
:1003500012780021DDB29A421AD90F4A9B00126826
:100360009B588B4214D07E331B78DB439B070FD006
:100370002800FDF709FF0221061E09D10100220015
:100380002800FDF7C7FE31002800FFF74DFF0121CF
:10039000080070BD050600009004000070B5130A47
:1003A0001100144ADDB212789A4221D9124A9B00F8
:1003B00012689B58002B1BD01A007E321278D24351
:1003C000920715D07C331B889B0611D586200A0026
:1003D0000823400012F054F908230400037100229E
:1003E0002900FDF7EBFE054B2000236012F06CF9AD
:1003F000002070BD05060000900400009502021860
:100400000E4B82001B6870B5D5582B007C331B88BF
:100410009B0611D50124000204430A268120EA8E9E
:1004200021007243400011F0EFFF04202A8F2100C9
:100430007243FF3011F0E8FF70BDC0469004000029
:1004400070B5124B140A1B78E5B2A3421BD9104BAE
:10045000A2001B68D358002B15D01A007E321278E8
:10046000D24392070FD07C331B889B060BD5022307
:1004700057222100074812F003F90480F3F70EFE1B
:100480002800FFF7BDFF002070BDC0460506000034
:100490009004000003110000F8B5184B82001B689F
:1004A0000600D5580C00002D07D1154B0A001B681B
:1004B0000100032098470C20F8BD288AEB89013001
:1004C00043430A0112205F00BA42F5D3DB009A428F
:1004D00005D239001000E2F793FD03007B431B09AE
:1004E00000D101331120A342E6D0E31A3000EC869C
:1004F0002B87FFF785FF0020DEE7C0469004000051
:100500005806000070B5042306000D00104A098843
:10051000104812F0B5F8104B04001B780C20B342C1
:100520000ED90E4BB2001B68D358002B08D07E3377
:100530001B78DB439B0703D030006988FFF7ACFFD3
:1005400020702B8820006380F3F7A8FD002070BD89
:100550007C0C000001110000050600009004000062
:100560007FB5092301AC050008262370F7F7C4FD09
:100570006B4632000100581D14F086FC2379AA0056
:10058000B3432371064B28001B682100D35828333E
:100590001A786378134000226370FEF761FA7FBD1A
:1005A00090040000F8B50F001600050001000C23B0
:1005B0000022084812F064F804230400310003709C
:1005C000477045800822C01814F05EFC2000F3F745
:1005D00065FDF8BD04110000F0B5314F82003B68A5
:1005E00087B09B580E00002104000193FDF7E8FD41
:1005F0000500FDF7E1FD00280CD0012837D0294B7C
:1006000028001E68FDF7D8FD210002000320B04736
:100610001F2631E0019B7C331B881B062CD43B68D2
:10062000A2009B587C331A880823D20700D40633D3
:1006300003AE08273370F7F75FFD02AB01003A0005
:10064000581D14F021FC33790022BB4331002000F7
:100650003371FEF705FA012221002800FDF7AEFDF7
:10066000012200212000FDF7E7FD07B0F0BD0022C8
:1006700020001100FDF7E0FD2B7A002B0BD0019A32
:10068000310028322000FFF78DFF0421019B7F33CA
:100690001A788A431A7000212000FDF713FEE4E760
:1006A0009004000058060000030010B5080003295C
:1006B0000BD814F0BDFB020B1F211178002904D0C8
:1006C0001A2906D01800FFF787FF10BD52780E2AAE
:1006D000FBD10C4A1A2112789A42F3D90A4A98009F
:1006E00012688258002AEDD0082428321078A043DE
:1006F0001070E7E75178E1E751780E29E5D191785C
:10070000DCE7C0460506000090040000F8B5144B75
:1007100082001B680127D35824261D007C352A88B7
:1007200014003C403A4218D11E004F7828363770EA
:100730008F782F337770CF78B7700F79F7704F7944
:1007400037718F797771CF79B771097A260019706F
:10075000802313432B80FFF703FF3000F8BDC04612
:1007600090040000124B82001B6870B5D3582422FD
:100770001C007C342588EE0718D51A004E782832E4
:1007800016708E782F335670CE7896700E79D6709C
:100790004E7916718E795671CE7996710A7A1A70E1
:1007A00080232B432380FFF7DBFE0022100070BD67
:1007B00090040000144B82001B6810B5D35804004D
:1007C0001A0048782832107088787C335070C878C6
:1007D00090700879D0704879107188795071C87913
:1007E0009071097A2000D171802219880A431A80F9
:1007F0000021FDF7C9FC042803D100212000FFF7E8
:10080000EBFE002010BDC04690040000F7B5254B5C
:1008100004001B780C260192834238D9224B8200B7
:100820001B68D358002B32D01A007E321278D24384
:1008300092072CD01F007F37397804220E00164013
:1008400011422BD11A0028321278120704D47C33BB
:100850001A8881231A4223D0012308202102194338
:100860000A000B33FF3011F00BFF0422210002714C
:1008700000220500FDF7A2FC01232B720B4B280080
:100880002B6011F021FF04223B7813433B703200B0
:1008900020000199FDF796FE0020FEBD3A26F6E7FE
:1008A0001A26F4E70506000090040000A9060218C5
:1008B000F8B51A4B120A1B780E00D4B293420AD92B
:1008C000174B91001B68CB58002B04D07E331B784C
:1008D000DB439B0710D10025337AAB420AD0104B83
:1008E00092001B682000D3581A00803319782832F0
:1008F000FFF758FE2800F8BD00212000FDF744FC5A
:100900000225071EF6D1010032002000FDF702FC8F
:1009100039002000FFF760FE013DEBE7050600000F
:1009200090040000F7B51E0008AB1F8815000400F6
:100930003E2201910C230100064811F0A1FE07237D
:100940000370019B0781468185804480C380F3F753
:10095000A5FBF7BD0411000048080000F0B55F4F8B
:1009600089B0830003933B68029182000021060056
:100970009D58FDF725FC0400FDF71EFC00280BD058
:1009800001285CD0564B20001F68FDF715FC310094
:1009900002000320B84786E0012231002000FDF765
:1009A0000DFC297FE389628903293DD0697F0329F2
:1009B0001CD1A9211A1C09018B4200D20A1CE28118
:1009C00014252289E089638905A9A4898880CA80C1
:1009D000300000220D704C800B81FEF741F801229F
:1009E00000213000FDF728FC09B0F0BD7C352988D6
:1009F00009060CD53B490978B14208D93968B000DD
:100A00000958002903D0293109780907D8D4364D6F
:100A1000101C2900AA4200D9281C60811A1C8B4294
:100A2000CDD9324B1A88CAE7A920111C0001824295
:100A300000D2011C61816A7F032AC1D1B9E700227B
:100A400030001100FDF7F8FB029B002B2BD12B7F10
:100A5000032B07D1A922618912010B1C914200D2FC
:100A6000131C63816B7F032B07D1A922E18912013B
:100A70000B1C914200D2131CE381A089EF8A2289CA
:100A8000E3896189874208D1AF8A974205D16F8B8C
:100A90009F4202D12F8B8F4205D00090300010F082
:100AA000A5FA00280CD0237C002B04D020227F350F
:100AB0002B7893432B7000213000FDF703FC93E764
:100AC000A089E8822289AA82E3896B8361892983CC
:100AD00000903000FFF726FFE5E7C04690040000D5
:100AE00058060000050600004808000058090218D2
:100AF000030010B5080003291CD814F099F9021C52
:100B000021231178002915D00A00193A012A0ED89C
:100B10000F4A12789A420AD90E4A980012688258EF
:100B2000002A04D0202428321078A0431070180026
:100B3000FFF714FF10BD5278142AFBD11921E7E703
:100B40005178DFE751781429F4D19178DAE7C0467B
:100B50000506000090040000F0B50C0089B00121EA
:100B60000500FDF711FB2423002800D089E06188EF
:100B7000043B1A2900D884E0E2881A2A00D880E0D1
:100B80004930A688FF30864200D27AE02089454F5E
:100B90000400493CFF3CA4B2BC4272D8FB2970D887
:100BA000FB2A6ED8404CA6426BD8404BAC001B6869
:100BB000E3581C00703424888C4200D90C001900C2
:100BC00072310988A4B2B14200D931001E007436D6
:100BD0003688964200D91600B2B203921A007632D5
:100BE0001288824200D902001E7F587F97B2032EDE
:100BF0004AD08EB203284FD018007C3000880006FF
:100C000008D52B480078A84204D91800293000786C
:100C1000000708D42748814200D901008EB28242E1
:100C200000D9244A97B2DA8A03998A4208D19A8A6B
:100C3000A24205D15A8BBA4202D11A8BB24213D0CA
:100C4000039A9C82DA825F831E8331003B0000920C
:100C50002800220010F0CAF9039B22000093310003
:100C60003B002800FFF75EFE152305A90B70039BD0
:100C7000002228004B808F80CC800E81FDF7F0FE93
:100C80000023180009B0F0BDA9263601B14200D2F8
:100C900031008EB20328C6D1A92109018A42C1D2EE
:100CA0000A00BFE7484100009042000090040000A5
:100CB000050600004808000070B50C000021050082
:100CC000FDF762FA242607282FD16388043E1A2BE9
:100CD00027D9E3881A2B24D9A423A2885B009A423F
:100CE0001FD322899A421CD300212800FDF768FAFD
:100CF00062880389934200D913000381A288438943
:100D0000934200D913004381E2888389934200D93A
:100D1000130083812289C389934200D913000026DE
:100D2000C3812800F1B2FFF719FE300070BD00004A
:100D3000F7B5374B06001B780C27009101928342D0
:100D400059D9344B82001B68D458002C53D023004F
:100D50007E331B78DB439B074DD023007F331A780B
:100D6000202317001F401A424CD1230028331B7840
:100D70009B0649D549880B001B3BE02B46D8009BBE
:100D800025489A881300493BFF3B9BB283423DD8DC
:100D9000A38A8B4202D1238B934223D00123852047
:100DA000310219430A001333400011F069FC072394
:100DB0000500310003710022FDF700FA174B009A7D
:100DC0002B60538828002B8193886B81144BEB6038
:100DD00001232B7411F078FC220020237F3211783C
:100DE0000B4313702300009A7033528872341A80B8
:100DF000009B9B88238030003A000199FDF78AFB15
:100E00000020FEBD3A27F6E71A27F4E71227F2E79B
:100E1000050600009004000048410000F10A021895
:100E2000FB004808F7B5384B06001B780C270091EB
:100E3000019283425BD9354B82001B68D458002C49
:100E400055D023007E331B78DB439B074FD0230014
:100E50007F331A78202317001F401A424ED12300F7
:100E600028331B789B064BD549880B001B3BE02B96
:100E700048D8009B26489A881300493BFF3B9BB209
:100E800083423FD8E38A8B4202D1638B934225D0C1
:100E900001238520310219430A001333400011F069
:100EA000EFFB07230500310003710022FDF786F9EF
:100EB000184B009A2B60A38A28002B81238B6B810F
:100EC0005388AB819388EB8101232B7411F0FCFBD9
:100ED000220020237F3211780B4313702300009AE5
:100EE0007433528876341A80009B9B8823803000AC
:100EF0003A000199FDF70EFB0020FEBD3A27F6E708
:100F00001A27F4E71227F2E7050600009004000014
:100F100048410000F10A0218F7B5184B120A1B7875
:100F20000E00D5B293420AD9154B92001B68D358D4
:100F3000002B04D07E331B78DB439B070CD10024AD
:100F4000337CA34206D02300220021002800009415
:100F5000FFF7E8FC2000FEBD00212800FDF714F992
:100F60000224071EF6D1010032002800FDF7D2F856
:100F700039002800FFF7F2FC013CEBE70506000012
:100F800090040000F8B5174B82001B680500D35889
:100F90001F001E00703739889A8A7236914203D139
:100FA00032881B8B9A421CD0012185202A021143D2
:100FB0000A001423400011F063FB072304000371AF
:100FC00000222900FDF7FAF8074B200023603B8838
:100FD000238133886381054BE3600023237411F080
:100FE00073FBF8BD90040000F10A0218FB004808EA
:100FF000F0B5464B14001B688200D35893B004919F
:101000000293050010F068FA27896189268A7B001F
:101010004900039001930A930B91022E00D20226FD
:10102000678A0C96022F00D2022708229446A44415
:1010300062460D97D27F0AAB52009A74AAB21A8206
:10104000049B0592002B02D001236246D377029BBA
:101050007C331B88DB0709D4039B481EC018E1F7CB
:10106000DFFF08000336FB1C0C960D9301230AAA30
:101070000340D37423002D331B78002B24D123008D
:101080002E331B78002B1FD1E18A214E4B1E9BB2C1
:10109000B34219D8019BAAB206930C9B4900039353
:1010A000079306AB08189A810199E1F7B9FF06A8E2
:1010B0000891F6F7C5F8002806D1E38A6385069BF8
:1010C0005B08238513B0F0BD0AA8F6F757F800288F
:1010D00017D1029B10997C331B880F9EDB0703D42A
:1010E000481C3100E1F79CFF72088BB292B2A18AD2
:1010F000280010F0CBF80749E1F78AFF0F9B6085C5
:10110000DEE7002363856389DBE7C04690040000C7
:10111000FDFF0000E2040000F0B51600434B820022
:101120001B6887B0D45833002D330493049A03917D
:10113000013312781B7807001A430292002953D119
:10114000338DE2899A4203D1F26821698A4206D03E
:10115000E381B3892382F3896382012302933800F8
:10116000F6F7DEFF338A05000093022B01D202233B
:101170000093738A0193022B01D20223019338005A
:1011800010F0AAF90590E6897600002D05D1284BCC
:101190002A00290001201B689847002E05D1244B06
:1011A0003200310001201B6898472800F5F7DEFF68
:1011B000059B6E60AB60009BEB60019B2B61230085
:1011C0007C331B88DB070CD4059B701EC0183100D4
:1011D000E1F726FF009BA9600333EB60019B03331B
:1011E0002B612800F5F786FF029B002B13D0BFB2BE
:1011F0000A23002239000F4811F042FA032303703A
:10120000039B47804370E3898380238AC380638A7A
:101210000381F2F743FF049B1B78002B04D01022BC
:101220007F3423789343237007B0F0BD900400000F
:101230005806000004110000F0B5050091B00591BA
:1012400001211600FCF7BCFF7F4BAA001B680400BD
:10125000D758059B0B2B07D129001A00FCF7AEFFCE
:101260002800F9890FF03AFF2000FCF7A5FF059B45
:1012700098420AD0754B20001D68FCF79DFF059A27
:1012800001000220A84711B0F0BD2000FCF794FF38
:101290000738042800D9C2E013F0CAFD0F4103CB80
:1012A000CB00002E00D0C4E0320001212800FCF762
:1012B000C3FF230001222C331A703A0010237C3222
:1012C00011880B43138023002C331B78002B15D07F
:1012D000A08CE11D238D628CC97F0290E089019072
:1012E000A089009028000FF0F7FD061E00D0A0E0B6
:1012F0000A2229002000FCF761FFC4E72389059337
:101300006289FB890692059A9A4245D8069A9342C9
:1013100042D8E26839698A423ED123816381002E36
:1013200000D075E07C373B8801273B4253D1220037
:1013300031002800FFF75CFE102309A90B702389F8
:1013400032004B80638928008B80A389CB80E3899E
:101350000B8123000833DB7F8B72A38A8B81E38AA6
:10136000CB81238B0B82638B4B82A38B8B82E38B92
:10137000CB82238C0B83FDF773FB2900200009220D
:10138000FCF71CFF390028003A00FCF755FF280045
:1013900021890FF0A3FE76E7E389AEB2A7893E224A
:1013A000310007932A480C2311F06AF906230370D1
:1013B000059B46808380069B0781C380079B4381F2
:1013C000F2F76CFE200008222900FCF7F7FE01234B
:1013D0002E34237057E70C202902394330230A00AA
:1013E000FF3011F04DF906002C22211D043013F0BE
:1013F0004BFD184B30003A0029003360FCF7DEFE4D
:10140000300011F061F901212800FCF75BFF3AE799
:10141000002332000F212800FDF774FBF3E70B4B8C
:1014200020001E68FCF7C8FE290002000320B04718
:1014300029E7220031002800FFF76EFE10227C37DA
:101440003B8893433B80DEE7900400005806000091
:10145000041100006117021810B5022906D00329F3
:101460000BD0002908D10B21127801E05278092114
:10147000002A01D0FFF7E0FE10BD5378102BFBD1FE
:101480009278F4E730B504000020A1421CD8FA2578
:101490006D00AA4218D2C8252D01AC4214D80529E6
:1014A00012D91900094D0A3989B2A9420CD8053060
:1014B00060430A210132401092B2424300204B4364
:1014C000D10F93424841C0B230BDC046760C0000F7
:1014D000F0B5A04B17001B6882009B588FB00E0020
:1014E000002105000493FCF76BFE0400062E08D1D2
:1014F00029003200FCF762FE049B2800D9890FF016
:10150000EDFD2000FCF758FEB0420AD0924B2000BF
:101510001D68FCF751FE320001000220A8470FB001
:10152000F0BD2000FCF748FE062800D908E113F0C2
:1015300093FC620053000700ED00380007013800FB
:10154000002228001100FCF777FE002F44D0834BC7
:101550001B78AB4240D97F4BAA001B689B58002BDD
:101560003AD028331B789B0736D50122049B7C3365
:101570001B88134215D12800F6F7D2FD061E05D1AF
:10158000754B020001001B68012098477168002913
:1015900004D1714B0A0001201B6898470023B361F6
:1015A000B37523002D331B78002B05D17F21049ABE
:1015B0007F3213780B401370220039002800FFF7A8
:1015C000ABFD00212800FCF77DFE1021049B7C333D
:1015D0001A888A431A80A2E7049B7C331B88DB07A6
:1015E00005D45D4B3A00290003201B68984723006F
:1015F00001222C331A701023049E28007C36328876
:101600001343338023002C331F78002F3CD10FF07D
:10161000BFFD22000121A0822800FFF7E9FC012381
:101620000F20628D07A95B42A361E3612384E282FC
:1016300008702089488060898880A089C880E089F6
:10164000088120000830C07F8872A08A0B824B82FC
:101650008B82CB820B838881CA8128003A00FDF7F8
:10166000FFF9012239002800FCF7E6FD3388022249
:10167000DB0704D4280021890FF030FD0322290064
:101680002000FCF79BFD4AE70FF082FD314BAA00DA
:101690001B6801219B581A8A092301325343C01841
:1016A00080B2E31DA0842200D977A0822800059390
:1016B000FFF79EFC628DA08C6284E11DC97F238DA3
:1016C0000290E0890190A089009028000FF004FCAE
:1016D00004220600070029002000FCF76FFD002E01
:1016E00000D05EE707A90E70E31DDB7F32004B7070
:1016F000638C28004B80238D8B80A389CB80E3896A
:101700000B81A38C4B81FDF7ABF908E70022280081
:101710001100FCF791FD002F00D042E7A08CE11DE5
:10172000238D628CC97F0290E0890190A08900908E
:1017300028000FF0D1FB071E00D032E704229EE7FD
:10174000054B20001E68FCF737FD2900020003202E
:10175000B047E4E6900400005806000005060000CB
:1017600003000800194970B509689C0064580125F8
:1017700021007C3109880D400321491BC9B203288F
:1017800017D813F055FB02171C1E06211278002AE9
:101790000FD010001938012808D80D480078984259
:1017A00004D9022528342078A84320701800FFF7B8
:1017B0008FFE70BD52780F2AFBD11A22EDE75278C6
:1017C000E5E750780F28F4D19278E0E79004000024
:1017D00005060000F7B50192050088880B89CA88C4
:1017E0000C000100FFF74EFE202300280BD03D4BDC
:1017F000AA001B680126D3587C331B881F00374082
:10180000334202D024231800FEBD019B6289364971
:101810009A1A92B228238A42F5D939002800FCF797
:10182000B3FC052817D139002800FCF7C9FCA388B0
:101830003A000385E388032183812389C381638977
:1018400083846388438463780730C3772800FFF775
:101850003FFE0023D7E731002800FCF795FC09275D
:10186000031E019018D10C20320031003033FF30BC
:1018700010F006FF052303711C4B01990360030060
:101880002D331970597001235B420200C38231006D
:101890002800FCF73FFC023F01212800FCF774FC04
:1018A0000528AFD101212800FCF78AFC06003A0088
:1018B0002900FCF783FCA38839003385E3882800DE
:1018C000B3812389F3816389B384638873846278E5
:1018D000F31DDA7701232C3600223370FFF7ACFCBE
:1018E000B7E7C04690040000FE7F000059140218BC
:1018F000F8B5324B82001B680D000121D458060058
:10190000FCF742FC242200284ED1EA882B89698802
:10191000A888FFF7B7FD1E22002845D00520F6F75E
:10192000DDFB1A2200283FD07C342388DB073DD41E
:1019300001270C20310239430A003023FF3010F018
:101940009FFE05230400037107223100FCF736FCDB
:101950001B4B390023606B8830002381AB88638187
:10196000EB88A3812B89E3812300AA7A0833DA77F5
:10197000AB892200A382EB89E3822B8A23836B8AC3
:101980006383AB8AA383EB8AE3832B8B00252384B9
:1019900023002D331D705D70FCF7BCFB2A0007216E
:1019A0003000FFF749FC2A001000F8BD0521300087
:1019B000FCF70AFD021EBBD0F6E7C046900400000B
:1019C00059140218F0B50E0085B000210290FCF702
:1019D000DBFB2425052836D100210298FCF7F0FB1B
:1019E0007388B7880193F38804000393368938001D
:1019F0003300039A0199FFF745FD063D00281DD0ED
:101A00002289019B0235934218D363890199994237
:101A100014D89F4212D8974210D3A28903998A42C0
:101A20000CD1BB4200D23B002381E389B34200D2F8
:101A300033000025E38165840734E5772A0002211D
:101A40000298FFF745FD280005B0F0BDF7B5414B02
:101A500006001B780D000C27019283426ED93E4B85
:101A600082001B689B580093002B67D07E331B7845
:101A7000DB439B0762D0009B28331A78012392072F
:101A800005D4009A0E377C3212881A4256D0009B39
:101A90007F331A78102317001F401A4255D12B8923
:101AA000EA886988A888FFF7EDFC00284FD001215B
:101AB0000C20330219430A003023FF3010F0E0FD00
:101AC000052304003A0031000371FCF777FB234B38
:101AD0002360A988AB894A00934200D9130063822E
:101AE0006A886B895000834200D9030022812382D7
:101AF0006181EB88A3812B89E381164B1A7800233F
:101B0000B24209D9144AB100126852589A4203D01D
:101B1000283213789B07DB0F0122210053402C3120
:101B20000B7023002D331A705A70200010F0CCFD7A
:101B30001022009B7F3319780A431A7030003A0054
:101B40000199FCF73FFD0020FEBD3A27F6E712277A
:101B5000F4E7C04605060000900400006117021873
:101B600070B5204B05001B780C001600834206D888
:101B70000C2228003100FCF7CDFC002070BD1A4B70
:101B800082001B68D358002BF2D07E331B78DB43D6
:101B90009B07EDD0CA880B89A0884988FFF772FCA3
:101BA00020220028E5D001212800FCF709FB0028AD
:101BB000DED0A2884389934200D213004381628819
:101BC0000389934200D2130003812289C38993427F
:101BD00000D213000022C38108212800FFF72CFB4C
:101BE0000022C6E7050600009004000070B5144B03
:101BF00004001B780D001600834206D80C22310029
:101C00002000FCF787FC002070BD0E4B82001B6893
:101C1000D358002BF2D07E331B78DB439B07EDD0EB
:101C20008B7812223B2BEAD10121FCF7C9FA00285C
:101C3000E4D0AA7808212000FFF7FEFA0022DEE7B0
:101C40000506000090040000F8B52D4B170A1B682C
:101C5000BA00D4582B4B0D001B78FEB2BB4207D9FB
:101C6000002C05D023007E331B78DB439B0712D169
:101C70002B002D331878002807D0803430002A003C
:101C80002178FFF749FA0020F8BD7F227F342378BE
:101C900013402370F8E700213000FCF775FA0028A4
:101CA00001D00220F0E77C342388DB0621D4280011
:101CB000FCF782FA00280DD02800FCF77DFA0128F5
:101CC00008D0114B28001C68FCF776FA3900020096
:101CD0000320A0472A0000213000FCF71BFA28004F
:101CE000FCF76AFA002201003000FFF7F1FB012047
:101CF000CAE72800FCF760FA0028D8D1D1E7C0462F
:101D0000900400000506000058060000F7B5264BB9
:101D1000120A1B78D4B2934238D9244B92001B6824
:101D2000D558002D32D02B0003277E331B783B4043
:101D3000BB422BD000212000FCF726FA052816D044
:101D400001212000FCF720FA052810D0184B0021B3
:101D50001B6820000193FCF717FA01210600200000
:101D6000FCF712FA31000200019B3800984700216D
:101D70002000FCF709FA05280AD1002204212000DE
:101D8000FFF7A6FB2000E98EFEF786FB0020FEBDD4
:101D900001212000FCF7F8F90528F3D100220A21DF
:101DA0002000FFF749FAEDE7050600009004000067
:101DB0005806000070B5150AE8B20E00F6F7B0F943
:101DC000194BAD001B680400E958002904D1174BDA
:101DD0000A0001201B689847002C05D1134B2200F4
:101DE000210001201B6898476168002904D10F4B2E
:101DF0000A0001201B68984733886268934205D324
:101E000000220A4B110001201B6898473088636844
:101E100001381900C018E1F703F92000A160F5F7B7
:101E200069F9002070BDC04690040000580600000B
:101E300070B5150AE8B20E00F6F772F91D4BAD0049
:101E40001B680400E958002904D11B4B0A0001203B
:101E50001B689847002C05D1174B22002100012058
:101E60001B6898476168002904D1134B0A000120C0
:101E70001B68984731886268914203D30E4B032058
:101E80001B689847A3686168581C3588E1F7C8F853
:101E90008D420DD02000F5F769F93088636801386C
:101EA0001900C018E1F7BCF82000A160F5F722F98D
:101EB000002070BD9004000058060000F7B5C3B2C2
:101EC000524E01939B000093009A33689958002961
:101ED00004D14F4B0A0001201B6898474D4B019AD3
:101EE0001B78934200D88FE03368009A9B58002BF0
:101EF00000D189E01A007E321278D243920700D1D5
:101F000082E07F331B78DA0600D57DE05BB2002BE0
:101F10007ADB01270C20019BFF30190239430A00AC
:101F2000302310F0ADFB04000198F6F7F9F83368A0
:101F3000009A05009958002904D1354B0A00380051
:101F40001B689847002D05D1314B2A00290001203C
:101F50001B6898476968002904D12D4B0A000120AD
:101F60001B6898473368009AEF689B582D697C334B
:101F70001B88DB070BD4032F01D9AF4205D9002200
:101F8000234B110001201B689847033F033D0523A5
:101F90000022200001992371FCF710F91E4B009AD2
:101FA0002360336827829B586582DA890121628128
:101FB00022811A8AA2815A8AE2811A007C32108810
:101FC000002208420AD01348019D0078A84203D994
:101FD00028331A780A410A4001235A4023002C333F
:101FE0001A70220000232D3213705370013BE382DC
:101FF000200010F069FB009A33689B5880227F33E1
:10200000197852420A431A70F7BDC0469004000086
:10201000580600000506000061170218F8B5224BAB
:102020000F001B68820001210500D658FCF7C8F894
:102030000400FCF7C1F8B8422BD12000FCF7BCF833
:1020400003280BD004281DD0184B20001E68FCF775
:10205000B3F8290002000320B04712E03200102339
:102060007C32118828000B4321001380E28908315B
:102070000EF088FF00280CD1042229002000FCF774
:102080009DF8F8BD2100300005220831083012F01B
:10209000FBFE10227C3633880121934328003380D5
:1020A000FCF710F9EDE7C046900400005806000068
:1020B000F0B5514B82001B6889B0D3580D00002148
:1020C00004000193FCF77CF80700FCF775F8A842C0
:1020D00000D081E03800FCF76FF8051E0CD0012815
:1020E00000D172E0454B38001D68FCF765F821000F
:1020F00002000320A8474CE0F5F7ECFF04AE010016
:102100000522300012F0C0FE300011F069F8019B8A
:10211000DB7F029398423ED30198052204A9083040
:1021200012F0A4FE002857D01023019A09257C3212
:10213000118820000B4313800FF02AF83E00019B0A
:1021400008361B8A052201335D434519ADB2FD8176
:1021500004A9300012F098FE2A00310020000EF091
:1021600011FF051E38D101210920FB8904AAD38162
:1021700004AB1172C0180522310012F085FE2A004E
:10218000200006A9FCF76CFC012221003800FCF7B6
:1021900015F809B0F0BD01239C460721EB10F35C54
:1021A0002940039362460B4113420AD163468B4098
:1021B000039A01301A43EB10F254029BC0B28342DF
:1021C000AAD90135252DE8D1A6E7390001980522C5
:1021D0000831083012F058FE1022019F00217C3790
:1021E0003B88200093433B80FCF76CF83B88044A13
:1021F00013403B80CDE7C046900400005806000025
:10220000FFFEFFFF10B50400002909D04B1E022B72
:102210000ED90D4B0A001B6801000320984707E008
:10222000FBF7B2FF062804D102212000FFF740FF90
:1022300010BD01212000FBF7A7FF0628F8D10521DA
:102240002000FFF7EBFEF3E758060000F7B5012783
:10225000244B15001B688200D35800917C331B88E7
:1022600004003B4202D024263000FEBD3900FBF7BB
:102270008BFF061EF7D1009BDA881B4BAD1AADB25F
:102280009D422BD9009B01331800019310F0A8FF49
:10229000012825D90E20210239430A001023FF30DE
:1022A00010F0EEF906230500210003710322FBF76D
:1022B00085FF28000D4B01992B600522083012F094
:1022C000E3FD009B3900DB8820002A00EB81FBF74F
:1022D00021FF03212000FFF7A1FEC5E72826C3E761
:1022E0001E26C1E790040000FE7F000005220218B0
:1022F000F8B51D4B82001B680600D75801223B0031
:102300007C331B880C00242513422AD04B780632DC
:102310000C35134225D08B78023B232B21D8380073
:10232000083010F05DFF0722637800251340BB776B
:10233000A378FB77834214D901230E20310219437D
:102340000A000F33FF3010F09BF9062304000371DD
:102350002A003100FBF732FF044B2000236010F00D
:10236000B3F92800F8BDC046900400000522021809
:1023700070B50A2305000E00124A0988124810F0B1
:102380007FF9124B04001B780C21AB4212D9104B81
:10239000AD001B68EB58002B0CD01A007E3212786F
:1023A000D243920706D0083319000522043012F0F8
:1023B0006BFD00212170338820006380F1F76EFEF1
:1023C000002070BD1520000001110000050600006E
:1023D0009004000070B5130A154A0C001278002111
:1023E000DDB29A4222D9134A9B0012689E588E424F
:1023F0001CD033007E331B78DB439B0716D02800AC
:10240000FBF7C2FE0221002810D17C36328810234F
:1024100016001E401A4209D1220031002800FBF7A5
:1024200079FE31002800FFF743FE0121080070BD4E
:102430000506000090040000F7B5130A1100DAB297
:102440000192174A12789A4228D9164A9B001268BC
:102450009C58002C22D023007E331B78DB439B0743
:102460001CD07C34238880261F00760037403342FE
:1024700014D10E200A001023FF3010F001F90623BA
:10248000050003713A000199FBF798FE064B2800FE
:102490002B6010F019F923881E4326800020FEBD12
:1024A00005060000900400000522021810B5140A69
:1024B00000212000FBF768FE0121062804D120003E
:1024C000FFF7F6FD002010BD2000FBF75DFE06289B
:1024D000F8D104212000FFF7A1FDF3E7F8B51D00B6
:1024E000531E04000F001600022B05D90F4B0022CB
:1024F000310003201B6898476B1E022B05D90B4B3C
:102500000022290003201B689847A4B23E22210024
:102510000623074810F0B4F80C2306714571477084
:1025200044800370F1F7BAFDF8BDC04658060000BC
:10253000041100002D4BF7B51B6805008000C4583E
:10254000033A667F237FF01E47427841C0B2009075
:1025500050424241D2B201920339DA1E5042424106
:10256000484241418A423BD00127013BD9B28F42C8
:102570008941A08A49420430B940C0B211F04EF8F6
:10258000238B83422CD0009B019A208393420FD04F
:102590000121013EF6B2B1428941E08A494204304C
:1025A0004900C0B211F03AF8638B834215D06083C2
:1025B000ADB20C233E2229000D4810F061F807232C
:1025C00045800370E38A0381638B4381A38A838000
:1025D000238BC380F1F762FD01E0002FE8D1F7BD46
:1025E000009B019A00279342D2D1F8E790040000A3
:1025F00004110000F0B5AA4B89B01B6801920E00CF
:1026000082000021D7580500FBF7DAFD3B7F04006C
:1026100003937B7F0493019B002B09D000222800A9
:102620001100FBF709FE042128000EF07DFD5CE09F
:10263000FBF7C2FDB0420AD09A4B20001D68FBF7A1
:10264000BBFD320001000220A84709B0F0BD200008
:10265000FBF7B2FD042800D974E112F0FDFB050080
:10266000960091002B015A01390078310B888E4871
:1026700005933B007C3302931A8810231343029A7C
:102680001380E37A9C463B0062467B331A70A27A41
:10269000013B1A70238A0B80797F465C60460642B4
:1026A00045D03E7F8048805D104240D0032E1CD133
:1026B000002B1AD0059A934217D07C4A525C0192A3
:1026C000022B00D11E0028000EF062FD3100030035
:1026D0002081019A28000EF0BBFC0190002801D156
:1026E000042248E000232381A3813A0010217C3298
:1026F00013888B431380E3681B0213D07B7F280071
:102700003A7F0199FFF7EAFE2800049A0399FFF740
:1027100011FFA37B002B05D03B0040217F331A78AB
:102720008A431A7000212800FBF7CCFD8DE71623A1
:1027300006A90B700B0061465A70997000221900AF
:102740002800FCF78DF9012200212800FBF774FD19
:102750000121029B02221B880B420CD1A37A9943D0
:102760005B0704D5218A02394B1E994102312800AA
:102770000EF0DAFC032229002000FBF71FFD64E7BE
:10278000002228001100FBF757FDA37A002B0BD085
:102790003A7F45498A5C1A4202D00023237303E042
:1027A000022213420BD02273E37A002B10D07A7FDF
:1027B0003D498A5C1A4207D00023637308E0012276
:1027C0001342F0D10423E9E70222134251D062738D
:1027D000E37B002B0BD0237B002B4FD13A7F637B15
:1027E000002B4ED17B7F9A4201D00023A381A38985
:1027F0000126002B29D0237B002B45D13B7F2B4A80
:10280000D65C032B03D1238A022B00D11E00637BED
:10281000002B3CD17B7FD35C280001930EF0B8FCE9
:1028200009233A8A310001325343C3189BB228006E
:10283000019A23810EF00CFC019000282AD1042279
:1028400029002000FBF7BAFC019E2389627B9C468D
:1028500006AB217B18209A706246187059709A80D6
:10286000190000222800FCF7FBF8002E00D03CE7FE
:10287000EBE601221342AAD104239EE70C4AD25C64
:10288000ADE70B49CB5CAEE7094AD35CB7E7084933
:10289000CB5CC0E7002301262381A381D5E7C04696
:1028A00090040000580600008A3603188636031884
:1028B00081360318002228001100FBF7BDFCA38914
:1028C000002B00D1AFE6637B002B1CD13B7F22485D
:1028D000C15C032B03D1238A022B00D11900237B77
:1028E000002B13D17A7F825C238928000EF0B0FB85
:1028F0000190002800D1F3E6184B0320227B617B76
:102900001B689847F1E6164AD35CE0E7144AD25CAC
:10291000E9E73A00237B7C321288002B04D010496F
:10292000CB5CD1070AD53B77637B002B00D1DCE67B
:102930000B49CB5CD20703D57B77D6E67B77F3E7F1
:102940003B77D2E6054B20001E68FBF735FC2900DB
:1029500002000320B04778E68636031858060000C8
:1029600081360318030010B5080003291DD812F0A2
:102970005FFA021D22241278002A16D0110019399C
:1029800001290ED80F49097899420AD90E499800B1
:1029900009684158002904D0012429310878A0434E
:1029A000087000211800FFF725FE10BD5278162A86
:1029B000FBD11922E6E75278DEE751781629F4D1E7
:1029C0009278D9E70506000090040000F0B5844B2A
:1029D00087B01B6801920F0082000121D6580500C4
:1029E000FBF7EEFB337F04000293737F0393019B9D
:1029F000002B04D0042128000EF096FB4BE0FBF7DF
:102A0000DBFBB8420AD0774B20001D68FBF7D4FBF4
:102A10003A0001000220A84707B0F0BD2000FBF7F4
:102A2000CBFB062800D18EE0072800D1BFE00528A7
:102A300000D0C9E0310010237C310A8813430B8099
:102A400001231A4242D0290219430A300A001333E3
:102A5000FF300FF015FE0923070003710122290042
:102A6000FBF7ACFB604B38003B6033007A331A78DD
:102A7000A37A1340BB7233007B331A78E37A134096
:102A8000FB72330078331B883B82E37BFB73019B33
:102A9000BB730FF019FE32007C321388D90710D4B3
:102AA00010218B431380A389002B0AD02800327F8A
:102AB0000199737FFFF712FD2800039A0299FFF72F
:102AC00039FD01212800FBF7FDFBA5E737007A3728
:102AD000A27A3B780420134019000140034222D01F
:102AE00033007833198802394B1E9941023128008E
:102AF0000EF01AFB062229002000FBF75FFBA27AEA
:102B0000E37A05A99A4217D017230B70163B8B70F6
:102B100028004B700022FBF7A3FF012228001100C0
:102B2000FBF78AFB78E701200342E0D1E17A891ABA
:102B30004B425941C9B2DAE717207B3632783B78ED
:102B400008708A70E4E701212800019AFBF774FB02
:102B5000A389002B00D14DE7637B002B1AD1337F73
:102B60002248C15C032B03D1238A022B00D1190018
:102B7000237B002B11D1727F825C238928000EF009
:102B800067FA019000280BD1072229002000FBF7EB
:102B900015FB41E7164AD35CE2E7154AD25CEBE746
:102BA000104B0320227B617B1B68984773E7237BD4
:102BB000002B02D00E4AD35C7377637B002B0DD0C1
:102BC0000B4AD35C337766E7064B20001E68FBF7A1
:102BD000F3FA290002000320B0471DE701935AE7EA
:102BE0009004000058060000652902188636031874
:102BF0008136031810B5002909D04B1E022B09D9C4
:102C0000054B0A001B6801000320984702E0127878
:102C1000FFF7DCFE10BDC04658060000254B70B51E
:102C20001B6882000E000121D5580400FBF7ACFAA6
:102C300003002420002B36D1B3780638002B32D085
:102C40007378002B2FD07C352B88DB0725D401210E
:102C50008720230219430A00142340000FF010FDBF
:102C600009230500052203712100FBF7A7FA124B87
:102C70002B607378EB72B278AA72934214D000235F
:102C80002A0001212000EB73FBF744FA2000002208
:102C90000521FFF79BFE002005E009212000FBF73E
:102CA00093FB0028D3D070BD044AD35C013B5A4249
:102CB0005341E5E790040000F52B0218A8360318ED
:102CC00070B51B4B82001B680400D2588B780E0035
:102CD0001E25002B04D04B7859424B415B421D40CE
:102CE0007C321388DB0702D42425280070BD002124
:102CF0002000FBF749FA0928F6D100212000FBF754
:102D00005FFAB278837A134083727178C37A0B408A
:102D1000C37200238A4204D1064B9B5C013B5A429A
:102D20005341C3732A0002212000FFF763FCDCE754
:102D300090040000A8360318F8B5060048780C0087
:102D400007230100202599430ED1A1780F009F434E
:102D50000AD10843051E07D0A1883D00521A1A491E
:102D600092B28A4200D8283500213000FBF70CFAD5
:102D7000092810D100213000FBF722FA63782A00DD
:102D80000373A37803214373A38803813000FFF703
:102D900031FC2800F8BD01213000FBF7F5F90928C6
:102DA0000FD101213000FBF70BFA63782A0003737F
:102DB000A37806214373A38803813000FFF706FE42
:102DC000E7E72425E5E7C046FE7F000070B506234F
:102DD00004000D00104809880FF052FC0F4B0C2125
:102DE0001B78A34210D90E4BA4001B68E358002B9C
:102DF0000AD01A007E321278D243920704D0002102
:102E00005A7F42711B7F037101702B884380F1F759
:102E100045F9002070BDC046011100000506000004
:102E200090040000F0B5494B85B01B680392820006
:102E3000D3580C000193464B0C271B780290834219
:102E400070D9019B002B6DD029331A78012316000D
:102E5000D2101E409E401340019A9B007E32127891
:102E6000D24392075ED0019A7F32117840220F0040
:102E7000174011425ED1A2780221100008400A4298
:102E800002D12179002957D00125110029402A4279
:102E900002D1E278002A4FD033431D43002851D19C
:102EA0000723227913409A4248D1002906D10723EB
:102EB000E27813409A4241D1002804D123792B4271
:102EC0003ED0002902D1E3782B4239D0012187205E
:102ED000029B40001B0219430A0014230FF0D0FB91
:102EE00009230600002203710299FBF767F9194BC9
:102EF0003360A2782B00910701D423792B40F37221
:102F0000D30701D4E3781D40B572E38830003382E3
:102F10000123B3730FF0D8FB4023019A7F3211785D
:102F20000B43137002983A000399FBF74BFB002008
:102F300005B0F0BD3A27F5E71227F3E71127F1E7CF
:102F40001A27EFE70029B2D0C0E7C046900400007E
:102F50000506000065290218F8B52A4B160A1B68F9
:102F6000B200D458284B0D001B78F7B2B34207D9F2
:102F7000002C05D023007E331B78DB439B070CD14C
:102F8000AB7B0025AB4206D0637F227F80343800C4
:102F90002178FFF7A3FA2800F8BD00213800FBF7DD
:102FA000F3F8002801D00225F5E77C342388DB06FE
:102FB00021D42800FBF700F900280DD02800FBF7EA
:102FC000FBF8012808D0114B28001C68FBF7F4F827
:102FD000310002000320A0472A0000213800FBF73F
:102FE00099F82800FBF7E8F8002201003800FFF705
:102FF00001FB0125CFE72800FBF7DEF80028D8D138
:10300000D1E7C04690040000050600005806000005
:1030100010B5140A00212000FBF7B6F8092806D1E4
:10302000002204212000FFF7E5FA002010BD012155
:103030002000FBF7A9F80928F7D10022072120007A
:10304000FFF7C4FCF1E70000012170B502020500A2
:10305000872011430A00142340000FF011FB0923BD
:103060000400290003710022FBF7A8F8094BAD000A
:103070002360094B20001B68EB581A007B32127842
:103080007A33E2721B78A37200232382A3730FF0BA
:103090001BFB70BD6529021890040000F0B50A25DD
:1030A0009C4B82001B6899B0D35801900093009903
:1030B00008ABED18162228003A3111F0E5FE2B205E
:1030C000019B0AAC0099237008AB06225A31C01844
:1030D00011F0DAFE3120009908AB06226031C018E9
:1030E00011F0D2FE0B21009B08A858331B78091859
:1030F000DA06D20FCA770F221340EB77009B864A7D
:1031000059331B78861CD25C09231B18DA77009B85
:1031100001006A331B882386009B6C331B886386FF
:10312000009B50331B88E383009B68331B78023B72
:103130005A4253413E2212181370009B6E331A7884
:103140003F231B181A700198330009AA0EF084FA65
:103150008020009B009D5433198808AB1A88EF89A2
:103160008B1A9BB2099DC001834200D3BBE05F4331
:10317000BF007F1923793F01368862883F09002B01
:1031800000D0B7E01E3353436279002A01D0962263
:1031900092039B185B00F61830006049DFF730FFA0
:1031A0005E49C7193000DFF73BFF8BB2079300F091
:1031B000D7FE3D012D090300594A281A0001E6886F
:1031C0000009904200D898E0581B0001B1000009A6
:1031D000DFF716FF01304643B60075192D012B09A4
:1031E0000393E38A181883B20293637B4D4D5B000F
:1031F0005B5B0493009B583306931B785B095B0071
:103200005B5B059300F0DCFE009B40005633465BA1
:103210001888029BE788181AC317C01858407843CB
:10322000049BC8219B195843DFF7F2FE009B050061
:1032300052331888009BC82166331B88C01AC317F5
:10324000C01858407843059BF7187843DFF7E0FE35
:10325000059A049B9446634445199819684332497A
:10326000DFF7CEFE0027039B6D00A361079B451986
:10327000A383029B2000A5866780E382F9F762FEA4
:103280000600B8422DD00B282BD06B469D883E22DD
:103290001623290025480FF0F3F91823040000999C
:1032A00003700622467045805A310A3011F0ECFD59
:1032B000069B20001B78DA06D20F62720F221A409A
:1032C0005B092375009B227250331B88184AA38028
:1032D000009B59331B78E780D35C67822374F0F737
:1032E000DDFE19B0F0BD521A9204920C5743BF0094
:1032F000EF1B3FE796235B0045E7B100DFF780FE59
:1033000001304643B600AD1B2D012B090393E38A20
:10331000181A68E7900400007C3603187102000058
:10332000FEFFFF079836031840420F00041100000B
:1033300081360318F7B5174ACBB212689B009C5828
:1033400006000D00002C24D0134B1B7883421DD99E
:10335000F4F7C8FF2700019020005A3706223900F1
:10336000603011F091FD27204643019B06229E19F3
:103370003100380011F088FD10225834237893432F
:10338000B279511E8A41120113432370E8B2FFF74C
:1033900085FEF7BD9004000007060000F0B5140A92
:1033A000E3B29FB00793AB4B0D001B78A34202D84A
:1033B00000201FB0F0BDA84BA4001B681B59002BB8
:1033C000F6D07E331B78DB439B07F1D000210798B2
:1033D000FAF7DAFE0690069B0220002BE9D1AB78C3
:1033E000002B38D01F2206A952181E2106AE2879BC
:1033F00013AB8919F7F7C0FF0028D9D1262600277B
:1034000006ABF618378000F0DBFD1C2215AB1A70F6
:103410002A8809905A803900122216A811F050FD0E
:10342000AB78E878BB4221D10EAB059317AB049380
:10343000222306AA9B18039311AB01934D239B18DB
:1034400000932121492306AD9B18029610AA491921
:1034500009F094FC20E01F2206A952181E2106AE96
:10346000E87813AB8919F9F72DFDC5E717AB03937E
:10347000222306AA9B18029311AB01934D239B189C
:1034800000932121492306AD9B18491910AA06F083
:1034900043F9099A0EAB1A702A230FAE06AA31001F
:1034A0009B18079812AA0EF0FBF82223802106AA87
:1034B0009B181F88684B36881B6815AD1B592F83D6
:1034C0006E84DB89119A0A93129B0905D41A240190
:1034D00024098C4203D99C1A2401240964422A211C
:1034E00006A8091809888C4626210918604609880B
:1034F000091A5A480131444310A80088491008901D
:1035000080000B90002064106418002C6ADD0028F5
:1035100004D01192222206A9521817800A9A8027F5
:1035200092000A926246013252109446002211998A
:103530003F054B4884426CDC002A02D012930FAB4B
:103540001E8096239B039C4279DA464E1E21B4428C
:1035500001DD962149002000DFF75AFD012280B2EB
:10356000B44200DC0022D2B21F232871000A1840A6
:1035700052011043069A290092011043089A68717B
:10358000EA802A7B13400EAA1278520113432B7350
:10359000222306AA9B181B88AB820FAB1B88EB82E9
:1035A0001F239B1818781023000118400E339B1816
:1035B0000F221B7813401843099B06AA5B0118438E
:1035C00021239B181B78284AA876D35CEB76139BA3
:1035D0001C9313AB9A881CAB9A8007980022FBF7C8
:1035E0003FFAE5E60B981218802012011209D41A4E
:1035F000240124090005844203D99C1A24012409CA
:103600006442164801374443641001206418BFB275
:103610007BE70A9AD3181B011B09CC1A2401240941
:10362000BC4203D95C1A2401240964420B4A0136C6
:10363000544362466410A41AB6B2012279E7962177
:103640000A4B4900E018DFF7E3FC012380B21A00BF
:10365000069389E70506000090040000710200004F
:10366000404B4C00C3BF0300933603180080DAFFC1
:10367000F0B55E4B87B01B6802AF3A608200D45849
:10368000B860230068331B780D00013B012B00D983
:1036900087E0012026004B790A791B02590B3A3644
:1036A00001401A439B0BB170034029002000D20453
:1036B000F370D30C63877B60EB79AA791B02134309
:1036C000B380052208314030FB6011F0DDFBB37A96
:1036D00029005A09F2721F2220001340B3721B3ACC
:1036E0000D31463011F0D0FB2900200003221131AA
:1036F0004A3011F0C9FB6B7D2A7D1B021343B38254
:103700007B68002B4DD0FB68052B4AD9230029008C
:1037100020006A8850331A801C3106225A3011F07A
:10372000B3FB23002000EA8A54331A806A8C0233E8
:103730001A822A8B00211A80EA7E6030DA70AA7E13
:1037400002331A703A68063B1A80062211F0B8FB61
:10375000AB7EDB0645D53F220235EB7F9343402B02
:103760003FD16E46224B1B781D01731B9D4602AB59
:103770007B60F4F7B7FD2A0038600021786811F00B
:103780009FFB0023FB601A4B1878FB6883420CD325
:103790002200BB685A3200937968164B10F03CFB4C
:1037A000B5460020BD4605B0F0BD2725FB685D434A
:1037B0003B685D19AB79FF2B0FD01735102228001D
:1037C0000D4911F053FB002807D0FB6810221801A7
:1037D0007B682900181811F057FBFB680133DBB236
:1037E000D0E7B868FFF75AFCDBE7C046900400005A
:1037F00007060000353302186C360318F8B51C4B69
:1038000005001B780E0017000C24834228D9194BA1
:1038100082001B68D358002B22D01A007E32127807
:10382000D24392071CD02B331B780E349B0717D53D
:10383000002308791A001900F9F744FB041E0FD180
:10384000012188202B0219430A00062340000EF0B4
:1038500017FF738884700380B388C3700EF034FF41
:10386000280039002200FAF755FE0020F8BDC046B6
:103870000506000090040000F0B5244B85B01B78CD
:1038800005000C2400910192834237D9204B82001D
:103890001B68D358002B31D01A007E321278D243E5
:1038A00092072BD02B331B7801260E349B0725D58E
:1038B00002ABDF1D02AB08793A00991DF7F72EFD28
:1038C000041E1BD102AB2200210098792300F7F7D8
:1038D00053FD041E12D188202902314306230A0019
:1038E00040000EF0CDFE009B5B88867003803B7825
:1038F000C37002AB9B7903710EF0E6FE2800220034
:103900000199FAF707FE002005B0F0BD050600009A
:1039100090040000F7B51D4B01921B780C000C229F
:1039200083422DD91A4B85001B68EB58002B27D0FA
:103930001D007E352D78ED43A90721D0A27894464D
:103940006146122202291BD8FA25A7886D00AF42D2
:1039500016D2E6880F4935000A3DADB28D420FD828
:10396000257A17242900A1430C1E09D11A006146AB
:103970006832957111705780023222006C331E80BC
:103980000199FAF7C7FD0020FEBDC04605060000FC
:1039900090040000F63F0000F7B504000F0000217E
:1039A000FAF70EFC284BA2001B680500D658FAF760
:1039B00003FC00280BD0012832D0244B28001E68BD
:1039C000FAF7FAFB210002000320B04736E02B7A19
:1039D0007C36002B1DD180233288DB00134320006E
:1039E00001213380F4F716FB07201D236A4601A945
:1039F0001371507100222000FBF732F801222100E0
:103A00002800FAF7DBFB012200212000FAF714FC62
:103A1000F7BD00F0D5FA33880D4A13403380E4E750
:103A2000002220001100FAF707FC2B7A012B05D1A8
:103A3000002F03D139002000F4F7ECFA0021200018
:103A4000FAF740FCE4E7C046900400005806000086
:103A5000FFFBFFFF030010B5080003290BD811F08E
:103A6000E7F9020B1F211178002904D01A2906D08A
:103A70001800FFF791FF10BD52781D2AFBD10C4AA8
:103A80001A2112789A42F3D90A4A98001268825889
:103A9000002AEDD004242B321078A0431070E7E701
:103AA0005178E1E751781D29E5D19178DCE7C046EE
:103AB0000506000090040000F0B5154F86003B6835
:103AC00085B09B5904000093019100F079FA3B689E
:103AD00005009B597C331B88DB0706D4019B597872
:103AE000072902D820000DF0A1FD009B7C331B8824
:103AF0005B0500D507251E2302AA2000137155710E
:103B000003A90022FAF7ACFF002005B0F0BDC046C3
:103B1000900400000D4B10B51B688200D3580400C0
:103B20007C331B88DB0704D44978072901D80DF0C2
:103B30007DFD00212000FAF727FB0A2803D1002190
:103B40002000FFF729FF002010BDC04690040000B0
:103B500070B5130A114A0C0012780021DDB29A42A6
:103B60001AD90F4A9B0012689B588B4214D07E339F
:103B70001B78DB439B070FD02800FAF705FB0221D7
:103B8000061E09D1010022002800FAF7C3FA31000D
:103B90002800FFF701FF0121080070BD05060000A5
:103BA0009004000070B5164B05001B780E00834290
:103BB00025D9144B82001B68D358002B1FD01A0044
:103BC0007E321278D243920719D02B331B785B07D1
:103BD00015D501210202102011430A000C23FF30E9
:103BE0000EF04EFD0A230400037100222900FAF7AB
:103BF000E5FA054B2000236026720EF065FD70BDCE
:103C00000506000090040000553A0218024B10B55A
:103C10001B689847C0B210BD140700002C4BF7B5C5
:103C2000186800284CD0002503222A4B1B78AB4291
:103C300009D80121F2F790FC254C20680EF0E2FE35
:103C400000232360F7BD244B7024197838236B437D
:103C500001930B1D63430231643C61435433FF33D2
:103C6000033193435B181D4993435B1801995B181B
:103C70001988C90B21D040271C8819881E88640028
:103C80003C40BE4326431E807026134B49001C78DF
:103C9000231D73430234643E74435433FF330334AF
:103CA00093431B190D4C93431B19019C083E1B1990
:103CB0001C883140B443214319800135EDB2B4E78B
:103CC000074B020001001B6801209847BAE7C04675
:103CD00090050000070600000506000000400050A7
:103CE00058060000002210B5024B110001201B688D
:103CF000984710BD580600000B4B10B519680029F5
:103D00000BD00A4A837D527D9B188375F2F706FB20
:103D1000002801D0FFF7E6FF10BD054B0A00012087
:103D20001B689847F8E7C04690050000441903183F
:103D300058060000F0B5002485B000900191224B98
:103D40001B78A3423DD97022032538261F4F6643B6
:103D50003B78191D51430233643A53435431FF31C8
:103D60005B19A943C9181A4BA943CB189B191B8887
:103D7000DB0B02D10134E4B2E1E71A3189190622E2
:103D800089B202A80DF0FAFC70213A78131D4B435A
:103D9000023264394A435433FF330332AB439B1836
:103DA0000B4AAB439B1801229E193388019913409B
:103DB00011409942DED1009902A80FF003FA0028C1
:103DC000D8D0200005B0F0BD0706000005060000B1
:103DD00000400050F7B51C21304B7024C0331B78D5
:103DE000032559438C4600910C212D4F2D4B3A78D9
:103DF00063440193131D634302324A4354332A4EF2
:103E0000FF335219AB439B1832782C314A43AB43F2
:103E100052199B18019AAB439B181B88002B16D193
:103E2000F3F7A0FD3A78131D6343941C0C2254430E
:103E30005433FF336419AB431B1934782C32544389
:103E4000AB436419019A1B19AB439B18188070236C
:103E50000C223878114C011D4B43032102304243A0
:103E60005433FF3352188B439B18382230788B43DE
:103E7000424352189B188B430C49009A8C4662446B
:103E80009B181A88C0345204520C1A8020780621DC
:103E90000130DFF7C5F82170F7BDC046A00400006F
:103EA00005060000144000500706000000400050C6
:103EB00010B5164B0C221C787023211D4B43032197
:103EC000023462435433FF3352188B439B18104A19
:103ED0008B4314783822624352189B180D4A8B4347
:103EE000C03211781C224A439B180B4A9A18118839
:103EF0000022C90B914206D0084A9B181A88D20AA0
:103F0000121A53425A41100010BDC0460506000067
:103F100007060000A0040000004000500C400050C4
:103F200070B5242811D800230B4D2C189434E35677
:103F3000002906D0032B01DC0133237080002A50B6
:103F400070BDD91CFADB013BF7E70022034B1100DF
:103F500001201B689847F3E7A00400005806000002
:103F600007B568460DF03CFD00980EBD114B10B52D
:103F70001B680400002B1AD0FFF7F2FFA022802359
:103F8000D20511689B0419438023116011685B04FA
:103F90001943094B11601B78181800010009A06231
:103FA0002000064B2430E362F2F706FC10BDFFF759
:103FB00099FEFBE7900500001C0600001D3C02185E
:103FC000014BBE3318787047A004000000487047CA
:103FD000A004000070B5174E3568002D23D12900CC
:103FE00030200EF085FC041E30601BD0124BC561E2
:103FF0000362124BC5758361114B1B7D8375114B99
:104000000361114B8382FFF7ABFFA5606060200066
:10401000F2F784F9002805D02A00290001200B4B73
:104020001B68984770BD0022084B110002201B68D6
:10403000F7E7C04690050000F93C02186D3F0218F2
:104040004419031888130000A160000058060000FE
:10405000F0B585B0029003910092FF2A00D170E084
:104060003B4B0C241A7870230432534303228021E3
:1040700044435433FF339343364A1B199B181A8821
:1040800009020A431A80009B334A9B03019313429F
:1040900005D00022314B110001201B689847702782
:1040A00003252B4E2B4933782B4804337B43543361
:1040B000FF33AB431B195B181A8802400198024377
:1040C00092B21A803378029804337B435433FF331F
:1040D000AB431C190223641822889A43134323809C
:1040E0000C2431786043043179435431FF3102307C
:1040F000A94309180622039889B20DF047FB0099DD
:104100000398FFF717FE164A03001278824216D969
:1041100032781049101D023254433822784354300B
:10412000FF305343A84364190019A8434018C0182E
:1041300003880C4A1A4080239B011343038005B077
:10414000F0BDA022D205136807490B401360F6E7C3
:104150000506000000400050FFBFFFFF58060000AA
:1041600007060000FFDFFFFFFFFBFFFFF7B5019130
:104170001100FF2A41D00C26702403274643022059
:10418000224D234B2A78043262435432FF32BA4321
:104190009219D2181388834313802B781C4A043356
:1041A00063435433FF33BB439B199B181A88D207D0
:1041B00003D41A885204520C1A800198FFF7BAFDF2
:1041C000144A03001278824216D970200C222C78EF
:1041D000211D48430321023462435430FF305218FA
:1041E000884380180A4A8843801838225343C018ED
:1041F0000388094A13400380F7BDA0228021D2051D
:104200001368C9000B431360F6E7C04605060000BB
:104210000040005007060000FFDFFFFFF0B587B049
:10422000039102901100039815000593FFF782FD9A
:104230000C23029A80215A434A4B01921A78702328
:104240000432534303225433FF339343019A090248
:104250009B18454A454F9B181A88AD030A430490A2
:104260001A803D4205D00022414B110001201B68FD
:104270009847702003243B4E019A33783A4904331F
:1042800043435433FF33A3439B185B181A881740EA
:104290003D430127ADB21D800C253378019A0433CC
:1042A00043435433FF33A3439B185B181A88BA4324
:1042B0003A431A803178029B043141436B435431B5
:1042C000FF310233A143C9180622039889B20DF0C9
:1042D0005DFA059A029B97405800264B019A1B688D
:1042E00019181B5A70201F43BFB20F803378043354
:1042F00043435433FF33A3439B181F4A9B181F802B
:104300001E4B049A1B78934229D9382270273078A3
:10431000049B5A43031D7B43023068435433FF33ED
:104320000019A3431B181048A3431B189B18188897
:10433000134F0740802040013843702718800B88B6
:104340003178081D784302314D435430FF30A0438B
:104350002D190C494019A04340188018038007B05C
:10436000F0BDC0460506000000400050FFBFFFFF43
:10437000580600009804000008400050070600009E
:10438000FFEFFFFF02400050F8B504001E000800D8
:104390001100FFF7CFFC374A630012680327D55A94
:1043A000D118B5430D808C46702122000C23324C6D
:1043B0005A432678314B04364E435436FF36BE43BB
:1043C000B618F61835802E4E3678864211D92678E2
:1043D000331D4B430236643971435433FF33BB43BF
:1043E000C9195918274BB943C91838234343C91869
:1043F0000D8063461B88002B3AD103262578703345
:1044000004355D435435FF351F49B543AD186D186C
:1044100001212F888F432F80257804356B43543337
:10442000FF33B3439A18184BD2181388CB400B4272
:1044300003D113885B045B0C1380114B1B78834200
:1044400016D970230C222478211D4B4303210234FA
:1044500062435433FF3352188B439B180A4A8B43F1
:104460009B183822504318180388084A13400380C9
:10447000F8BDC04698040000050600000840005042
:10448000070600000240005000400050FFEFFFFF11
:1044900070B50022702003210C2438250E4B1B78A8
:1044A000934200D870BD0D4B1E78331D4343023636
:1044B00066435433FF3303368B439B19084E8B43BB
:1044C0009B192E0056439B191E8801327604760CE8
:1044D0001E80D2B2E2E7C0460706000005060000D3
:1044E00000400050F0B5070085B0012808D0022830
:1044F00000D00DE2DB4B1868002801D00EF082FAE4
:10450000D94DE7220021280010F0DAFCD74B00211A
:104510001A78D74B02321868520010F0D1FC0023F1
:10452000D44AD3540133252BFBD12A00E732137030
:104530000022CC4BD04E1A60022303AC2370210022
:104540000720CE4A33689847002803D0FA23CB4A85
:104550005B0013802B00BC331B88BE35142B00D9A5
:10456000EDE107232B800123C54A2100237085201C
:1045700033689847FFF74AFB0022C24B18705A7005
:104580009A70012F2BD0022F00D0C1E1A023DB05B0
:104590001A68BD490A4080211A601A6809060A4350
:1045A0001A601968CA0F0029FBDB0121B74B494289
:1045B0001A60B74B1000196070239C460D31AB4B4D
:1045C0001B785D1CAA4200DCD3E1FFF761FFB14A12
:1045D000B14913680B4013600022B04B1A6002AB64
:1045E000D91C042322000B70312033689847011E28
:1045F0002BD1039B25780193A3780093E378667809
:104600001B0604D5A64B02001B6801209847009B9F
:10461000DB0905D00022A24B110001201B6898473E
:10462000F60905D000229E4B110001201B68984717
:10463000ED0905D000229A4B110001201B68984714
:10464000019A984B1343954A1360A0237024964A0D
:10465000DB051A608D4B954A0C211A60944B954AE4
:1046600003261A60814B1A78131D634302325433B8
:10467000FF33D2B212049B0813438F4A13607B4B63
:104680008E4A1B78043363435433FF339B08136013
:10469000764B1A78131D634302324A435433FF3377
:1046A000B34392199A18864B92081B781B041A433D
:1046B000844B1A606D4B1A78131D0232514310223D
:1046C00063435433FF33B343891959187E4B890828
:1046D00019607E4B1A6000230093644B06211A7800
:1046E0000C23151D6543023253435435FF35033304
:1046F000B543ED18724BB5431A783823534303334F
:10470000ED18009BB543013318000093DEF788FCD9
:104710001C23009A59435A43130001926C4A4919C9
:104720009B1889085D1989B22980F3F71BF9051ECA
:1047300005D15B4B020001001B68012098470C2249
:104740004A4B5F4819780B1D634302315143543380
:10475000FF33B343033159180378B1431A003823A8
:104760005A43944603229444019A61441300594ADF
:10477000B143944663449C46009A61440D80062AE6
:10478000ABD13A4A382311780C220D1D6C4302310B
:104790004A435434FF34B4430332A4180278B44378
:1047A00053430333E318002470264B4A9B081360DD
:1047B0004A4B1C604A4B25021D4205D00022384B53
:1047C000110001201B68984732006243454B46495F
:1047D000D218138801340B401D43ADB2234B158012
:1047E0001B7803339C42E5DD7F20404B404A19682B
:1047F000404B090A1B68014028311B0A1180034005
:104800003D49183353800B683C4D1B0ADBB25133D2
:10481000FF3393800B6880241B0ADBB25133FF33D4
:10482000D3802B6898478002354B2406800A2043AA
:1048300018602B689847A02280218002314B800AA3
:1048400020431860D205136849000B4313602E4BB8
:104850002E4A196891425BD01968114B03201B68DE
:10486000984755E090050000A004000005060000F0
:104870009804000062050000100600005C050000BE
:10488000610500009C040000FFFEFFFF0C000050CB
:1048900014000050D0000050FFEFFFFF5000005008
:1048A0005806000080808080070610001E0001006E
:1048B00020010050D90296FF300100503401005011
:1048C00007060000600100506401005038010050EC
:1048D000E43F0050F83F0050280000502C000050EA
:1048E000FFE0000052410050FFE0FFFF9000005049
:1048F0008805000094000050980000501407000044
:10490000680100506C01005004000050000F000AC4
:10491000380002F065FE380004F036FC380006F07E
:10492000EBFD380008F062F8380009F043FF38006A
:1049300008F0EAFF38000CF051FE05B0F0BD1E2B68
:1049400001D806230EE6322B01D805230AE64B2BAD
:1049500001D8042306E6642B01D8032302E6962B34
:1049600001D80223FEE5FA2B01D80123FAE5002342
:10497000F8E5654604336B4303255433FF33AB43FB
:10498000044D5B190D00554301325B191880D2B2FA
:1049900015E6C04600400050F0B58BB0039310AB55
:1049A0001B78524C049311AB1B781700089312AB81
:1049B0001B7810220290079103982100099310F0B0
:1049C00055FA03005A1E93412100DBB210220590D4
:1049D0003800009310F04AFA0400631E9C41E3B2D1
:1049E0003824029A0C255443702203260193404B2D
:1049F00006901B780798191D514302336B435431BD
:104A0000FF319B19B143C918B14361181A3189B2FA
:104A10006A3A0CF0BBFE059B002B13D07022344B7E
:104A200003981B78191D514302335D435431FF3104
:104A3000B143AD194919B1436118203189B2603AC7
:104A40000CF0A4FE069B002B15D07021284B187883
:104A50000C23021D51430322023043435431FF31E2
:104A600091439B18C918914361180431380089B2E9
:104A70000D320CF08BFE0120089B9D03099B5E0309
:104A8000009B9F015B010093019B9B000393019B93
:104A90005C00049B834304D00022164B11001B686A
:104AA00098477020124B19780C230A1D504303229B
:104AB00002314B435430FF309B189043C0180E4BCB
:104AC0009043C0183823029A5343C018049B1C43D8
:104AD0002643009B35432F431F43039B074D1F4332
:104AE0002F43BFB207800BB0F0BDC0466C36031831
:104AF0000506000058060000004000500080FFFF3F
:104B000010B50C4B0C211C787023221D534303223B
:104B1000023461435433FF33891893435B18934342
:104B200035325043044A8018181803885B045B0C24
:104B3000038010BD050600000040005030B50F4B4B
:104B40000C221D7870232C1D6343032402356A4315
:104B50005433FF331219A3439B1838225043084A99
:104B6000013980184A425141A34318180388054A65
:104B7000C90213401943018030BDC046050600003C
:104B800000400050FFF7FFFF30B50E4B0C221D78A0
:104B900070232C1D6343032402356A435433FF33CF
:104BA0001219A3439B1838225043074AA343801885
:104BB00018180388054A890313400B439BB20380EE
:104BC00030BDC0460506000000400050FFBFFFFF9B
:104BD00070B5114B0C001D7870230C212A1D534316
:104BE0000322023569435433FF33891893435B181A
:104BF000382141439343094A02208A189A1812889F
:104C0000120707D5143159182000062289B20CF07A
:104C1000B5FD002070BDC0460506000000400050F4
:104C200070B5114B0C001D7870230C212A1D5343C5
:104C30000322023569435433FF33891893435B18C9
:104C4000382141439343094A02208A189A1812884E
:104C5000120607D5303159182000062289B20CF00F
:104C60008DFD002070BDC0460506000000400050CC
:104C7000F7B505000191FEF7C9FF032203001340B9
:104C8000023A9A400F2753B29C46184C184AA37810
:104C90002678D35C3E401B013343664633432B707A
:104CA000A3782678D35C00091B0119003309194346
:104CB0006970A3780321D35C019A1B013A40170065
:104CC0001F43AF7062780B4B9B5C1B010343604634
:104CD0000343EB70501CDEF7A3F90122A378B6184A
:104CE0000133134026706170A370F7BD9C0400006F
:104CF0000F4F02180C4F0218F0B506000020D30227
:104D00000C0087B0DB0C834200D1A3E03F21D00927
:104D1000114005000291012197091202520F0F4024
:104D20000D400092084200D096E01E2058430190AA
:104D30000CF0D0FF1423002802D14B4BBC331B884E
:104D40004A487F420740F537FF37DB190393484B4A
:104D50001C21187870230C224C43011D4B43032166
:104D6000023042435433FF3352188B439B18414A5D
:104D70008B4310783822424352189B183E4A8B438B
:104D8000A2189B181B889FB21B0B05D000223B4B1F
:104D9000110001201B6898477021354B3F0418789B
:104DA0000C23021D51430322023043435431FF318F
:104DB0009B189143C9182F4B9143187838234343CC
:104DC0009B18C91891439C222D4B0C19E3181B8882
:104DD00092001F432B4B0497E3181B8896279B05D3
:104DE0009B0DD31A9BB20593002D00D1873F019BE9
:104DF000FF18002D33D12C35019B039822495843CD
:104E0000DEF7FEF8214B224AE41823887F009B0B33
:104E10005B009B5A059A5B00D31ADF19009A1D4B61
:104E200045199B5C6D007373029B7F1B1A4933739A
:104E30003800DEF7EDF8049B1749C018000100099F
:104E400030603800DEF7ECF8009B7160022B09D06F
:104E50000120B56007B0F0BD9620400066E79D25B3
:104E60006D00C9E7C435F3E7A00400003EFEFFFF74
:104E700005060000070600000A4000505806000022
:104E8000084000500C40005040420F0006400050C7
:104E900088050000114F021871020000F8B5104B90
:104EA00004001B689847002307251A000D4F1E00B9
:104EB000D908615C2E4031410126314204D0B91835
:104EC000C23192190B70D2B20133DBB2252BEED175
:104ED000044BE7331A70044B1B689847F8BDC04673
:104EE000E4050000A0040000E805000010B5FEF78E
:104EF0008DFE054C2300E7331978DEF791F864182E
:104F0000C234207810BDC046A00400000204060C84
:104F100003000102024B10B51B68984780B210BD18
:104F200014070000F0B5040085B0002800D1A8E007
:104F300005004168EB6A2A6BCB1A1B01343D1B0943
:104F40005200934205D3514A837D527C9B1883754E
:104F500029662000F1F7E2F9002800D188E0AB6D66
:104F6000013300D186E023000326002153331B7850
:104F700032225E43230008005D331D78173B1B7807
:104F8000F6B21B020293424BBC331B889A42484143
:104F900083012A0003933F239A438A4204D03D4B66
:104FA0000A0001201B6898473301019370233A4F90
:104FB0000C213878021D53430322023041435433FD
:104FC000FF33891893435B18344993430878382199
:104FD000414389185B189343AB3393433049019A9B
:104FE00052189B18039A2A431500029A15431D80F4
:104FF000230046339D7D1E886D01E0232A00360A7A
:105000009A4305D00022234B110001201B689847CA
:105010001F2332009A4305D000221E4B11000120AD
:105020001B68984770230C2138783543021D534381
:105030000322023041435433FF33891893435B18F2
:105040001649934308783821414389185B1815495C
:1050500093438C46AB339343019A002162449B18DF
:1050600022001D802300613211702269343B1A61D5
:1050700005B0F0BD00221100064B1B6801209847C7
:10508000F6E7044B020001001B68F7E74419031818
:10509000A0040000580600000506000007060000F6
:1050A000084000500A400050F7B5234F86003B6887
:1050B00015009C5900900191002C3BD0002120004C
:1050C000F1F74AFA230095331B78002B04D0200017
:1050D00000213430F1F740FA230074331B881B079A
:1050E00002D50220F2F724FA019B002B1BD03C23AF
:1050F000FF22002111480DF0C3FA009B020003704B
:1051000000233532457013709D4207D0220078325B
:1051100012881D009A4201D0863425780300383366
:105120001D700DF0D1FA3B6898590DF06BFC002210
:105130003B689A51F7BDC046940500000702000085
:10514000914B80001B68F0B5C5588BB02B00953390
:105150001B782C00002B00D034342B0074330293C6
:105160001A8813231A4207D1AB6E002B04D02B00F0
:1051700094331B78002B05D00022844B11000120B2
:105180001B6898470A2604ABF6182B0088333200B8
:10519000187807A908AB04F031FA8022079B6168F0
:1051A00012055C1A24012409944203D9CC1A240163
:1051B000240964422A001E207A3212884042504359
:1051C000734A0027544394462A6F64102D32FF32ED
:1051D00003920A220190241804A812181288039836
:1051E000A04200DBB6E0002F04D007930A2304A9F5
:1051F0005B181A800023674A180094420EDC664F41
:105200001E21BC4201DD962149002000DDF700FF90
:10521000012380B2BC4200DC0023DBB204AA971D4C
:10522000073201921F223870000A10405B011843B8
:10523000019B06A91870338804A80B7009211B0A6A
:1052400009180B70067D87351640FEF7B9FE400140
:10525000064304AB1E75514B032219787023081DB9
:105260004343881C0C2141435433FF338918934333
:105270005B184B492E7808783821414356439343B5
:1052800089185B1893430136F6B2AB33934336016A
:10529000444A9B199B181B889DB2002B05D13B4BA0
:1052A0002A00290001201B689847029B00221B88C6
:1052B000990600D406325B0701D50632D2B2374BCD
:1052C00018787023011D023084460C2064464B433D
:1052D000032160435433FF3340188B431B1830487D
:1052E0008B430078844638206446604340181B187E
:1052F0008B43AB338B439E192B4B511DF6183388D0
:10530000C9B2DB0401D40232D1B26D18ADB22900AA
:10531000380001220CF03AFA691C0198012289B286
:105320000CF034FA2900103106A8012289B20CF0E1
:105330002DFA2900092004AB1131C018012289B2CD
:105340000CF024FA291D052289B208A80CF01EFAD7
:105350000BB0F0BD8027AC6E3F05A400E3181B0125
:105360001B095C1A24012409BC4203D9CC1A24016C
:105370002409644267467C43019864100132012786
:10538000241892B22BE7C04694050000580600008E
:1053900071020000D47E2500C3BF03000506000093
:1053A000070600000C40005006400050F0B5040015
:1053B0008DB0002800D1B8E00300032753331E78D6
:1053C000133B05001A8813237743343DFFB21A427A
:1053D0000AD1AB6E002B07D0030060331B78002B83
:1053E00002D13000FFF7ACFEAB6D5A1C08D06268EA
:1053F00051499B1A70227243DB031B0C5218138015
:1054000000212300322208005D331D78173B1B78F2
:105410001B020293494BBC331B889A4248418301CB
:105420002A0003933F239A438A4204D0444B0A0044
:1054300001201B689847434B0C2118783B010193CE
:105440007023021D53430322023041435433FF3380
:10545000891893435B183C499343087838214143AA
:1054600089185B189343AB3393433849019A521818
:105470009B18039A2A431500029A15431D802300A6
:1054800046339D7D1F886D01E0232A003F0A9A4321
:1054900005D000222A4B110001201B6898471F23CA
:1054A0003A009A4305D00022254B110001201B68C9
:1054B0009847244B0C2118787023021D5343032274
:1054C000023041435433FF33891893435B181E491C
:1054D000934308783821414389185B181C4993434A
:1054E0008C46AB339343019A3D4362449B181D8025
:1054F000184B04AA04936368167605930023226967
:10550000069308960792A27D04A90A758A750F2250
:1055100008004B758B760B774B76CA75F1F70CFB51
:105520000123553423700DB0F0BD054B020001007E
:105530001B6801209847F6E780410050A004000056
:10554000580600000506000007060000084000504D
:105550000A400050D5730218F0B504008FB000283F
:1055600000D1ECE0050087352B780600029303009C
:1055700074331A88132395361A420DD1836E002B8B
:105580000AD0030094331B78002B05D13378002B0D
:1055900002D10298FFF7D4FDA36D6268591C08D0B0
:1055A000702102989B1A41436848DB031B0C0918C1
:1055B0000B8033780026B34200D19BE00323297887
:1055C000634D4B43DBB20393A36B1E219B1A1B015C
:1055D0001B095D4323007A331B886D084B43ED188C
:1055E0005C4B370001969D4214D85B4EB54200D902
:1055F000A2E02800DDF704FDAE42BF4183B21E21C8
:1056000001937F42B54201D9962149002800DDF778
:1056100007FD8EB2230091331D786B4600211B7964
:1056200032221B020493FB010F0005934B4BBC334A
:105630001B889A424F413F232A00BF019A438A4266
:1056400004D0474B0A0001201B689847454B0C21AA
:105650001878039B021D1B010393702353430322FD
:10566000023041435433FF33891893435B183E495A
:10567000934308783821414389185B189343AB332F
:1056800093433A49039A2F4352189B18059A17439C
:10569000049A17431F80019B1F0A230090331D7833
:1056A000E0236D012A009A4305D000222C4B110003
:1056B00001201B6898472B4B0C2118787023021D82
:1056C00053430322023041435433FF338918934339
:1056D0005B182549934308783821414389185B18A2
:1056E000234993438C46AB339343039A3D4362442F
:1056F0009B181D801F4B029A0693636876000793E0
:1057000006AB1A7623690A9208960993A37D06AA26
:10571000137500235375184A06A9127C08008A7570
:105720000F228B760B774B76CA75F1F705FA0123BA
:10573000893423700FB0F0BD9621490059E7084B1A
:10574000020001001B6801209847F3E780410050E8
:1057500071020000D47E2500C3BF0300A004000036
:10576000580600000506000007060000084000502B
:105770000A400050D573021844190318F0B593B0CD
:105780000B9318AB1B788000089319AB1B780A9217
:1057900006931AAB1B78032201931BAB1B78059170
:1057A00002931CAB1B7807931DAB1F78274B1B681C
:1057B000C658330087331B7853430993244B197819
:1057C000059B081D1B01039370234343881C0C2178
:1057D00041435433FF33891893435B181D49934366
:1057E00008783821414389185B189343AB339343BE
:1057F000194A9B18039A9B181A88920B92031A80D5
:105800000022089B934200D00632069B1500002B15
:1058100000D0951D019B0095002B02D0AB1CDBB284
:105820000093029B009C002B01D00334E4B2079B41
:10583000002B06D01234E4B2002F04D10134E4B2BC
:105840000EE0002F0AD00134E4B2F7E7940500001F
:10585000050600000706000000400050002CEDD1B6
:10586000209B1B881B19FE2B0ADD029B002B07D1F6
:10587000231C002C00D101230333DCB2012302934B
:10588000069B002B08D030001E9B2C3019888918ED
:1058900089B206220BF07AFF019B002B08D0300062
:1058A0001E9B022219887630491989B20BF06EFFCF
:1058B000029B002B03D0009B0333DBB20093079BBA
:1058C000002B2CD0FEF77CFB0DAD122200210490A2
:1058D00028000FF0F5FAB36E11226B803300883385
:1058E0001B780CA99C4652180D210CA809180EAB68
:1058F000604603F0B7FE1F202B7A049A0340520142
:1059000013432B721E9B12221988009B2800C91872
:1059100089B20BF03BFF009B1233DBB20093002FE8
:1059200017D033008D331D78F2F7EAFB0A21DDF73B
:105930006FFB0CAB2D181D711E9B01221988009B5B
:105940000DA8C91889B20BF021FF009B0133DBB20F
:1059500000930022209B04921B8893420CD0023AB1
:10596000121BD1B2D2B20491934201D2DAB20492A4
:10597000049A9B1A209A13807022D14B03251B781E
:10598000191D4A43991C0C234B435432FF325B19B7
:10599000AA43D218CB4BAA43197838234B435B193F
:1059A000D218AA43C84BAB32AA430B99D218039B17
:1059B000D218BB038F0107993B434F0301993B4327
:1059C000CF0206993B434F0208993B430F020299CD
:1059D0003B43234309030B439BB21380049B0134D5
:1059E0001C19E3B20793099A059B934200D045E145
:1059F000330093331C78053B197807980DF00EFEA1
:105A00009630444301940024029BA34222D0019B80
:105A10002D33FF330193019AAC4B9A4200D94CE1EC
:105A2000AB4DAA4200D93BE11E211000DDF7E8FA98
:105A3000059A0999441CA3B28A4200D034E132008D
:105A40007A321380019BAB4200D830E196204000AF
:105A5000604301900021330032220D0091331F7802
:105A600023020593029BDB0102939A4BBC331B88F4
:105A70009A424D413F233A00AD019A438A4204D0F5
:105A8000954B0A0001201B6898478D4B0C21187814
:105A90007023021D53430322023041435433FF332A
:105AA000891893435B188749934308783821414309
:105AB00089185B189343AB339343884A3D439B1843
:105AC000039A27029B18029A2F431743BFB21F80E5
:105AD000330090331B78240A5B010293E023029A7F
:105AE0009A4305D000227C4B110001201B68984787
:105AF0001F2322009A4305D00022774B110001207A
:105B00001B68984770230C2503216D4F3878021DC0
:105B10005A43023068435432FF3240188A43121805
:105B200068488A4305788446382045436D185219E1
:105B30008A436B4DAB328A435219039D5219029D21
:105B400025430C24ADB215803D781E9A2F1D0235D9
:105B5000654364467B435433FF336D188B435B19B5
:105B600025788B43684340181B1800208B43AB33C8
:105B70008B435C4912885B1803995B181A80009B61
:105B8000D2181E9B1A80069B834204D033008C33AC
:105B900018780123184000230093089B002B05D0A0
:105BA00033008B331E7801231E400096444B0C2596
:105BB0001C7870230321221D5A4302346C43543253
:105BC000404FFF3264188A4312193C788A43A44636
:105BD000382466466643B4468C4462448A43424E47
:105BE000AB328A439219039EC0019219079E02921A
:105BF0003602B44662460A9E1643009A3043960126
:105C0000029A304310801F9A10882D4A1678321D50
:105C10005A4302366E435432FF3276188A43921941
:105C20003E788A436643761892198A432F4EAB32E8
:105C30008A439219039E92191080049A80181F9A21
:105C400010801F4A1278101D4343023255433A78A0
:105C500054335443FF338B436D185B198B436418E3
:105C60001B198B43224AAB338B439B189B191A8811
:105C700001985204520C1A8013B0F0BD33009033D7
:105C8000197807980DF0CAFC3300019087331B7810
:105C90005D43059B0135AB4200D0B4E63067B2E608
:105CA000962101984900C1E632007C32C9E61E20E7
:105CB0000023604302930190CCE60294CAE6C046FA
:105CC000050600000706000006400050D47E2500AF
:105CD000C3BF0300A00400005806000008400050A5
:105CE0000A4000500C400050024000500440005058
:105CF00000400050F0B5830097B01293B84B129A51
:105D00001B680B909E5803223300743311931B7849
:105D100038240E9313401093330087331F781300F9
:105D20007B43DBB20F93AF4B18787023011D4B43BD
:105D30000C21851C69435433FF33891893435B1846
:105D4000A949934309782D02614389185B183021D2
:105D500041439343AB33891893435B18A34993435F
:105D60005B1846214143934389185B18AD18934350
:105D70005B19272593432A007A4300279B180AAA18
:105D800053850F9B0A3C5D1CEBB2A4180C939785BE
:105D90002780FFF7ABF83300913318701393173B4C
:105DA0001F805F80109BF766BB4200D02CE1330060
:105DB00082331B88BB4233D1B76E002F30D1119B89
:105DC00015AA1B8807922A2201250AA952180692B1
:105DD0009A092A4005929A082A4001922A005B09F2
:105DE0009A4300923B0007220F990B98089404975E
:105DF00003970297FFF7C2FCF36E18183300953330
:105E0000F0661F703300013592331D70744B129A87
:105E10001B689A58F36EBE335B00136117B0F0BD78
:105E200015AB07932A23002501270AAA9B180F996F
:105E30000722089406930B982B0005950495039769
:105E4000029701950095FFF799FCF36E0AAA1818BE
:105E50003300F0667E331B880AA9938533008233B2
:105E60001B8815AA2380330074331B8807922A22CB
:105E7000521806929A093A4008940592B26E0B980D
:105E8000511E8A4104929A083A4001923A005B09F5
:105E90009A4300922B0007220C9903950297FFF773
:105EA0006DFCF36E18183300F06691331C78504B7C
:105EB000A4021C4205D04F4B2A00290038001B6861
:105EC000984770250B9B5D434B4BEA1813889B0545
:105ED0009B0D1C433300A4B2148090331C783023F4
:105EE000240122009A4305D00022424B11000120D8
:105EF0001B6898473021414BEA1813888B431C4399
:105F0000384B14801A787023111D4B43911C0C22BE
:105F100003244A435433FF331219A3439B18324AD4
:105F2000A343117838224A4312199B18A3430C9AB1
:105F3000AB331201A3439B18314A9B08AD189BB2A7
:105F40002B8001256B1CDFB22E230AAA9B181A880E
:105F5000002A00D156E7320087321578089315AB36
:105F600007932A230AAA9B1806930122002365435C
:105F70007D19EDB2290005930493039302920193D6
:105F8000009306320B98FFF7F9FBF36E1818154BC8
:105F9000F0661A787023111D4B43911C0C224A4362
:105FA0005433FF330332A3439B180F4AA3431178A2
:105FB00038224A4303329B180C9A1249A343AB334D
:105FC0001201A3435218D21811882801C318890B53
:105FD0009B0889030B439BB20C9513803D00B1E7EE
:105FE00094050000050600000706000003090000F4
:105FF000FF03FFFF58060000864100505641005045
:10600000944100500040005001250E9B2B400D9301
:106010000E9B2B4200D1D2E015AB07932A230AAA8C
:106020009B180F99072206930B98109B08940597CD
:1060300004970395029501970097FFF79FFBF36E76
:106040000AAA18183300F0667E331B880AA99385C4
:10605000330082331B8815AA2380119B0B981B8861
:1060600007922A22521806929A099B082A402B402E
:10607000059201930722109B0C99089404970397AB
:1060800002950095FFF77AFBF36E18182388F066E7
:10609000002B05D0DB4B3A00390028001B689847DD
:1060A000330091331C78D84BA4021C4205D0002247
:1060B000D44B110001201B68984770230B9AD349D9
:1060C0005A43511808888005800D0443A4B20C80FF
:1060D0003024CF4950180188A1430C0010212143DE
:1060E0000180CC490C200C780C990D01211D4B43EB
:1060F0000321023460435433FF3340188B431B1891
:10610000C5488B4304783820604340181B188B43E4
:10611000AB338B435B19C1499B089BB25218138068
:10612000330090331978032900D1013922200DF072
:1061300075FAF36E963018183300F06687331978C5
:10614000B44B032218787023041D6343841C0C2075
:1061500060435433FF33801893431B18AE48934376
:1061600004783820604380181B189343AB33934363
:1061700018005143ED18AA4B0231ED182A88C9B214
:106180000B011B18920B92039B0813439BB22B80AD
:106190002E230AAA9B18089315AB07932A239B1852
:1061A000069301220023019200920B980593049319
:1061B000039302930732FFF7E1FA022522E6022356
:1061C0000E990E9A19401A4200D114E115AB0793AB
:1061D0002A230AAA9B1806930D9B07220F9908945D
:1061E00005930493019300930B98109B03950295DC
:1061F000FFF7C4FAF36E15AA1818119BF0661B88F6
:1062000007922A220AA9521806929A092A40059250
:106210009B080D9A2B400894049203920193072245
:10622000109B0C990B9802950095FFF7A7FAF36E57
:106230001818139BF0661C78734BA4021C4205D0FF
:10624000704B0D9A280011001B68984770230B9A19
:106250006E495A43511808888005800D0443A4B242
:106260000C8030246A4950180188A1430C00102189
:106270002143018067490C200C780C990D01211DE8
:106280004B430321023460435433FF3340188B43A4
:106290001B1861488B4304783820604340181B1852
:1062A0008B43AB338B435B195C499B089BB2521801
:1062B0001380330090331978032900D101390C2061
:1062C0000DF0ACF9F36E9630181833002E21F066FD
:1062D00087331F78073B1B880AAA938533008918E8
:1062E0007022032484331B8867430B80494B023799
:1062F0001878FFB2031D53430230643A42435433CB
:10630000FF331219A3439B18434AA3431078382242
:10631000424312199B18A343AB33A343404AED18E1
:10632000AD1828883A01D218800B800392080243E6
:1063300092B215AB2A8007932A230AAA9B180693C8
:106340000122002308910292009239000B980593D4
:106350000493039301930632FFF710FA02256B1C96
:10636000DBB20C932E230AAA9B181A88002A00D1AC
:1063700048E5320087321578089315AB07932A2336
:1063800065430C9A0B9855190AAA9B18069300238B
:10639000EDB229000722059304930393029301931E
:1063A0000093FFF7EBF970221A4B3F0119780B1D90
:1063B00053430231643A4A435433FF330332A34315
:1063C0009B18154AA343117838224A4303329B187D
:1063D000A343AB33A3431900114BFF187F183A882E
:1063E0002B015B18920B9B08920313439BB23B80DB
:1063F0002F000C9DB3E7034B0A0028001B68984749
:1064000000E5C04658060000FF03FFFF864100502C
:106410005641005005060000070600009441005058
:1064200000400050F0B51F004D4B85B01B68039233
:106430008200D65803253300029174331A88102342
:1064400014006843C1B21C4001911A424ED0454E1F
:10645000603332780024111D4B43911C0C224A43B7
:106460005433FF335219AB439B183F4AAB43117867
:1064700038224A4352199B18019AAB4310013B4AF8
:10648000AB33AB438218A74202D099180C88A4B250
:10649000374940180299C31818880631C9B2C0B2EA
:1064A00009020143198070230C203578291D4B43C4
:1064B0000321023568435433FF3340188B431B18C4
:1064C00029488B4305783820684340181B188B43B4
:1064D000AB338B439B18039A1A80002F04D0002CF7
:1064E00002D02000F1F752FB05B0F0BDFEF712FD1F
:1064F00032007632138800051B0B1B03000D03438B
:106500001380002F1FD0174B1A787023111D4B4397
:10651000911C0C224A435433FF330332AB439B1884
:10652000114AAB43117838224A4303329B18019A2F
:106530000E490132AB43D2B2AB331201AB43521816
:106540009B181C88A4B23300029A82331A80039AE3
:10655000043B1A8087363078FFF7CCFBBDE7C04696
:1065600094050000050600000706000004400050E6
:1065700002400050F0B587B00293704B05921B6843
:106580008200D75803263B0074331A881023150065
:1065900070430C00C1B21D4001911A4200D193E03A
:1065A000674B00251A787023111D4B43911C0C2258
:1065B0004A435433FF339219B3439B18614AB343A0
:1065C000117838224A4392199B18019AB343013239
:1065D000D2B2120194465C4AAB3362440492029AEE
:1065E000B343AA4203D0049A9A181588ADB2574A09
:1065F0000C266244D31803920F2219883820914345
:106600000B3A0A431A8070224D4B4E4F19780634CC
:106610000B1D53430231714354336D3AFF338918D4
:1066200093435B1839789343414389185B1893432C
:106630000399AB3393435B181988E4B22402C9B2BF
:106640002143702419803E4B19780B1D634302319E
:1066500071435433FF33891893435B18397893435C
:10666000414389185B1893430499AB3393435B18F8
:1066700005991980324B1B78191D6143023373430E
:106680005431FF319B189143C9183B7891435843CB
:106690008018091891432E4BAB31914363445B182A
:1066A00001981A8800014118920B8908920311433E
:1066B00089B21980029B002B04D0002D02D0280043
:1066C000F1F764FA07B0F0BDFEF724FC3A00763229
:1066D000138800051B0B1B03000D03431380029B53
:1066E000002B1FD0164B1A787023111D4B43911CA1
:1066F0000C224A435433FF330332B3439B18114AED
:10670000B343117838224A4303329B18019A0E4949
:106710000232B343D2B2AB331201B34352189B18C7
:106720001D88ADB23B00059A84331C80043B1A805F
:1067300087373878FFF7DEFABCE7C04694050000DB
:10674000050600000706000004400050024000500B
:1067500000400050F0B58300A1B00993C14B0892EE
:106760001B68099A03909C580191002C01D100F0FC
:1067700012FE230034330A9361331B78002B3AD086
:10678000A36B8B4237D101210A982500EFF7E4FE75
:10679000220086352B7889320133DBB22B701278D8
:1067A000022A2DD0220078321288002A01D09A4283
:1067B00026D9230087331B7805939B000B93702306
:1067C000059A5343A84A9A180E92A84A9B180F9309
:1067D000002307930598FDF76BFB069000281ED158
:1067E000079B002B00D19BE3020001000398FEF7FA
:1067F0005BFC21B0F0BD01212000C6E7FDF7EAFAFD
:106800000398FDF755FB021EF8D178342388002B3E
:1068100003D02978994200D343320121E6E71C21B5
:10682000934B0C201A78934B3827C0331B7859436D
:1068300002917021131D4B430232424354336D3990
:10684000FF3352188B439B188B4A8B4312787A4341
:1068500052189B18029A8B439B18884A9A181188E1
:106860003D22114200D0F9E0854A9A1815880F227E
:106870001540052D00D0DBE2824A17AE9B1819881F
:10688000222289B230000AF079FF728B7E49130010
:106890000A3B9BB28B4200D9E0E0F18A7B488B1F18
:1068A0009BB2834200D9D9E0FA20338B4000834267
:1068B00000D3D3E001339BB24B4392009A4200D8FD
:1068C000CCE01EA80CF08CFC012800D8C6E0684B78
:1068D000032218787023051D5D430230643B584342
:1068E0005435FF35801895432D1863489543037838
:1068F00002987B439B185B1993431B1864480495CB
:106900001A18128895B2002A00D192E028001A3095
:10691000062281B211A80AF031FF554839000678E5
:106920000498281ADCF76CFB70210322331D4B43BB
:10693000023664394E435433FF339343B6189B19E0
:106940009343544AC5B29B1801227D435B191988B1
:1069500011401A880491920744D51B881B0741D522
:1069600017AE300011A90CF02DFC00283AD10223FB
:10697000049A1A43179B04921393B28813AB9A801C
:10698000454A3B4B94461878029B0C2263440C9377
:106990007023011D4B430321023042435433FF3324
:1069A00052188B439B18344A8B4310783822424349
:1069B00052189B180C9A8B439B181888374BC0B2FF
:1069C000DB699847364B1B68002B40D10E9B1A8819
:1069D0000423110019401A4266D1062215A80EF0B0
:1069E0006FFAE1E07020224B19780C230A1D504306
:1069F000032202314B435430FF309B189043C018A0
:106A0000244B9043C01845192B889B070BD52A8827
:106A1000802311001B0119401A4204D1214B0A00A6
:106A200001201B6898470622002113A80EF048FA9F
:106A3000A6E7134A29009B181B885B06DB0F04930B
:106A400033681193B28811AB9A800622EDE70122D8
:106A500004990A4017A998470028B7D1FDF7BAF959
:106A6000B8E6C04694050000664100508C410050D5
:106A700005060000A00400000706000002400050C8
:106A80000440005014400050760C00007A0C0000C6
:106A9000104000500040005006400050200600000A
:106AA00098050000580600000F9B1B889DB29B0BA9
:106AB00005D00022CF4B110001201B6898477020A1
:106AC000CD4BAD0019780C230A1D5043032202312F
:106AD0004B435430FF309B189043C0189043281A02
:106AE0003821DCF78DFAC54BC6B21B780500B342DE
:106AF00005D80022BF4B110001201B6898473820A1
:106B0000BD4BEDB21A787023111D4543901C0C2229
:106B10004B43032142435433FF3352188B439B189A
:106B2000B74A8B439B185B191A8820231100194020
:106B30001A4204D1AF4B0A0001201B68984770200D
:106B4000AD4B19780C230A1D5043032202314B43ED
:106B50005430FF309B189043C018A94B9043C01885
:106B600045192A888023110019401A4204D1A14BEB
:106B70000A0001201B68984770219F4B18780C234E
:106B8000021D51430322023043435431FF319B180D
:106B90009143C91838235E4391433031891989B232
:106BA000921815A80AF0EAFD049911A8F1F76CF8FB
:106BB000002306000793984200D04FE70100FF2210
:106BC0003C3390480BF05CFD8B4B0500187870232C
:106BD0000C22011D4B430321023042435433FF3347
:106BE00052188B439B18854A8B43107838224243B6
:106BF00052189B188B43029A834952189B181B8882
:106C00009FB21B0B05D07B4B3200310001201B686B
:106C10009847794B0C2218787023011D4B430321B0
:106C2000023042435433FF3352188B439B18734A4C
:106C30008B4310783822424352189B18029A8B4398
:106C40009B18724A3F049A1812881743704A079794
:106C50009A1811886F4A9B181A888B059C219B0DE6
:106C60008900CB1A920B6C495200525A52009B1A5F
:106C70006A4A1EB29B186A4A9BB2934205D9002207
:106C80005C4B110001201B689847B3B20D93002E96
:106C900000DAA3E0059B01262B7000236B702B000C
:106CA00035331E705F4B0B9A1B689A581300743370
:106CB0001988069BC9061DD54F4B03201F787023EA
:106CC000391D4B430C21023779435433FF330918E4
:106CD00083435B18494983430F7838217943091866
:106CE0005B18834350480299844661445B181B88B3
:106CF0005B093340290036310B7013007833198853
:106D00000023994201D0863213782A0003273832B3
:106D100013701AA90422A81C0EF0B6F817AE3A0098
:106D20001BA9A81D0EF0B0F8F37C2900EB76B38AFE
:106D30002931AB83F38A2800EB83338B09302B8412
:106D4000738B6B842B001E9A24336A621EAA1279FD
:106D50001A711E2310AA9B181F22DB7F1A400A708B
:106D60002A005B092A32137015A906220EF08CF84E
:106D70002800062213A90F300EF086F828000622FC
:106D800011A915300EF080F82B00049A37331A70D1
:106D9000079B28002B630D9BAB85174B1A7870233C
:106DA000111D4B43911C0C224A435433FF33D2191B
:106DB000BB439B18114ABB43117838224A43D2196E
:106DC0009B180C9ABB439B182A001B8834329B0BE0
:106DD00013700BF079FC069B07933FE6134A0D9B5B
:106DE000944663441EB2079B013B1B011B0907939A
:106DF0004BE7C046580600000506000007060000E5
:106E000000400050070200000A40005008400050B7
:106E10000C4000500640005088050000E1040000CE
:106E2000510700009405000004400050710200006A
:106E3000734A0B99126852588A321278002A00D18C
:106E40000CE6032D00D009E66E4A17A89B18198896
:106E50000C2289B20AF092FC70226B4B1B78181D31
:106E600050430233643A53435430FF300333A84352
:106E7000C018664BA8431B78029A7B4303331B1848
:106E8000AB439B18624A04909A18128896B2002A63
:106E90003AD031001A31062289B215A80AF06EFCE8
:106EA0007021594B1A78131D4B43023264394A43FF
:106EB0005433FF330332AB439B18AB431D00554B98
:106EC0003900ED18049BF01ADCF79AF80121C0B2E2
:106ED00078432818028805880A406D080D408D40C7
:106EE00015430823FF2200214B480BF0C9FB060085
:106EF000059B45700370062215A902300DF0C4FFF2
:106F000030000BF0E1FBA9E5444A9B181D88179B54
:106F10006D06159310AB1A8C15ABED0F9A80E0E758
:106F2000A28C002A10D0230074331B88D90603D505
:106F300014210B40102B07D1218D01230398C9B2D6
:106F4000FFF770FA0023A384E28C002A12D02300FA
:106F5000122174331B881940022903D014210B40DD
:106F6000102B07D1618D01230398C9B2FFF702FBF3
:106F70000023E384230074331A8813231A421BD19D
:106F8000230094331B78002B16D0A36E002B0AD05D
:106F9000FDF7C0FF22007632138800051B0B1B0390
:106FA000000D03431380230087331878FEF7A2FEF9
:106FB0002300002294331A70230074331B881A07AD
:106FC00032D5174B0899DA7B002916D0A37DD31848
:106FD000DBB2A3750F231340124A20001343A38290
:106FE000A36DE360019B6360EFF798F9002800D080
:106FF000C3E189342070FFF7FCFB9B7BE9E7C046C7
:10700000940500001440005005060000070600002B
:1070100010400050004000500202000004400050A8
:107020004419031800A0FFFFDB0600D5DAE02300B7
:1070300095331B78002B04D0A36B019A934200D0A8
:10704000D0E0D74B099A1B689B58032202938733E1
:107050001F78D44B150019787023081D4343881CF2
:107060000C2141435433FF33891893435B18CE49B5
:10707000934308783821414389187D435B18934333
:10708000AB339343C94AEDB22D019B185B191B88A2
:10709000DB0400D4A6E0FDF729FF029B0200913338
:1070A00018703F2306009A4305D00022C04B110000
:1070B00001201B689847BB4B0C2118787023021DD8
:1070C00053430322023041435433FF33891893431F
:1070D0005B18B549934308783821414389185B18F8
:1070E0009343AB339343B34A9B183F225B191888F1
:1070F00090430643B6B21E80029B91331D78AE4B7F
:10710000AD021D4205D00022A94B110001201B68D1
:10711000984770235F43A94B0026FF183B889B05C7
:107120009B0D1D43ADB23D8003259E4B0136197862
:10713000029BF6B287331A786A43B218D2B21301AF
:10714000702204930B1D53438A1C0C21514354336A
:10715000954AFF330331AB435B18117838224A4319
:10716000AB4303329B18AB43954AAB33AB439B18FD
:10717000049A9B181A885204520C1A80029B92336C
:107180001B78013B9E422DD0029B91331F783F23F9
:107190003A009A4305D00022854B110001201B685C
:1071A000984770227F4B19780B1D53430231643A84
:1071B0004A435433FF330332AB439B187A4AAB4301
:1071C000117838224A433F2103329B18AB43794A56
:1071D000AB33AB439B18049A9B181A888A43174316
:1071E0001F80A2E7260095363278764D002A00D11E
:1071F00083E0A36B01998B427FD1089B002B6CD15C
:1072000023002A7C34339A75019B23666368019AB4
:1072100093427CD10F226B7B13406B4A1343A382B2
:10722000636EA26B5B00D31A1B011B09E360674B03
:107230001B6898471121DBF7F3FE3378490089B2C8
:10724000002B04D000297FD0202900D10139636EA2
:10725000019A5B009B185B181B011B0920006360EF
:10726000EFF75CF8002876D1230089331870337863
:10727000002B01D1FFF7BDFAA36B019A934201D015
:10728000FFF7B7FA23008F33626E1B780F3053433A
:1072900062685B009B186A7CA16D024020001B01A4
:1072A0001B0948304D1C51D0474D2A4302805A1AC1
:1072B0004748120121641209824200D80B000A9843
:1072C000A363EFF72BF8002801D1FFF792FA002310
:1072D0003370636C2361FFF78CFA226E019B9B1A5B
:1072E000626E1B011B09520093428DD3220034327F
:1072F000937D697C5B18937586E7089B002B11D101
:107300002B7BA375019BE365002A00D07EE70F214C
:107310006B7BA26D0B40511C11D02B49E2600B43DB
:10732000A38284E7E16D019B5B1A616E1B011B095F
:1073300049008B42E6D3A37D697B5B18E1E7C0225D
:10734000D2011343A38272E7012180E7C021C90162
:107350000A430280B3E73178002906D001235B425B
:1073600063602300002289331A70A36D5A1C07D072
:10737000E268934201D0FFF73CFA3C22FFF74DFA56
:10738000002901D0FFF735FA0A00094B1B680120DC
:107390009847FFF72EFA064B220021001B68F6E7FC
:1073A0009405000005060000070600000640005096
:1073B0005806000008400050FF03FFFF86410050C0
:1073C000004000504419031800A0FFFF14070000FC
:1073D000FEFFFF07F8B505000E00042A00D98EE075
:1073E00010000DF025FD0309088C0C000022C8B226
:1073F0002900FFF7AFF9F8BD0122C8B2F8E7424A09
:10740000CBB212689B009C58002C73D027008937A0
:107410003B78013B012B05D900223C4B1100012098
:107420001B6898473B780022F0B2022B25D026003B
:107430009536337801212000002B29D0A36B9D4283
:1074400026D13430EFF788F8236E626EEB1A1B01F9
:107450001B095200934205D32D4AA37D527C256619
:107460009B18A3752000EEF759FF002840D0A36DAC
:10747000013306D03C22873420780121FDF714FE29
:10748000B9E700221100214B1B6801209847B2E7A1
:10749000EFF762F8230074331B881B0714D51C4ACE
:1074A000A37DD27B9B18A3752000EEF737FF002841
:1074B0001ED0317800299ED1A36D013314D08734BA
:1074C0003C2220780131D9E7E36DED1A636E2D017E
:1074D0002D095B009D42E7D30D4AA37D527B9B188B
:1074E000A3756368E365DFE7084B0A001B68CCE718
:1074F000387080E7054B220021001B68C5E7034B6D
:10750000310003201B68C1E7940500005806000005
:107510004419031810B5041E57D0030089331B7893
:10752000002B05D000222B4B110001201B6898472F
:10753000230074331B881B0718D5274AA37DD27BF1
:107540009B18A3752000EEF7E9FE00280DD023005C
:1075500095331978002908D1A36D01332FD08734D2
:107560003C2220780131FDF79FFD10BD6168E36D7D
:10757000626ECB1A1B011B0952009342E2D3164ADA
:10758000A37D527BE1659B18A375144B1B6898473C
:107590001121DBF745FD230095331B78490089B2A3
:1075A000002B04D0002908D0202900D101396368BC
:1075B000C918090109096160C4E70121F7E70A0058
:1075C000044B1B6801209847CFE7024B02000100E3
:1075D0001B68F7E758060000441903181407000059
:1075E00070B501280AD0022810D10D4B1C78013C3F
:1075F00064B2A5000B4B1B68002C08DA084B002175
:107600001A78084B920018680DF05AFC70BD585952
:10761000002801D00BF0F6F9013C64B2043DE9E723
:10762000050600009405000070B5184B06001B68A5
:107630009847174BB2001B680500D3580C24002B49
:107640000DD01A0089321478002C03D0012C0CD0F4
:10765000002404E0220001213000FDF725FD0D4B40
:1076600028001B689847200070BD87331978702365
:107670004B43094980205B18A0211C80C9050B6879
:10768000800403430B6002231370E1E7E40500006C
:1076900094050000E805000080410050F8B50600A0
:1076A000124B0D001B6814009847114BB2001B6869
:1076B0000700D158002912D00B0089331B78002B0A
:1076C0000AD12200290030000133FEF7ABFE094B3E
:1076D00038001B689847F8BD0D858C84F7E7064B8A
:1076E0000A0001201B689847F1E7C046E405000046
:1076F00094050000E805000058060000F8B50600F3
:10770000124B0D001B6814009847114BB2001B6808
:107710000700D158002912D00B0089331B78002BA9
:107720000AD12200290030000133FEF723FF094B64
:1077300038001B689847F8BD4D85CC84F7E7064BA9
:107740000A0001201B689847F1E7C046E4050000E5
:1077500094050000E80500005806000070B5174BBE
:1077600006001B680C009847154BB6001B68050007
:10777000F15800291CD00B0074331B881B0707D558
:1077800080224B6852019B181B011B098B6507E087
:10779000002C0AD04B686401E418240124098C658C
:1077A000084B28001B68984770BD01235B42EDE73A
:1077B000054B0A0001201B689847F1E7E40500002B
:1077C00094050000E805000058060000F0B58300AD
:1077D00089B0E84F0393039A3B680C249E183568E0
:1077E00002900191002D00D094E2290098200BF026
:1077F0007FF83B68039A30609E58002E01D100F05C
:10780000FCFCFCF7ADFB29009822069030000DF03F
:1078100057FB0F22D84BD94C3362D94B3000B361A0
:10782000237B2C30B375637B1A40C023DB011343E9
:10783000B3823300029A87331A70019BDB68736648
:107840000393019B1A8B330074331A80019B073317
:10785000DA7F33008A331A70019B06229D1D2900AE
:107860000DF012FB019B9A7F33008B331A70019B42
:10787000DA7F33008C331A70019B0233DA7F3300D6
:107880008D331A70019B0433DA7F33008F331A7003
:10789000019B0333DB7F022B04D9BA4AC132127831
:1078A000002A01D1013BDBB232008E321370019B02
:1078B0000533DB7F022B04D9B24AC1321278002A89
:1078C00001D1013BDBB23200903213700F22019BD9
:1078D000AD495B7F1A401B098A5CCB5CD318320030
:1078E00093321370FDF716FB3200763213880005D1
:1078F0001B0B1B03000D03431380EA7FA34B1103F3
:10790000194205D0F021A24B03201B6809029847B9
:1079100032000199763213880631C97F1B051B0D91
:1079200009030B431380019B1A7F330078331A80BD
:10793000FF221A74019B9A8A330082331A80019BBA
:107940001A8A33007E331A80019BDA8A330084332B
:107950001A80019B5A8A330080331A8032004C3BD4
:10796000039340331B8887321D0010781022154086
:10797000134200D0D1E133008F331B7837005A1EF9
:10798000934195373B70FEF7B5F93B78002B13D048
:10799000804B039A7365804B3565F364237C937544
:1079A0000F223369F5637364637C1A40C023DB01E3
:1079B000134332004832138070243700029A743720
:1079C00054433B88754AA5181A0700D4A7E38022C0
:1079D000069B52019918090102200909EFF78EFD53
:1079E0006F4B9B88336105232B80019B28331D78C7
:1079F000019B0833DA7F6B4B1B78AB4200D8C4E3A2
:107A0000019B9B7F9B0700D48FE3674B032718786C
:107A10007023011D4B430C21023041435433FF338B
:107A2000C919BB435B1838216943BB435B185F49E5
:107A300059180988890600D477E3023F3D003800D1
:107A40009B089BB2019912010131C97F8000090294
:107A50000A431743564A074368000743A218178092
:107A6000002D00D19DE3534AA218138032007432D6
:107A7000514B1288E318120700D5ACE34F4A8D2012
:107A80001A8030564E4BE5184E4B7F2800D1A4E3A8
:107A900000219B69984780B228807022424B0C21BC
:107AA0001878031D5A430323023041435432FF32F6
:107AB000C9189A4352183B499A43087838214143E0
:107AC000C91852183100873109789A43AB329A436A
:107AD0004B43DBB21B01D3183B4A9B089BB2A21855
:107AE00013803A4B3A4AE3181A803A4B3A4AE31861
:107AF0001A803A4B3A4AE3181A80FF22394BE118B0
:107B00000B8893431A00552313430B800021364BF7
:107B10000822E3181980354BE318198033007433B9
:107B20001B885B101340324AA218138033008E3337
:107B30009F781D783F0130233A009A438A4204D04F
:107B4000134B0A0001201B689847AB0003930C23DA
:107B5000AA009A4305D000220D4B110001201B689A
:107B6000984703232A009A4346D00022084B11006D
:107B700001203FE094050000157502184419031810
:107B800059550218A0040000A8360318FF0FFFFF84
:107B900058060000254F0218AD53021850410050FE
:107BA00048030000070600000506000000400050E2
:107BB000664100508C4100506841005000F1FFFFC9
:107BC0006A41005020060000744100505E410050A0
:107BD000D6BEFFFF60410050898EFFFF624100501A
:107BE0005555000064410050884100508A410050C2
:107BF000804100501B6898470120AB003B431D4368
:107C0000924BE3181D80019B9B7F03401F00029B4A
:107C10001D028F4B1D4204D000228E4B11001B68A9
:107C2000984720233D431D438B4BE3181D80019B48
:107C30001A785B781B021343884AA2181380019BB1
:107C40009A78DB781B021343854AA2181380019BA4
:107C50001A795B791B021343824AA2181380019B95
:107C60005D7FE0236D012A009A4305D00022794B05
:107C7000110001201B689847E02237007A4B9537A6
:107C8000E418238893431D4325803B78002B07D0BD
:107C900033007A331A881E235343744A9B18336186
:107CA0000025069B30007360B560EEF737FB0400DB
:107CB000A84200D099E2019B0298598BFFF74EFD34
:107CC000330089331C707068F0653B78AB4221D07B
:107CD000B36D5A1C09D00F21654A527C1140654A88
:107CE0000A43310048310A80336433008F331B78F4
:107CF000726E53435B001B1830001B011B09B363FA
:107D00003430EEF70BFB002800D16AE200233B7011
:107D1000736C3361200009B0F0BD03244443E4B226
:107D2000621CD2B2103B180004920D2B00D986E0E1
:107D30000DF07EF87C8572078511858585858585A2
:107D40008511330093331A784B4B534350333361CF
:107D5000002215000AE0330093331A78464B534350
:107D6000012250333361019BDD7F1540434B702767
:107D7000197823010C24032003930B1D7B4302314C
:107D800061435433FF33091883435B183C49A446CD
:107D900009782C346143834309185B1883430399A2
:107DA000AB3383435B183749ED015B18059301231F
:107DB0000199897F194089010D432A43C425059BF8
:107DC000ED002A431A8033007433198804220B0013
:107DD000134011425CD1019A918A002900D017E129
:107DE000264B1B781A1D5743624602335A43130031
:107DF0005437234AFF3787430333FB1817788343ED
:107E000067430337DB198343039AAB3383439B18E0
:107E10001D4A9B18198074E0330093331A78164B6F
:107E2000534306225033336100259FE733009333D9
:107E30001A78164B5343503302223361F4E7002281
:107E4000044B110001201B68984781E75641005000
:107E5000FFE0FFFF5806000052410050584100501B
:107E60005A4100505C4100508641005071020000B0
:107E70004419031800A0FFFF2E07000005060000AC
:107E8000070600000240005004400050B205000008
:107E9000DD4BDE4D1A78131D7B436746911C4F4323
:107EA0005433FF3383430337DB192F7883437C43F9
:107EB00003341C19302353438443AB3484430333CA
:107EC000E418D34B8443E41846235A4333008443D5
:107ED0000332A418090284430331873364181978E4
:107EE000272359438443019B6418A4B2062221002E
:107EF000981D09F04BFC0023220006210298FEF792
:107F000091FAC14B0C2719780593049B38201B016B
:107F10000493049A012594467022BE4BBB4C6344E3
:107F200007930B1D53430231794354336D3AFF33AA
:107F3000891893435B1821789343414389185B1850
:107F400093430799AB3393435B1801998446897F28
:107F50002940890103352943198033007433198876
:107F60000B002B40294209D10199C98A002953D01D
:107F7000019A0298528AC9B2FEF7FCFA70220C20CC
:107F8000A14FA24D397884460B1D53430231414322
:107F900054336D3AFF33891893435B18382128789E
:107FA0009343484380181B1893430398AB339A4C70
:107FB0009343C018001934007434248832390C40BB
:107FC000022C00D183E003889B0B9B030380702469
:107FD0008D4B0C2219780B1D5C43032302314A435D
:107FE0005434FF34D2189C43A418884A9C43117817
:107FF00038224A43D218A4189C43AB349C43039BB9
:10800000E418854BE41823885B045B0C2380D3E4DD
:10801000019AC9B2128A71E77020059B1D782B1D49
:108020004343604602357D435433FF339343033566
:108030005B1925789343454303355B199343079DAB
:10804000AB3393435B191D88EDB22800C025ED00CA
:10805000054370201D80059B1D782B1D4343023571
:108060007D435433FF33934303355B1993430793A5
:10807000634625785D43079B03355B199343674D42
:10808000AB3393435B19049D5B191980059B1B78E7
:10809000191D4143604602337B435431FF31914304
:1080A0000333C91823789143584303300918914387
:1080B000594BAB319143CB185B191A880398920B3B
:1080C000091889089203114389B2198056E7048878
:1080D0000499A40BCB18A4039B08234364469BB2CA
:1080E00003803B787021181D02335C432300484312
:1080F0005430FF3090430333C31828783839414354
:10810000934303315B189343AB339343424A9B1829
:10811000049A9B181A885204520C1A8057E7DB06FF
:1081200001D5042360E406235EE4002A34D0330042
:108130007433198804230F001F4019421ED0324B9C
:1081400018787023011D4B4303218C465433FF33B1
:108150008B4302300931414361445B1861468B43D4
:1081600035314D435D192C4BEB181B889B0705D50A
:10817000AB081700150000209BB263E47B425F410F
:10818000FFB2002528002B005CE4002A04D03B88C5
:1081900001279B089F43F4E7170015001000130008
:1081A00050E47021029B06225943019B8D31981D9A
:1081B000FF3109F0EBFA019B0120DF7F3B00834395
:1081C00004D0174B2A0029001B689847154BBAB2F8
:1081D000E3181A804AE4144A51E42D331B782B80AB
:1081E0005BE4B36B0400336694E50D4B2A00290071
:1081F00001201B6898472C008CE5094B32003100A8
:1082000001201B68984785E5050600000706000069
:10821000030900000240005000400050044000509C
:1082200058060000924100502780FFFF37B5164BDB
:1082300005001B68019200919847144BAA001B6827
:108240000400D158002919D08B310B78DB0710D5E9
:108250006B46198870236B430D4A9A1811806A4641
:1082600051880C4A9A1811806A460B4992885B180B
:108270001A800A4B20001B68984737BD084B0A003C
:1082800001201B689847F4E7E4050000940500000E
:10829000584100505A4100505C410050E805000030
:1082A00058060000F8B50700194B0C001B681600B3
:1082B0009847184BBF001B680500F958002921D0CA
:1082C0000B00002286331A700E3B1E80043B1B8875
:1082D0001B0707D580224B6852019B181B011B0905
:1082E0008B6507E0002C0AD04B686401E418240178
:1082F00024098C65084B28001B689847F8BD0123AA
:108300005B42EDE7054B0A0001201B689847F1E747
:10831000E405000094050000E80500005806000090
:10832000F8B507000E4B0E001B68150098470D4B63
:10833000BF001B680400F95800290BD00B008833DC
:108340001E7001238D6694310B70074B20001B6853
:108350009847F8BD054B0A0001201B689847F4E7D1
:10836000E405000094050000E80500005806000040
:10837000002801D0014B18607047C04698050000E6
:1083800070B5064D84002B681859002804D00AF0F7
:1083900039FB00222B681A5170BDC0469C050000B5
:1083A000184B80001B6870B5C4580F252600636801
:1083B000226C4C369B181B011B0963603388013308
:1083C00033802000EDF7AAFF002802D1533420703B
:1083D00070BD0D4AA37DD27C013D9B18A375226C14
:1083E0006368EDB29B181B011B096360338801337E
:1083F0003380002DE5D1054B2A00290001201B68A0
:108400009847E5E79C05000044190318580600004A
:10841000F0B504008DB0002800D14FE10300050045
:10842000702052331B78A94F00931E0043434C35F4
:108430002A88DF1903213A8027004E433C373F78D2
:10844000F6B2002F00D1C2E0A14B1A78330101939C
:10845000131D4343901C0C2242435433FF335218E4
:108460008B439B189B4A8B43107838224243521807
:108470009B188B43AB338B43019A974952189B1837
:108480001B889EB2002B05D1944B32003100012095
:108490001B6898472B88250002AA0A33D01D9BB27F
:1084A0000370638704AF1B0A3B705935297801229A
:1084B0000731711889B209F069F929780122083168
:1084C0007118380089B209F061F920002978052275
:1084D0000231711889B2343009F058F923005A3347
:1084E0001B781D1C002B00D101250935EDB23F235F
:1084F0002A009A4305D00022784B110001201B6806
:10850000984770220C20724E94463178714F0B1DA3
:1085100053430231414354336D3AFF338918934337
:108520005B18382138789343484380186C491B18EE
:108530000198934340183F21AB3393431B1818888D
:10854000884328436146188033780C26181D484319
:10855000023373435430FF309B189043C0183B786C
:10856000383959439043891840189043AB309043B1
:108570005C4A019B944622005B3212786344C61821
:1085800001323388AD18EDB2DBB22D021D438023DA
:108590005B003580A387544B04A804936368009A5A
:1085A000436000230276026122698360C260A27D7B
:1085B00001250275F02212014375C2828576037788
:1085C00043765334EEF7B8FA25700DB0F0BD2500B0
:1085D0003D3529780029DED0618F521A434992B285
:1085E0008A42D8D8424AA18E9A181180414AE18E17
:1085F0009A1811802200404920005B18210038326F
:10860000127834311A802F3005220CF03DFC230003
:108610002F705A331D783F232A009A4305D02F4BE1
:108620003A00390001201B68984770220C20284F1F
:10863000330139789C460B1D534302314143543377
:108640006D3AFF33891893435B183821214E9343C9
:108650003078484380181B1893432148AB33934329
:1086600060441B18188807318843284370251880F8
:108670003B780739181D68430233643D6B4354301F
:10868000FF3090439B18C3183078934341438918B7
:108690005B189343AB339343124A200062449B1808
:1086A00022005B305A321278007819881218013291
:1086B000D2B21202C9B20A431A806CE7074B020019
:1086C00001001B68012098477FE7C046B041005079
:1086D00005060000070600000C4000505806000088
:1086E0000640005002400050D5900218FE7F000066
:1086F00082410050844100508641005010B5041E54
:1087000014D0030053331B78002B05D000220B4BF1
:10871000110001201B689847094AA37DD27C9B1851
:10872000A37552342078FFF73BFE10BD034B0200C7
:1087300001001B6801209847F7E7C0465806000073
:1087400044190318F0B58FB00593EB4B80001B68FC
:108750000792C75803223B00049152331B785343BE
:108760000693E64B1978049B1B0102930298E44B95
:108770008446634409937023081D4343881C0C21DD
:1087800041435433FF33891893435B18DD499343C6
:1087900008783821414389185B189343AB339343DE
:1087A000099A9B181A88920B92031A80079B5A1EEB
:1087B00093415B001C000093069A049B934207D1EF
:1087C0006B461C78009B002B00D10124E4B20934D5
:1087D0000025159B01951B881B19FE2B12DD009BA4
:1087E000AB4206D1231CAC4200D10123DCB20123F1
:1087F0000093009B01250333DBB200930323033472
:10880000E4B20193079B002B17D03B0056331E7830
:10881000EFF776FC0A21DAF7FBFB0AAB36181E717C
:10882000059B01221988019B0BA8C91889B208F081
:10883000ADFF019B0133DBB20193049B069A934287
:1088400020D13B00019A59331A70082339000BAE2E
:108850003370203373700AAB05222F31981D0CF052
:1088600013FB7B8F0922F3711B0A3372059B3000C7
:108870001988019BC91889B208F088FF019B093348
:10888000DBB201930022159B03921B8893420CD00C
:10889000023A121BD1B2D2B20391934201D2DAB2A0
:1088A0000392039A9B1A159A1380944B0C21187803
:1088B0007023021D53430322023041435433FF33DC
:1088C000891893435B188F499343087838214143B3
:1088D00089185B189343AB338B499343029A013455
:1088E00052189B18079A009992030A4329030A43D6
:1088F00092B21A803B0055331978039B1C19E0B2E1
:108900000AF08CFE0790002085420CD007981E21AB
:108910002D30FF30DAF774FB3B0001304A3318800A
:108920001E234343079300213B0032220C005733A0
:108930001E78764B0502BC331B889A424C413F237C
:108940003200A4019A438A4204D0714B0A000120EC
:108950001B689847694B0C2118787023021D5343FC
:108960000322023041435433FF33891893435B1889
:108970006449934308783821414389185B1893432D
:10898000AB3393436349029A3443521825439B18EF
:10899000ADB21D803B004A33DC7A1D886301089329
:1089A000E023089A2D0A9A4305D00022584B110063
:1089B00001201B6898471F232A009A4305D00022F4
:1089C000534B110001201B6898474C4B0C2618781C
:1089D00070230321021D5A43023070435432FF3288
:1089E00040188A43121847488A4300788446382042
:1089F00064464443A446029C8C442300464C624493
:108A0000A44663449C4670238A43089CAB328A4345
:108A100062442C431480059A1488384A15782A1D1C
:108A20005A43023575435432FF326D188A43521946
:108A3000344D8A432D78394B45436D1852198A437A
:108A4000029DAB32ED188A43019B52191480E41841
:108A5000059B07251C80294B1C787023221D5A4337
:108A6000023474435432274BFF3264188A4312197C
:108A70001C788A4344436418029B1219284C8A4389
:108A80001C19AB32009B8A4312195C1C039B1C19F6
:108A9000E4B22402149B2C4314801C88174B1D78CD
:108AA00070232A1D5A43023575435432154BFF3249
:108AB0006D188A4352191D78029B45438A436D18ED
:108AC00052191D00174B8A439C46AB32039B8A43C5
:108AD000654452191480E418149B1C80074B1A78C3
:108AE0007023141D6343023272435433FF33521810
:108AF0008B439B1818E0C0469C050000050600004B
:108B0000004000500706000006400050A00400008E
:108B100058060000084000500A4000500C40005029
:108B200002400050044000500D4A8B4312785043DD
:108B300040181B188B43099AAB338B439B181A8838
:108B40005204520C1A80049B069A934205D13B00B2
:108B5000009A5A331A70039A5A7007980FB0F0BDF2
:108B600007060000F0B5830089B00593884B059A8D
:108B70001B6804909F5803223B0052331D7813005A
:108B80006B43DBB20293834B38261C787023201D85
:108B900043430C20A11C48435433FF3380189343B4
:108BA0001B187D48934300780902704380181B18F6
:108BB000302060439343AB33801893431B187748AE
:108BC00093431B1846206043934380181B18891851
:108BD00093435B18272100244D4393435D192A3E9C
:108BE00004ABF6185D8107AD2C803480FCF77EF96C
:108BF0003B005733187003930D3B1C807C64043397
:108C00001B8804A92B803B0050331B8804983380B9
:108C10003B0048331A88012392091A4009335B1834
:108C2000009502990196FFF78DFD7B6C1818039B48
:108C300078641D785A4BAD021D4205D0594B220075
:108C4000210001201B6898477023049A5A4313009F
:108C50000392554A9A1813889B059B0D1D433B00B0
:108C6000ADB2158055331C783023240122009A437D
:108C700005D000224B4B110001201B689847302182
:108C8000039B4A4A00269A1813888B431C4314807E
:108C9000702203243F4B19780B1D53430231643A71
:108CA0004A435433FF331219A3439B183A4AA34350
:108CB000117838224A4312199B18A343029AAB3306
:108CC0001201A3439B183A49039A9B089BB252187E
:108CD00013800E2304AA9B181A880136F6B2002AC4
:108CE0001BD13B0058331E70294B059A1B68786CCA
:108CF000995803002F4ABE335B00934200D2130001
:108D00000B612D49DAF77CF92C4A039B944601301C
:108D100080B26344188009B0F0BD3A005232157831
:108D2000019307AB00930A2365437519EDB204AABA
:108D30009B18290000220498FFF704FD70227B6C29
:108D40001818144B7864197828010B1D534302310D
:108D5000643A4A435433FF330332A3439B180E4A09
:108D6000A343117838224A4303329B18029A1449CC
:108D7000A343AB331201A3435218D2181188C3186E
:108D8000890B9B0889030B439BB213800295A0E7D4
:108D90009C0500000506000007060000030900000E
:108DA000FF03FFFF58060000864100505641005067
:108DB0009441005072020000710200008041005096
:108DC00000400050F8B5194B84001B680C26E4588D
:108DD000174B1F7870233D1D6B43032502377E43DD
:108DE0005433FF337619AB439B19124E68433778DF
:108DF00038267E43AB4376199B19AB43AB33AB4369
:108E0000C0B20D4D000140191818230050330588D9
:108E1000023B598052341A80ADB22078FFF7A2FE8F
:108E2000002D02D02800EEF7B1FEF8BD9C05000031
:108E3000050600000706000004400050F0B59B4BFB
:108E400082001B6885B0D45806000391002C00D125
:108E500025E101212000EDF77FFB2300250053339E
:108E60001B785235022B10D18220FF220021800076
:108E700009F006FC2B7803700023437009F024FCF2
:108E80003000FFF77DFA05B0F0BD2B7803255D4378
:108E9000A28CEDB2002A06D0E18C3000C9B2FFF7F7
:108EA00091FF0023A3847026814B032118780C23A3
:108EB000021D7243023058435432FF3240188A4335
:108EC000121838207B4F8A433B782D0143439C4640
:108ED0008C4462448A43784BAB328A43D21852198D
:108EE00013885B045B0C1380714B1A78131D73435A
:108EF0000232643E72435433FF3352188B439B1843
:108F00003A788B43504340181B188B436B4AAB3362
:108F10008B439B185B191B88DB0400D4A9E023005A
:108F200052331E78FBF7E2FF23005733020018701C
:108F30003F2307009A4305D00022614B1100012016
:108F40001B6898475A4B0C2118787023021D534315
:108F50000322023041435433FF33891893435B1893
:108F60005449934308783821414389185B18934347
:108F7000AB339343534A9B185D193F23288898438A
:108F800023000743BFB257332F801D784E4BAD02ED
:108F90001D4205D000224A4B110001201B68984752
:108FA00070277E43494BF61833889B059B0D1D4364
:108FB000ADB23580002603253D4B013619782300DC
:108FC00052331A78F6B26A43B218D2B2130101933F
:108FD0008A1C0B1D0C217B4351435433354AFF330C
:108FE0000331AB435B18117838224A43AB43033259
:108FF0009B18AB43304AAB33AB439B18019A9B1889
:109000001A885204520C1A80230058331B78013BF3
:109010009E422ED0230057331B7802933F23029A9F
:109020009A4305D00022264B110001201B68984767
:109030000C221F4B19780B1D7B4302314A435433DA
:10904000FF330332AB439B181A4AAB4311783822E3
:109050004A433F2103329B18AB431A4AAB33AB431D
:109060009B18019A9B181A888A4302990A431A800E
:10907000A2E7174B0399DA7C00290ED0A37DD31801
:10908000DBB2A3750F231A4080239B011A43A282EF
:1090900052342078FFF784F9F5E69B7CF1E7084B22
:1090A0002200210001201B689847ECE69C05000087
:1090B0000506000007060000004000500640005072
:1090C0005806000008400050FF03FFFF8641005093
:1090D0004419031870B50C00042A49D810000BF08D
:1090E000A7FE030807470B00C8B20021FFF7A6FE42
:1090F00070BDC8B20121F9E7204ACBB212689B00CB
:109100009D58002D2DD02E0053363378013B012B76
:1091100005D900221A4B110001201B689847012134
:109120002800EDF719FA33782E005236022B0FD1B2
:109130008220FF220021800009F0A2FA3378037018
:109140000023437009F0C0FAE0B2FFF719F9CFE746
:109150000C4AAB7DD27C9B18AB753078FFF720F9B9
:10916000C6E72A0029000120054B1B689847BFE786
:10917000034B210003201B68F8E7C0469C05000054
:10918000580600004419031870B501280AD00228B7
:1091900010D10D4B1C78013C64B2A5000B4B1B6831
:1091A000002C08DA084B00211A78084B9200186846
:1091B0000BF086FE70BD5859002801D009F022FC42
:1091C000013C64B2043DE9E7050600009C0500008F
:1091D000F0B5830085B0B24F0393039A3B680C242B
:1091E0009D182E6802900191002E00D029E13100D7
:1091F0005C2009F07DFB3B68039A28609D58002D98
:1092000000D145E15C22310028000BF059FEA54B4E
:10921000029A2B62A44B2E00AB61A44B56369B7C6A
:10922000A34CAB752B0052331A70019B5A882B004C
:1092300048331A80019B1B889B002B640A236B8791
:10924000019B9A7A2B0054331A70019BDB7A33709E
:10925000019B1B7B022B04D92200C1321278002A09
:1092600001D1013BDBB22A0055321370019B28006B
:10927000DA882B0050331A80019B00219A882B003A
:109280004E331A802F300522E7340BF019FE237875
:1092900000220393874B07279C4601200399D3B2F2
:1092A000994200D9D0E070240298FFF75BFC0622B7
:1092B0000020029B5C43804BE3181A807F4B804A5E
:1092C000E3181A8030567F4BE6187F4B7F2800D179
:1092D000C8E000219B69984780B230802A002F3275
:1092E00053781178794A1B020B43A21813802A0085
:1092F000313253781178764A1B020B43A21813803F
:109300002B00280033331A78724B0299E3181A8025
:109310002830FBF7ADFC704B1B6898472900020C06
:1093200083B2D2B22E31AB850A706C492E8D1B0AE6
:1093300061181B02C0B20E8018436949694B6E8DDB
:109340006118E3180E801880FF20674BE1180B8826
:1093500083431A430A800021644BE3181980644B4D
:10936000E31819802B0055331E7833010393302303
:1093700032019A438A4204D05E4B0A001B68FE38D1
:109380009847B7000C233A009A4305D00022594B66
:10939000110001201B689847032332009A4305D02F
:1093A0000022544B110001201B6898470120330113
:1093B0003B431E43504BE3181E80019B9F7A029B48
:1093C00007401E024D4B1E4204D00022494B1100A3
:1093D0001B6898473E432027494B3E43E3181E80B5
:1093E0000026484BE3181E80474BE3181E80474B6E
:1093F000E4182680FAF7B4FD454B1B7801331818A2
:10940000019B00011C892B6C6400E4181900000901
:109410002418D9F705FE254B641A2401AE60DE7CC2
:109420002409320080236C600F249B0122401343E7
:10943000AB822800ECF772FF002817D104005335E7
:109440002870200005B0F0BD63460400995C01322D
:10945000CB0839408C402100EB182F331C78214376
:1094600019701BE72D331B78338037E7AB7D2A6CEF
:10947000F318AB756B68013C9B181B011B09E4B228
:109480006B60002CD5D11B4B220021001B6803E030
:109490002A002900174B1B6801209847D1E7C046D6
:1094A0009C050000FD860218118402184419031857
:1094B000A0040000620500005041005068410050C7
:1094C00027A0FFFF6A4100502006000082410050A3
:1094D0008441005086410050140700005E41005056
:1094E000604100506241005064410050884100508A
:1094F0008A4100505806000056410050FFE0FFFF2F
:1095000052410050B2410050B4410050B6410050A9
:109510001C0600001E4B70B51B68060098471D4BCB
:10952000B2001B680500D0580C24002819D0020096
:1095300053321478002C03D0012C18D0002410E0F2
:109540002100EDF709F882200223FF22210080008C
:1095500009F096F80670447009F0B6F83000FEF78E
:109560000FFF0D4B28001B689847200070BD70232B
:109570005230017880204B43084980045B18A021B9
:109580001C80C9050B6803430B6002231370D5E7E9
:10959000E40500009C050000E80500008041005043
:1095A000F8B50600114B0D001B6814009847104BCE
:1095B000B2001B680700D158002911D00B005333AB
:1095C0001B78002B09D1220029003000FFF7FAFB9D
:1095D000084B38001B689847F8BDCD848C84F7E7AA
:1095E000054B0A0001201B689847F1E7E4050000DD
:1095F0009C050000E805000058060000F7B50400CF
:109600001D00154B0F001B6801929847134BA400D7
:109610001B680600E1580C24002915D04B680198FE
:109620003B600B004C331A8802800A003D321278EE
:10963000002A0FD01A884B8F9A420BD13431052261
:1096400028000BF021FC0024054B30001B689847D4
:109650002000FEBD2F31F2E7E40500009C0500006C
:10966000E8050000F7B504000193134B0E001B68DA
:1096700015009847114BA4001B680C27E458009074
:10968000002C12D021000422283130000BF0FCFB0A
:10969000210003222C3128000BF0F6FB21000522CB
:1096A00001982F310BF0F0FB0027054B00981B6849
:1096B00098473800FEBDC046E40500009C05000048
:1096C000E8050000F7B5114B04001B6801919847AD
:1096D0000F4BA4001B680600E4580C25002C0ED08C
:1096E00023003D331F78002F09D120000522019966
:1096F00034300BF0C9FB01233D003C342370054B93
:1097000030001B6898472800FEBDC046E4050000F5
:109710009C050000E8050000F7B504001F00214B80
:1097200000911B68019298471F4BA4001B6806001C
:10973000E4580C25002C2CD02300210055331B7835
:10974000009A28311370236C019A9B08138038000B
:1097500004220BF099FB210003222C3108980BF016
:1097600093FB6268099B0A991A6023004C331A889C
:109770000A8022003D3212782100002A0FD01A8878
:10978000638F9A420BD1343105220B980BF07CFB8E
:109790000025064B30001B6898472800FEBD2F317E
:1097A000F2E7C046E40500009C050000E805000063
:1097B00030B5040089B0002843D003002A331B7859
:1097C0002B30012B14D1224B1A68131E02D0537870
:1097D0005A1E934122002F321370702208250178FF
:1097E000DB004A431B4952181188A9430B431380DD
:1097F0006A46194B69460093636801250193A36883
:10980000029303786846137623002D331A78531E8B
:109810009A41022313436A46049323690393A37D69
:109820002C341375002353750C4A8D7692780B7780
:109830008A750F224B76CA75EDF77EF9257009B04F
:1098400030BD074B020001001B6801209847F6E776
:10985000A40500006641005011B302184419031812
:1098600058060000F7B505002F002623FF2200212F
:10987000124808F005FF2900114B2D371E683B7870
:1098800026229B009B593031019304000BF0FCFA17
:109890003A780123002A06D1019B84331B78033BCD
:1098A0005A1E93410133A21CD3770223A375737B05
:1098B0002000237508F008FFF7BDC0460102000034
:1098C000A0050000F7B50027404DBB0000932B68B2
:1098D000BA00D458002C3AD023002C3300931978C6
:1098E00000290AD12000ECF737FE23002A331B7829
:1098F000032B45D00323009A137026008436317859
:1099000000290FD12300583318000193ECF724FEEF
:10991000230082331B78032B02D10198FFF7A2FFAB
:1099200003233370009B1A78032A2DD13378032B3D
:109930003ED12B68BA00985809F064F800222B68D1
:10994000B9005A500121B9401A7B8A431A73012F7A
:1099500014D12B681C7B002C0FD1FF222100022385
:109960001B4808F08DFE2B685B7B0470437008F089
:10997000ABFE286809F046F82C60F7BD0127A3E785
:109980002000FFF76FFFB5E7012A11D1A021802049
:10999000C9050B68400403430B60230070212B337F
:1099A0001B784B430B495B181A80009B01321A70DD
:1099B0003278012ACBD17021833423784B43054977
:1099C0005B181A8002233370C1E7C046A00500006F
:1099D0000602000080410050F7B5041E37D0070092
:1099E00003002C373D782D331A78002D29D11B4BDD
:1099F00092001B68D658FAF7B3FA01902000FFF7DF
:109A000031FF03233B703700C4373A68019BC836E7
:109A10009B1A32881B011B095200934210D3104B32
:109A20005E78A37D9B19FF2B05DD0E4B2A002900D4
:109A300001201B689847A37DF618019BA6753B6023
:109A4000F7BD29000320074B1B689847F8E7054B33
:109A5000020001001B680120F7E7C046A0050000D6
:109A60004419031858060000F7B5041E44D003003B
:109A70002D331A78013B1E78002E37D1214B9200EE
:109A80001B682700D558FAF76BFA2A3701903B7804
:109A9000032B03D12000FFF7E5FE3E702E00C436F5
:109AA0003268019BC8359B1A2A881B011B0952008A
:109AB000934210D3144B5D78A37D5B19FF2B05DD1A
:109AC0000022124B110001201B689847A37DED185E
:109AD000019BA57533602000ECF720FC00280AD01C
:109AE00000221100094B1B68012003E03100032014
:109AF000064B1B689847F7BD044B020001001B682A
:109B0000F2E7C046A00500004419031858060000FB
:109B10000122F0B543109BB0129313400693B24B51
:109B200010401B688200D2580E9004925A7B032387
:109B300058275343DBB21493069B5F433A00049BC0
:109B400030329B180B93049B04329B180A93049B9E
:109B500006329B181393049BDF193B002B331878B4
:109B6000FAF7A6F9A14A002824D170230C21107815
:109B7000021D53430322023041435433FF338918FB
:109B800093435B189A4993430878382141438918D5
:109B90005B189343AB339343149A964912015218BE
:109BA0009B181A88D20B03D01A885204520C1A80C0
:109BB0001BB0F0BD904B1078C0331B78011D08938B
:109BC0001C23089A02305A4303920C2254334B430D
:109BD000032142435433FF3352188B439B18844A6A
:109BE0008B4310783822424352189B18039A8B43B8
:109BF0009B18824A824D9A18128892B20292FA8C6D
:109C0000AA4202D9FAF7E6F8A7E77E4A9A1812881C
:109C100091B216000D912D210E400A42F2D1390069
:109C20000F242E310A7801320A70774A9B181B885C
:109C30001C401B0703D4FD22E31E134205D1002262
:109C4000724B110001201B689847062C00D9E5E0F3
:109C50000622029918A807F091FD042C10D10622C3
:109C60000A9918A80BF002F9002809D03B00FF253B
:109C700046331D70002305930993009301958FE0EF
:109C80003D0045352B78262200210B9800930BF0E0
:109C900017F95F4B5C4A1B5D2B70039B9918534B64
:109CA000042C24D1009A122A01D108322A701C787F
:109CB00070230C20221D534303220234604354338B
:109CC000FF33801893431B18494893430478382086
:109CD000604380181B1893435B181A88120A052AE0
:109CE00028D84A4B02201B68089998478AE7012C1C
:109CF000DDD11D7870230C202A1D53430322023529
:109D000068435433FF33801893431B1838489343F8
:109D100005783820684380181B1893435B181B880C
:109D2000DB091C403B0048331C700023059309935A
:109D3000063305E0063AD3B20593062309930023C0
:109D40003A000093002346321370043A1370D37123
:109D50003B00304A4A331A80244B0C201C78702375
:109D6000221D53430322023460435433FF338018CF
:109D700093431B181E48934304783820604380188F
:109D80001B18934359180D880A986D06EB0F019321
:109D90003B00019A47331A700299062207F0EEFC45
:109DA0003B0046331B78FF2B17D03B0010220D9C45
:109DB0000D9945331B781440114201D100F0D6FEB5
:109DC0005A0706D5084A1268527D012A01D900F0C7
:109DD000CDFE3B00FF2246331A700F4B0022FB845E
:109DE0003B002A331A700DE7A005000005060000AD
:109DF0000706000000400050A0040000144000507E
:109E00007206000002400050044000505806000056
:109E100084BD0218047F000073060000DA4B0C2298
:109E200018787023011D4B43032102304243543301
:109E3000FF3352188B439B18D44A8B431078382237
:109E4000424352189B18039A8B439B18D04A3C31CB
:109E50009A1812880A400092CE4A9B181B88009AD2
:109E60001B0A934205D80022CB4B110001201B682E
:109E7000984700230993009B002B02D0013BDBB2E3
:109E80000993C14B0C2218787023011D4B43032109
:109E9000023042435433FF3352188B439B18BB4A62
:109EA0008B4310783822424352189B18039A8B43F5
:109EB0009B18B84A00989A181188090A0139091A9A
:109EC000C9B20591390000202931087000998142FA
:109ED00003D0AF4959180E88B6B2582106984143AD
:109EE000049841182A3109780791032901D900F013
:109EF0002DFE08000AF0B0FF0400580185045F053C
:109F0000002126220B980AF0DBFF3B0000212833BA
:109F1000F9841970069B8B4204D09F4B0A000120E4
:109F20001B6898473B00012246331A70049B0C20A3
:109F3000CD3319783B0049331970934B1C7870234B
:109F4000221D53430322023460435433FF338018ED
:109F500093431B188D48934304783820604380183E
:109F60001B18039893431B18894818180588AD09D6
:109F70001540012D05D13800453002782A43027082
:109F800001E0022DF7D03A00002042321070009A12
:109F9000824200D1F0E0802234005200FF301440B1
:109FA0000190164213D0002D00D0A0E0002902D06D
:109FB000F20400D59BE0774A02999B181B88062281
:109FC0005B06DB0F0A980193062407F0D7FB079B7B
:109FD0000093B30533D5002D00D08EE0049BCD3324
:109FE0001B78002B02D0F30400D586E03A0004234E
:109FF000453211780B431370634B0C221878702391
:10A00000011D4B430321023042435433FF335218A6
:10A010008B439B185D4A8B43107838224243521879
:10A020009B188B43039A5B4952189B183A001B8874
:10A0300048321B06DB0F1370E3B20093063473053E
:10A04000DB0FE41833050BD5029B181980B207F01B
:10A05000A7FB0122BB1CB884D88740331A70023496
:10A06000802332005B011A400C921E4270D0029B8A
:10A070000322191989B218A807F080FB424B0C2261
:10A0800018787023011D4B4303210230424354339F
:10A09000FF3352188B439B183C4A8B43107838226D
:10A0A000424352189B188B43039A3C4952189B1801
:10A0B0001B881B0525D4189A069913025B0F0029EB
:10A0C00001D000F041FE022B0CD8049B84331B7896
:10A0D000032B07D104980899B030FAF70DFE01223E
:10A0E00000280FD13B00FF2246331A7058E62C4B54
:10A0F00006241E40FF23019369E72A4B1E40079B5D
:10A100009BE702223B0029331A703B0001222A33CD
:10A110001A700334B30400D51234730427D5049B9A
:10A12000CD331B78002B04D0002D0AD10C9B002BC3
:10A1300007D1029B1C19A0B207F044FB3B004B3334
:10A1400018703B00019A47331A70079B059327E666
:10A150003B0047331B78FF3B5A4253413A005B4276
:10A16000463213703B0004224A331A70D2E73B0098
:10A170007F224B331A70E4E73B00009A46331A7093
:10A18000FF230193DDE7C046050600000706000037
:10A190001240005004400050580600000240005099
:10A1A000FFFEFFFFFFFDFFFF0599F984CB495B1818
:10A1B00019883B00890B4A331970009B002B00D192
:10A1C00016E3C74B31001D6880235B0019401E4217
:10A1D00000D18FE0390047310B78FF2B00D083E0AE
:10A1E00013880A985B06DB0F0B7006220299019315
:10A1F00007F0C4FABB4B1B685B7D012B04D006241F
:10A20000032B23D1B30521D4B74B0C22187870232C
:10A21000011D4B430321023042435433FF33521894
:10A220008B439B18B14A8B43107838224243521813
:10A230009B188B43039AAE49062452189B181B881F
:10A240009B0503D43B00FF2246331A700023009382
:10A25000B3052AD53A0045321178042963D0042386
:10A260000B431370A04B0C2218787023011D4B4335
:10A270000321023042435433FF3352188B439B185F
:10A280009A4A8B4310783822424352189B188B43CA
:10A29000039A984952189B183A001B8848321B06AB
:10A2A000DB0F1370E3B2009306347305DB0FE41881
:10A2B000330500D416E7029B181980B207F070FA34
:10A2C000BB8C834232D16B1E9D41EDB23900A31C81
:10A2D0000793802346310A785B013340FF2A2BD154
:10A2E000002B00D180E068E00624834B1E40FF2352
:10A2F0000193ABE702227B4B0C001B685B7D934311
:10A30000FD320192012BA1D13B0047331B78019311
:10A310009342ECD1A023DB051B685B0596D53B007F
:10A32000019A463391E7754B1E40BDE73B00FF2283
:10A33000463300251A70C9E7002B45D0029AA31CAA
:10A340009446634499B2032218A807F017FA664BA3
:10A350000C2218787023011D4B4303210230424325
:10A360005433FF3352188B439B18604A8B43107849
:10A370003822424352189B188B43039A5C49521867
:10A380009B181B881B051BD4069B002B04D1049B28
:10A3900084331B78032B08D10498189A0899B0309D
:10A3A000FAF7AAFC012200280BD13B000222463317
:10A3B0001A703B0003222A331A70631D079313E0BF
:10A3C00002223B002933F3E73A004532107802229B
:10A3D000104200D17CE00498CC300078012877D17D
:10A3E0000B703B002A331A70B30400D4D4E1002D63
:10A3F00063D0BB1CDB8F3C221B0B0F936B469B185F
:10A400001B7816AA0C933B0047331B7810937B6B89
:10A4100016933B8F9380324B1D68324B6A781B68D2
:10A420000892012A70D10E9A08999200D358129A74
:10A430000A4058214A439B182F331B78002B3CD0ED
:10A4400070240322284B1B78181D44435434FF34D6
:10A45000944311940C240233634311999B185B18A5
:10A460002249934308783821414389185B18934364
:10A47000039A9B181E4A9A181288D2051DD5204AA5
:10A4800016A99B181B8806229BB2281D15930AF05B
:10A49000FBFC109B119AEB70159B2100981AD8F7C2
:10A4A000AFFD184BC0B21B684000C45A0F9B1C4143
:10A4B000089B1C40002C00D08AE0029B981C079B44
:10A4C000C01880B207F06CF93B004E33188060E191
:10A4D0003B00002246331A701C3B84E706400050C4
:10A4E000A4050000A0050000050600000706000006
:10A4F0000240005004400050FFFEFFFFFFFDFFFF41
:10A500000E400050980400009B7D002B00D153E1C9
:10A5100070220C21D84B1B781C1D544302334B4333
:10A5200054346D3AFF349B189443E418D34B2C31C8
:10A530001B7894434B439B181B199343D049039AB0
:10A5400052189B181A88002A00D135E11888382142
:10A55000001BD8F755FD3823C1B259431A3461188E
:10A560000500062289B218A807F008F970210C200E
:10A57000C14BEDB21A78131D4B43023242435433A0
:10A580006D39FF3352188B439B18BE4A8B439B187F
:10A5900038226A439B18BC4A1B8814680239E27847
:10A5A0000B409A4289D1251D0622290018A80AF0DD
:10A5B0005DFC002800D080E7A3780C9A934200D07D
:10A5C0007BE70622280016A90AF05EFC0123E3704F
:10A5D00000213023FF22AD4808F052F8029B079A71
:10A5E00004009D18ABB21800089307F0D9F80122B7
:10A5F000431313402371C004089BC00C6080981C57
:10A6000080B207F0CDF8E0802000089B0522191DDC
:10A6100089B2083007F0B2F8237B20005A09627330
:10A620001F22089913400931237389B20E301B3A57
:10A6300007F0A4F82000089903220D3189B21230E6
:10A6400007F09CF80898103080B207F0A9F86388EA
:10A65000E082002B00D17DE3E388052B00D87DE369
:10A66000894B0C221B681B782370834B187870234E
:10A67000011D4B430321023042435433FF33521830
:10A680008B439B187D4A8B431078382242435218E3
:10A690009B18039A8B439B187D4A9A181288920B39
:10A6A000A2777C4A9B181B889DB21B0B05D0002209
:10A6B000794B110001201B6898476F4B0C221878CA
:10A6C0007023011D4B430321023042435433FF33B7
:10A6D00052188B439B18694A8B43107838224243A7
:10A6E00052189B18039A8B439B186C4A2D049A1896
:10A6F0001288A17F1543A5619C25694A49009B18D2
:10A700001A88684B9205CB5A920D5B009B189BB23E
:10A71000AD00654AED1A2DB2934205D900225E4B79
:10A72000110001201B689847ABB2002D57DBA383B3
:10A73000514B0C2218787023011D4B43032102302A
:10A7400042435433FF3352188B439B184B4A8B437D
:10A75000107838224243200052189B188B43039AEA
:10A760004749494D52189B181B88296823840C9B24
:10A770002330E377CA78E31CDA77043106220AF043
:10A7800083FB200007F0A0FF286808F03BF90023B6
:10A790002B60079B12330793730401D4FFF700FB70
:10A7A000029A079B9446634498B207F00BF83B006B
:10A7B0004B331870FFF7F4FAEB78109A00249342A9
:10A7C0000BD10622291D16A80AF050FBA04204D185
:10A7D0000C9BAC78E41A63425C41E4B26AE6334A0B
:10A7E0009B181DB2A369013B1B011B09A3619BE7D9
:10A7F0003B00FF254633009A1D701C3B1A70FFF783
:10A800003DFA05993800F9843C0001214630017079
:10A81000453421788C4608216546294321700099EA
:10A82000002900D1C0E08021340049000C400E42D4
:10A8300042D01288FF3992090A4001923A000199E8
:10A84000473211701A4A1268527D012A04D0062438
:10A85000032A33D1B20533D4164A9B181A888023B1
:10A8600011009B0019401A4240D13B00FF224633A1
:10A870001A700091FFF794FA050600000706000021
:10A880001040005000400050A405000003020000EA
:10A89000064000500A400050580600000840005092
:10A8A0000C400050880500005107000071020000B4
:10A8B000A005000002400050FF230193B30500D51E
:10A8C00006347305DB0FE418330512D5029B181903
:10A8D00080B206F065FFBB8C834209D03B00FF22AB
:10A8E00046331A7000230093FFF75AFA0624E5E76F
:10A8F0000234802233005201134016424ED0029B94
:10A900000322191989B218A806F038FF934B0C22BC
:10A9100018787023011D4B43032102304243543306
:10A92000FF3352188B439B188D4A8B431078382283
:10A93000424352189B188B43039A8A4952189B181A
:10A940001B881B0526D4069B002B04D1049B843353
:10A950001B78032B08D10498189A0899B030FAF79D
:10A96000CBF90122002816D13B00022246331A708F
:10A970003B0003222A331A70A418B30400D5123402
:10A9800000230093730401D4FFF70AFA029B1C19F9
:10A99000A0B20AE702223B002933E8E73A00463238
:10A9A00013701C3A1370E8E7009B03703B00009A99
:10A9B0002A331A7019E0FA8C059BD21891B23A002A
:10A9C000F9842832137801331370A94211D93B005E
:10A9D000022246331A70059A7232521AD3B2059384
:10A9E0003B0000212A3319700091FF230193FFF7E8
:10A9F000D7F9009B002B00D19CE00024F30500D583
:10AA00000634B30500D506347305DB0FE4183305AF
:10AA100075D5029B181980B206F0C2FEBB8C83422A
:10AA20000BD03B00022246331A7000221C3B1A70E6
:10AA3000130005920093FF33D8E7023480223300DD
:10AA40005201134016426FD0029B0322191989B29A
:10AA500018A806F093FE414B0C2218787023011DB4
:10AA60004B430321023042435433FF3352188B438C
:10AA70009B183B4A8B4310783822424352189B184C
:10AA80008B43039A374952189B181B881B0547D4E0
:10AA9000069B002B04D1049B84331B78032B0DD120
:10AAA0003B0028331B78062B08D80498189A08997D
:10AAB000B030FAF721F90122002832D13B000222FE
:10AAC00046331A703B0003222A331A70A418B304C9
:10AAD00000D5123480233100FF22DB0119400091A0
:10AAE00001921E4201D1FFF75BF9029B1C19A0B233
:10AAF00006F068FE3B004B33187000239AE73B00DA
:10AB000045331A7808231100194000911A4295D153
:10AB10003B00022246331A701C3B1970059164E712
:10AB200002223B002933CCE73A00463213701C3A2C
:10AB30001370CCE73B00082245331B7813405A4280
:10AB400053413A005B00463213702FE70022064B58
:10AB5000110001201B689847CFE7C046050600009A
:10AB6000070600000240005058060000152B01D0D7
:10AB7000B3053BD5029A009B9446634499B20622E2
:10AB8000139806F0FBFD784B0C2218787023011DFA
:10AB90004B430321023042435433FF3352188B435B
:10ABA0009B18724A8B4310783822424352189B18E4
:10ABB0008B43039A6E49521839009B181A88313119
:10ABC0005206D20F0A701B885B060FD43B00483335
:10ABD0001B78002B01D1FFF7FCF83B003F223F33ED
:10ABE0001B789343C02B01D1FFF7F3F8019BFF2B98
:10ABF00026D00D9B1A063B00D20F30331A705A4BE9
:10AC00000C2218787023011D4B430321023042436C
:10AC10005433FF3352188B439B18544A8B4310789C
:10AC20003822424352189B188B43039A51495218B9
:10AC30009B181B887B86631E9C413B0043331C7022
:10AC40003B002A331B78012B75D02623FF220021DD
:10AC5000494807F015FD444B0400187870230C2276
:10AC6000011D4B430321023042435433FF3352183A
:10AC70008B439B183D4A8B4310783822424352182D
:10AC80009B188B433D49039A8C4662449B18188855
:10AC90003B4BC0B2DB6998473B004C331870069BB6
:10ACA000002B06D1049B84331B78033B5A1E93412F
:10ACB00001333A0051321370200026220B990AF01A
:10ACC000E3F8059A631CDA77002A2DD0029B002B4B
:10ACD00005D12C4B029A012011001B689847029B5A
:10ACE000099A6384631DDA771F4B0C22187870234E
:10ACF000011D4B430321023042435433FF335218AA
:10AD00008B439B18194A8B431078382242435218C0
:10AD10009B181D4A8B43C03211781C224A431B49A1
:10AD200052189A1800231380194B20001B685B7B74
:10AD3000237507F0C9FC3B0046331B78FF2B01D07D
:10AD4000FEF760FFFFF749F8022B01D9FFF7CAF9B8
:10AD5000FFF7C0F93B00E2884E331A8020000C3820
:10AD600007F0E4FC15E5C0460506000007060000F4
:10AD70000240005010400050010200000640005008
:10AD80002006000058060000A004000014400050F7
:10AD9000A0050000F0B5304B8BB009921A68050091
:10ADA0000891002A00D1A7E2012603003340059351
:10ADB0009B009B580193002B00D19DE2431058202B
:10ADC0003340029343430493049A019B00219C184F
:10ADD000230027002C331A782B371970022A25D02C
:10ADE00031002000EBF7B8FB23002B331A787023D7
:10ADF00053431A4A9B181A88920A17003740324266
:10AE000030D01A8816490A401A8023002A331B784A
:10AE1000032B02D12000FEF725FD5824029B5C4342
:10AE2000019B1C192B340CE0F8F7D4FF3878F9F7A4
:10AE30003FF80028F8D1FEF745FD0BB0F0BDF8F75C
:10AE4000C9FF2078F9F734F80028F8D1029B002BCD
:10AE500000D156E14BE2C046A00500006A41005017
:10AE6000FFFBFFFF2800FEF753FE230029331B786A
:10AE7000022B06D022002E321278002A0ED1012B8E
:10AE80000CD15823029A01275343019AD3182A332D
:10AE90001B78032B02D12000FEF7E4FC5823029A12
:10AEA0005343019AD3181A002A321278022ACDD0BD
:10AEB000002FCBD129331B78012B00D01DE1E04BB3
:10AEC0001B680393059B039A9B009C58029B2500DB
:10AED0005835002B24D12300283399781A785A3317
:10AEE0001970636A2100E3672300200080331A7021
:10AEF00030312622883009F0C7FF23002B331A781F
:10AF00002100702383315A430978CE484B431218ED
:10AF100012881B1892B21A802300029A84331A7086
:10AF20002300B0331B68C84AE3652300B4331B68B1
:10AF3000029923662300BD331B785B009B5A2200D5
:10AF4000B83212689B185B007D33FF33A366582329
:10AF500022004B43E318997DBC4B58329B788B42BF
:10AF600000D20B0093752800EBF7D8F92300011EDF
:10AF700000D059E1B8331B680493230083331E7853
:10AF80003A331D7830232F013A009A4304D0B04B56
:10AF900002001B6801209847702330215E43AD4BAF
:10AFA0006D00F21813888B431F4317809C22920078
:10AFB0009446049BA84963440693A34BA74FE85AC1
:10AFC000069B0725C018D8F71BF8A54BC0B2F3188D
:10AFD000188023005833DB8CFF1A230080331B7842
:10AFE000BFB2ED1AEDB29F4BED021D4205D000221B
:10AFF000974B110001201B689847FB0A05D00022DF
:10B00000934B110001201B689847974B3D43ADB20D
:10B01000F3181D80954B049AF5188023DB019A42A2
:10B0200000D2EFE08C490698D7F7EAFF8023C0B240
:10B030001B02184328802300BC331D788C4BAD02C3
:10B040001D4205D00022824B110001201B68984749
:10B05000884BF21813889B059B0D1D43864BADB2A0
:10B06000F3180693854B1580F3180493230082335D
:10B070001B780022012B00D0CDE021009F31097800
:10B08000FF2900D0C4E0039A557D977D22008732C6
:10B0900012780792039A167D76081E400396002FB9
:10B0A00000D003933F0110233A002D029A4305D0AC
:10B0B0000022674B110001201B689847079B3D4306
:10B0C000B600DF003543039B3D431D43069B1D80B7
:10B0D0002300CC331B781F21013B5A425341049A71
:10B0E0000A3312888A431343049A138023000122EF
:10B0F00081331A70002386342370029B002B00D00A
:10B10000EFE00027019B29331F70019B2A331F703A
:10B110004B4B1D68059B9B005C5923002B331B7810
:10B1200026000293F8F71CFF089AC036831A1B0109
:10B130001B093268013301905B08934200D3B1E0F0
:10B14000D31A33604E4B326899884E4B53438B422F
:10B1500000D90B0080212361AB6849058B4207D2DF
:10B160006168CB1A48491B011B098B4200D862E673
:10B17000099B002B06D1354B61681B78A375230012
:10B18000C4331960230000212933197070230299F8
:10B1900090B24B43324959180880344958188021DD
:10B1A000C9018A4200D3394A39490A43002192B27F
:10B1B0000280244A9A1811802B4A36499A18118025
:10B1C0002A7D920714D5EA7BA97B12020A433249F1
:10B1D00059180A806A7C297C12020A432F4959189F
:10B1E0000A80EA7CA97C12020A432D495B181A8066
:10B1F0002000EBF793F800286CD123002E33187051
:10B20000E0841AE6049B01335B089BB22B8012E7B3
:10B21000069B1A805CE7069B1A801F22049B1B88F2
:10B2200093431A000A235EE782331B78032B03D172
:10B23000049BE018FEF716FB032384345CE7C0464A
:10B24000A0050000A64100508CBD02184419031847
:10B2500058060000564100507102000072060000BE
:10B2600080410050FF07FFFF884100506E410050B1
:10B27000FF03FFFF864100506641005050410050DF
:10B2800048030000E2040000FEFFFF07FF3F00004C
:10B290000080FFFF723E0000584100505A410050AC
:10B2A0005C4100503800ECF71DF9164B186823007C
:10B2B000CA33421C09D12200C83210881A88801A69
:10B2C000019A40008018104A104000226060A2607D
:10B2D0001B8836E70022012011000C4B1B689847A1
:10B2E000ABE5019B81331B78002B00D0A5E5032241
:10B2F000019B84331A70A0E5044B290003201B68CE
:10B30000EDE7C04648030000FEFFFF0F58060000AF
:10B31000F7B506000C001500032903D9494B03209B
:10B320001B689847042D00D985E0280009F080FDAE
:10B3300003090C831A000022E0B23100FFF72AFD56
:10B34000F7BD0122E0B2F8E73F4B1B68002B6DD040
:10B350000121E0B20C40A400E358002B66D0FEF7B8
:10B36000D7FBEDE7384B1A68002A5FD0012723008E
:10B370003B409B009D58002D58D0FC4058263C4037
:10B380006643AE19F8F7ECFD330000212C331A7830
:10B3900001901970022A02D1FEF794FAD0E7390021
:10B3A000370030002A37EBF7D7F83B78032B04D16E
:10B3B0003000FEF757FA00233B702B00C433019A8C
:10B3C0001B68D31A2A00C83212881B011B095200BD
:10B3D000934218D31D4B5F7858236343EB189B7D32
:10B3E000DB19FF2B05DD0022164B110001201B6825
:10B3F000984758236343EB189A7DBF189F752B001D
:10B40000019AC4331A60002C0CD13000EAF786FF91
:10B41000002800D194E7220021000A4B1B6801207C
:10B4200098478DE7032384352B7089E70022054B6D
:10B4300011001B68F3E7034B2A00210003201B685F
:10B44000EEE7C04658060000A005000044190318A6
:10B4500030B5040089B000283DD0224B1A68131E75
:10B4600002D053785A1E934122002F321370043AAF
:10B4700010787022082542431B49DB0052181188BE
:10B48000A9430B431380194B002500936368019374
:10B49000A36802936B46187623002D331B78684609
:10B4A0005A1E93416A46049323690393A37D5575FD
:10B4B00013750F4B95769B78157793750F235576FB
:10B4C000D375EBF739FB2800ECF700F801232C3497
:10B4D000237009B030BD074B020001001B6801203A
:10B4E0009847F6E7A40500006641005011B3021822
:10B4F000441903185806000010B501281ED0022870
:10B500001BD1114C2068002803D007F07BFA0023E0
:10B5100023600E4C2368002B0FD01868002801D040
:10B5200007F070FA23685868002801D007F06AFA1B
:10B53000206807F067FA0023236010BD0023034A48
:10B540001360014A1360F8E7A4050000A00500009D
:10B55000F7B5164E0C2033680025002B01D1FEBD37
:10B5600001253268AB009C58002C1AD023002C33E4
:10B570001F78002F15D1F8F7F3FC80226368019043
:10B580001B1A1B011B09120593420AD83C2B08DD2C
:10B5900039002000EAF7E0FF019B20006360EAF732
:10B5A000BDFE012DDCD10020D9E7C046A00500007A
:10B5B000F0B5E64C8DB026680C2701900091002E66
:10B5C00000D0E1E13100182007F092F9051E20605B
:10B5D00000D1FDE2F8F7C4FC0323019A0390534322
:10B5E0003100DBB218222068099309F069FC009B46
:10B5F0000B3FDB7902963B4252D03100D02007F05E
:10B6000077F9041E286000D1C1E13100D02209F091
:10B6100057FCCF4BCF4E2362CF4BA3613378A3753A
:10B62000009B9A89CD4B9988CD4B53438B4200D9CF
:10B630000B0023610F21C0237078DB010840034316
:10B64000A382C84B2000A367C74B58302367F37809
:10B65000194080239B010B43838223000099C83348
:10B6600009895A8019802100009BCC311B7C0C3940
:10B670000B730A60220001992B3211702100BB4A22
:10B6800083311278843402320A700322013B227023
:10B690005A425341DBB2029301232A7B13432B739B
:10B6A000009BDB795B0759D50021D02007F020F9FA
:10B6B000041E686000D171E1D022002109F000FC75
:10B6C000A34BA44E2362A44BA3613378A375009BC4
:10B6D000DA89A24B9988A24B53438B4200D90B00C5
:10B6E00023610F21C0237078DB0108400343A3824C
:10B6F0009C4B2000A3679C4B58302367F37819407C
:10B7000080239B010B43838223000099C83349891E
:10B710000320198021005A80009BCC315B7C0C39BE
:10B720000B7348730A60220001212D321170210031
:10B730008E4A2B3112788434101808700132583137
:10B740000A700422013BFF3222805A425341029A7E
:10B750001A43022302922A7B13432B7328000622EA
:10B7600000990E3009F090FB009B9B7C2B75009B91
:10B770009B79EB75009BDB7C6B75019B6B73009B6E
:10B780001B7DAB75009BDB8A002B00D10DE1039A7A
:10B790005B019B181B011B09AB60099B05951B01F5
:10B7A0000B932B00083308930495049B1B680193AB
:10B7B000002B00D0FCE0049B04330493049A089B04
:10B7C0009342F2D1029B002B00D195E0099B0C24FF
:10B7D0001B010093009A664B944663449C46702379
:10B7E0000321624E634D30782F78021D5A43023098
:10B7F00060435432FF3240188A4312180F20383BFE
:10B800005F438A437F18D2198A43AB328A4362442A
:10B810001788019387430F431780377861303A1DAB
:10B820004243023767435432FF327F188A43D219AA
:10B830002F788A435F437F18D21900984E4F8A436E
:10B84000AB32C7198A43D219002770201780377886
:10B850003A1D4243023767435432FF327F188A430E
:10B86000D2192F788A435F437F18D2198A43AB32AB
:10B870008A43624417883833F8B2C0273F01074330
:10B880000098178007003D4832788446101D5843C1
:10B89000674484465420FF3084446046884384468D
:10B8A00002322878383B6243584352186244844637
:10B8B0008A438C4462448A43AB328A43D21910884B
:10B8C0003833800B8003108038203278161D734384
:10B8D000023262435433FF3352188B439B182A7849
:10B8E0008B43504340181B188B43AB338B43DF19FA
:10B8F0003B885B045B0C3B80214B224A1A60059B12
:10B900001C68002C18D0039B039A63602300C43387
:10B9100020001A60EAF702FD002800D051E1230060
:10B92000293318705871E084CA342088039B400082
:10B93000C018000103090393059B04330593059A7E
:10B94000089B9342DBD100271EE0C046A005000003
:10B95000699A02184419031851B4021848030000E8
:10B96000E2040000D9990218B197021805060000F8
:10B970000240005007060000044000500040005004
:10B98000240100500100010038000DB0F0BD029A02
:10B99000934B110038001B68984781E6904B0200DA
:10B9A00001001B6801209847D8E601235B42F3E6BB
:10B9B0000022019B07922A331A70019B2B330693B6
:10B9C0007024069B874A1B785C439C46864BE31891
:10B9D0001A80864B864AE3181A80864B864AE318FB
:10B9E0001A80FF22854BE1180B8893431A005523D8
:10B9F000134300220B80824BE3181A80814B1B6893
:10BA00001A1E02D05A78531E9A410120019B2F33EF
:10BA10001A706B7D0A93009B9E7C1F7DAB7D710825
:10BA20000140002B03D1287D0133400818400A9BB8
:10BA30003F01890039431B021943D20011430843D7
:10BA40000021714B714AE3181880714B0127E318EC
:10BA50001A80704B3740E31819800A936E4BE31835
:10BA6000198063461E026D4B1E4204D05C4B0A00D7
:10BA700001201B6898473E432027694B3E43E3184B
:10BA80001E80009B1A785B781B021343654AA2183C
:10BA90001380009B9A78DB781B021343624AA2183A
:10BAA0001380009B1A795B791B0213435F4AA2182B
:10BAB00013805F4B2D331A785E4BE3181A805E4B70
:10BAC000EA7DE118019BCC331B78012B75D15B4BD0
:10BAD0001D3F18787023061D7343861C0C2070438D
:10BAE0005433FF33C019BB431B185548BB4306787A
:10BAF00038207043C0191B18BB430B98AB33BB43B2
:10BB00001B189B089BB20B800B23002A00D1023B21
:10BB100000214C4A0A98A21811804B4A9BB202801D
:10BB20004A4AA2181380019BCD331F780C23BE0014
:10BB300032009A438A4204D0294B0A0001201B6834
:10BB400098473B000322934305D00022244B110069
:10BB500001201B6898473E4380273D4B7F01E31837
:10BB60003E431E80079B002B11D1019B394AC033F5
:10BB70001B68A21899B211808021374AC901A21806
:10BB80008B4200D3354B36490B439BB213807F2148
:10BB9000344BE21813888B4313800122324BE41894
:10BBA000238893432380069B58330693079B934235
:10BBB00000D100E60123079302E700230B800A333C
:10BBC000A3E70022064B110001201B689847B3E64B
:10BBD000034B020001001B6801209847D4E6C046D1
:10BBE00058060000D6BEFFFF5E4100506041005085
:10BBF000898EFFFF6241005055550000644100509E
:10BC0000A6410050A4050000664100502780FFFFB8
:10BC100068410050884100508A410050FFE0FFFF1A
:10BC200052410050584100505A4100505C41005070
:10BC3000200600006A4100507441005005060000D3
:10BC40000706000094410050723E00005041005031
:10BC500056410050804100506E410050FF3F0000AF
:10BC60000080FFFF764100506C410050094B70B5D9
:10BC70001B689847084B04001B680C25002B02D05A
:10BC8000FDF720FE0025054B20001B689847280083
:10BC900070BDC046E4050000A0050000E8050000F6
:10BCA000104B70B51D68040016000C20002D13D039
:10BCB000002C12D0F8F754F9640124182401240947
:10BCC000AC60002E05D02800062231000E3009F0AD
:10BCD000DBF8FFF73DFC002070BD01235B42AB6049
:10BCE000EFE7C046A0050000F7B5154F01933B688C
:10BCF00006000D000092002B05D00022114B110010
:10BD000001201B689847104B1B68984700210400CE
:10BD10000A2006F0EDFD089B386006704570002B88
:10BD200008D0009B06228370019B0899C3700430E1
:10BD300009F0AAF8054B20001B6898470020FEBDBB
:10BD4000A405000058060000E4050000E805000016
:10BD5000094B70B51B689847084E050030680C24E5
:10BD6000002803D0002406F04DFE3460044B280068
:10BD70001B689847200070BDE4050000A405000082
:10BD8000E8050000131510001B001200740ADC0502
:10BD90005C4C461710B504008120FF2200211423BB
:10BDA000800006F06DFC7F234372044B04704381D6
:10BDB0000023037306F088FC10BDC0467F0200001C
:10BDC000F8B50D4E8500336804005B590F00002B59
:10BDD00010D0FF2202230021084806F051FC047015
:10BDE000477006F071FC3368585906F00BFE0022CC
:10BDF00033685A51F8BDC046A8050000050200008E
:10BE0000F0B50B4B82001B688BB0D4580690069897
:10BE1000F8F74EF8002801D10BB0F0BD23005433E1
:10BE20001B88044A934207D9F7F7D4FFEFE7C046CF
:10BE3000A805000072060000230064331B7803216C
:10BE40000293DC4BC0331B780393DB4B039A1878C7
:10BE50001C23534370220093031D53430230643A62
:10BE600042435433FF3352188B439B18D34A8B43BE
:10BE700010783822424352189B18009A8B439B1823
:10BE8000CF4A9A181788029ABFB2002A56D10120C9
:10BE9000074253D1CB4A9B181B889DB21B0B04D081
:10BEA000C94B029A1B681100984770220321C24BAC
:10BEB0002D041878031D53430230643A424354332F
:10BEC000FF3352188B439B18BC4A8B43107838229F
:10BED000424352189B18009A8B439B18BB4ABC499B
:10BEE0009A1812881543BB4A9B181A8823005A33A4
:10BEF0001B7892055B00595A9C2349009B00920DC8
:10BF00005B1A9B1AB44A1EB29B18B44A9BB2934266
:10BF100005D90022AC4B110001201B6898472B006B
:10BF2000002E00DAE1E163642300220048331E8022
:10BF300000235032A5631380938093713D23390011
:10BF400019401F4200D06FE770220C209A4B1D78D9
:10BF50002B1D53430235684354336D3AFF33801829
:10BF600093431B18954893430578382068438018FD
:10BF70001B1893439A48009A12189B180F221B888B
:10BF80001340072B04D0904B0A0001201B689847F0
:10BF90002200636C6532E363137801331370029BF4
:10BFA000002B03D00F3A1378013313707022032152
:10BFB000814B3F271878031D53430230643A4243B4
:10BFC0005433FF3352188B439B187C4A8B431078B1
:10BFD0003822424352189B18009A8B439B18814A7F
:10BFE0009A18128892B204927F4A9A1811887C4A51
:10BFF0000F409B181B881B0ABB4205D80022724BBE
:10C00000110001201B689847702203216A4B1878A1
:10C01000031D53430230643A42435433FF335218F2
:10C020008B439B18654A8B43107838224243521841
:10C030009B18009A8B439B18694A9A18128892B2EF
:10C040000792694A9B181E88B6B2002F00D165E19D
:10C050000025F30500D50635B30500D50635FF23C9
:10C060000193730508D5049B581980B205F0AAFB0B
:10C070008009C3B201930135230059331B78002B8B
:10C080001AD1230066331B78DA0702D5019A002AF9
:10C090000ED09A0702D5019A012A09D05A0702D573
:10C0A000019A022A04D0DB0606D5019BFF2B03D19F
:10C0B0002300012267331A70330500D50235802230
:10C0C000330052011340164200D121E1049B0322A8
:10C0D000591989B209A805F051FB70220321364B8A
:10C0E0001878031D53430230643A42435433FF33FC
:10C0F00052188B439B18314A8B43107838224243A5
:10C1000052189B188B43009A2D4952189B181B8874
:10C110001B0500D5F6E0230056331B78062B00D90B
:10C12000EAE02000099A03992430F8F7E5FD002899
:10C1300000D1E1E02300012264331A70013B1A7040
:10C140000335B30400D5123500230593730406D5D7
:10C15000049B581980B205F035FB01350590002687
:10C16000029B0396B34204D1EEB27B1E9B1BDBB253
:10C170000393230067331978002900D0D9E0812088
:10C180001423FF22800006F07BFA069B70220370C6
:10C19000230003214A331B880500C380059B43729B
:10C1A000054B1878031D53430230643A424354331D
:10C1B000FF331BE0A0040000050600000706000096
:10C1C000024000500A40005058060000084000504D
:10C1D000880500000C400050E104000051070000F9
:10C1E00004400050144000501240005052188B433D
:10C1F0009B18544A8B4310783822424352189B189C
:10C200008B43009A504952189B1818884F4BC0B264
:10C21000DB699847019BA8726B74039BEE74AB7447
:10C22000230059331A78002A0BD101321A700133D6
:10C230001B786B70236C9B086B8023005B331B782F
:10C240002B72236C5908029B8AB2002B04D1636CB9
:10C250005808D6F7E5FE8AB22000079BAA801B0A81
:10C260005430013B0288DB1BDBB2D21891B2384A52
:10C270000180914208D9220072335B1A022000210A
:10C2800063321070DBB2517022002B73633212786C
:10C29000EA72039A1A4324D0049BEB81002F01D049
:10C2A000013FFFB270222B4B032019782F740B1D16
:10C2B00053430231643A4A4338215433FF3312184E
:10C2C00083439B181F4A83431278514309185B1814
:10C2D000214983438C461A00009B6344D3180022F3
:10C2E0001A80280006F0F0F99EE51C4A013BB618BA
:10C2F0001B0136B21B0913E62300002264331A70B7
:10C3000002321BE72300022264331A70013A15E758
:10C31000220064321370013A137012E72300643371
:10C320001F70013B1F70FF233E0005970397019389
:10C330001FE7230064331A78012A00D074E5002235
:10C340001A7071E507060000064000502006000044
:10C350007206000005060000144000507102000043
:10C36000F7B5CE4B82001B680090D458002900D14D
:10C37000C3E0CB4B5D79A37D5B19FF2B05DD00226C
:10C38000C84B110001201B6898470121A37DEB18C1
:10C39000A375230064331B78012B00D0B1E0230088
:10C3A00031331F78E56A2823E25E666ABE4BA260DD
:10C3B0007A00D35A6A007D32FF325B009B18BB4A79
:10C3C0006660934200D991E123612000E9F7A6FF5E
:10C3D000011E00D0CAE13B01019330233A019A4388
:10C3E00004D0B04B02001B6801209847BF000C230B
:10C3F0003A009A4305D00022AA4B110001201B6885
:10C4000098477026009B5E43A94BF218019B3B4363
:10C410001F0080235B011F432300178064331878BB
:10C420001A3B0093012800D062E11A3B1F783F239A
:10C430003A009A4304D000229A4B11001B68984797
:10C4400080239B011F439B4BF3181F802300543311
:10C450001B88994FFF1ABFB2FB0A05D00022914BEF
:10C46000110001201B689847944BF2181388DB0ACF
:10C47000DB021F432300178030331F78904BBF022D
:10C480001F4205D00022874B110001201B689847EE
:10C490008C4BF21813889B059B0D1F43BFB217806E
:10C4A000236989495808F430D6F7AAFD874B80B232
:10C4B000F3181880864BF7188023DB019D4200D2C9
:10C4C00051E19C239B00E8187F49D6F799FD0500B0
:10C4D000030405D50022734B110001201B68984707
:10C4E0007C480543009BADB23D807B4A1B88B61853
:10C4F000338000235C34237049E0694B1B79A375BA
:10C5000047E72300250065331B784A3501202A8838
:10C51000002B11D0230063331B78002B0CD1230098
:10C520004C331B88002B07D0002931D121001B1868
:10C5300018B24E319B180B80236C616C43435B181F
:10C540001B011B09121863642A80F7F709FD634E6B
:10C55000626C33785B009B1A181880230001000975
:10C560001B05984217D9F7F7FBFC230059330193B9
:10C570001B78002B3CD0626B636CE16B5B1A1B0178
:10C580001B09934238D908210098FFF719FCF7BD21
:10C5900001204042D0E7F7F7E3FC3278676C5200A5
:10C5A000D31B1B181B011909002BDED023004E33AF
:10C5B0002E881B884A48F21A92B2256C824210D902
:10C5C0000133981B23000022653300B21A70230048
:10C5D0004543ED192D012D0930184A336564188043
:10C5E000C3E7681E40182900D6F70AFD00B2EEE73F
:10C5F0000622236C5A43BFE705F06CFB1421002888
:10C6000002D1384BBC331988666CA36BF21A230035
:10C610005B3312011B78100A334A5B009B5A5B188C
:10C6200058436421D6F7ECFC230050331B884500A7
:10C630002033ED186F0838002349D6F7E1FC2300BA
:10C6400048331B88361ADF1B1F4B360158433F18EF
:10C650003609B9B23AB2380404D5013E3601C918D8
:10C6600036090AB20199097800290ED12100583102
:10C67000097800290FD11E31206C6D1843435B08E7
:10C68000963B6908994200D97DE723000021543385
:10C690009F7919808AE696214900EDE7A8050000F8
:10C6A000441903185806000044CE0218801A0600E8
:10C6B0005641005068410050720600008841005009
:10C6C000FF03FFFF864100507102000080410050CF
:10C6D0006E4100500080FFFFB04100501C0600007A
:10C6E000FE7F0000A00400009836031822616CE66B
:10C6F000220062321378002B28D02100009B523197
:10C7000009881B885B1A1F499BB28B421ED82100E7
:10C710005D314B7808781C491B02034371180B806C
:10C7200021005F314B78087818491B0203437118C8
:10C730000B80174B1F27F0182300613301881B78EB
:10C74000B9433B400B43038000231370114B124A43
:10C75000F3181A80114B124AF3181A800022114B59
:10C76000F3181A809CE601356D08BBE62500643598
:10C770002B78012B00D0FCE50098FFF70BFB002382
:10C780002B70F6E5FE7F000082410050844100508E
:10C79000864100506841005000A0FFFF88410050D2
:10C7A000723E0000A641005070B5041E20D0050066
:10C7B0005C352978002904D0114B002203201B6826
:10C7C00098472600643633785734012B04D12078FB
:10C7D000FFF7E0FA002333702B782078022B03D187
:10C7E0000021FFF7EDFA70BD0121FFF7B9FDFAE76F
:10C7F000034B020001001B6801209847F3E7C04685
:10C800005806000070B5040088B0002822D003004C
:10C81000144A57331B78009242680493019282684D
:10C82000002502926A461376036901260393837DED
:10C830006846137593750F235575D37596761577DE
:10C840005576EAF779F9230065345C331E7025705C
:10C8500008B070BD044B020001001B68012098471E
:10C86000F6E7C04629C9021858060000F8B52A4B59
:10C8700082001B680500D4580F00002C44D0230010
:10C880000121573320001E78E9F766FE70237343B9
:10C890002600224A64369B181A8852050DD51A883C
:10C8A0001F490A401A80230063331B78012B02D1F1
:10C8B0002800FFF76FFA002333702800FFF7A0FA73
:10C8C0003378022B02D03388012B09D12300633344
:10C8D0001B78012B04D12800FFF75CFA002333708A
:10C8E00023005C331B780021022B04D067342378AB
:10C8F000002B04D01A212800FFF762FAF8BD390096
:10C900002800FFF72DFDF9E7064B2200210001204A
:10C910001B689847F2E7C046A80500006A4100502E
:10C92000FFFBFFFF5806000070B52D4B0C001B7875
:10C9300015008B4203D82B4B03201B689847042D0E
:10C9400047D8280008F074FA03080B451C000021A2
:10C95000E0B2FFF78BFF70BD0121E0B2F9E7224A98
:10C96000E3B212689B009958002903D0E0B2FFF7A8
:10C9700047FAF0E70A001B4B1B6801209847EAE7DB
:10C98000194AE3B212689B009D58002D1CD02E005E
:10C99000012128006436E9F7DFFD3378012B04D14B
:10C9A000E0B2FFF7F7F9002333702B005C35573303
:10C9B00018782B78022B03D10021FFF701FACAE780
:10C9C0000121FFF7CDFCC6E7064B2A0029001B68B2
:10C9D000D3E7044B2A00210003201B68CEE7C046A2
:10C9E0000506000058060000A805000070B50128E3
:10C9F0000AD0022810D10D4B1C78013C64B2A5006E
:10CA00000B4B1B68002C08DA084B00211A78084BE6
:10CA10009200186808F054FA70BD5859002801D0E7
:10CA200005F0F0FF013C64B2043DE9E705060000B3
:10CA3000A8050000F0B58A4B87B01B780C00019068
:10CA4000834200D807E1874F86003B689D1929681B
:10CA5000002900D0FFE0682005F04AFF3B6828600D
:10CA60009D59002D00D1EFE02668B3783288002B65
:10CA700000D0E6E01E33534322895B009B180593E8
:10CA8000682200212800A77A08F01AFA0F22764BB4
:10CA9000B11D2B62754BAB61754B5B791A408023DE
:10CAA0009B011343AB822B00019A57331A70E38921
:10CAB00005225B0104936B63B3889B0002932B6494
:10CAC0002B005D331800039308F0DEF92B005A3376
:10CAD0001F70F27A023BDA7067686649AF63B2781A
:10CAE00005981A70A27C9A73D6F78AFA029B61495C
:10CAF000FF1AC019000100096864E8630598D6F7B9
:10CB00008FFA2B002A0048331980B38A4A32013B3E
:10CB10009BB2138093802B00228A50331A80029993
:10CB20000498D6F76DFA063800B2A389021C0028D3
:10CB300000DA002212B2934200D913002A007024B6
:10CB40004C321380019BB2895C434B4BE3181A8033
:10CB50004A4BF289E3181A80494B328AE3181A804B
:10CB6000FF22484BE1180B8893431A00B37C134310
:10CB70000B800021444B454AE3181980444BE318CD
:10CB80001A800A22434BE3181A80039B1A785B78B9
:10CB90001B021343404AA21813802A005F325378C5
:10CBA00010783E4A1B020343A218138061352D788A
:10CBB0001F232A009A438A4204D0394B0A000120DD
:10CBC0001B6898471F21374BE21813888B430021BD
:10CBD0002B431380344BE3181980019B1D02334B08
:10CBE0001D4204D02E4B0A0001201B689847304B91
:10CBF0007F21E21820232B43002513802D4BE318BF
:10CC00001D802D4BE3181D802C4BE3181D802C4BF1
:10CC1000E21813888B43138001222A4BE4182388DF
:10CC200093432380284B1B689847040029000198F0
:10CC3000FFF796FB254B20001B689847019807B02B
:10CC4000F0BD96235B0016E72A002900144B1B68F1
:10CC500001209847F2E70022114B11001B68F7E70B
:10CC600005060000A8050000A9C7021805C802189B
:10CC700044190318710200005E41005060410050E9
:10CC8000624100506441005066410050723E000015
:10CC90008841005050410050824100508441005072
:10CCA00058060000864100506A410050FFE0FFFF37
:10CCB00052410050B2410050B4410050B6410050C2
:10CCC000764100506C410050E4050000E80500008A
:10CCD000F7B5114B04001B680E00019298470F4BEB
:10CCE000A4001B680500E4580C27002C0DD023007D
:10CCF0002000019A52331A80310005225D3008F07D
:10CD0000C3F80123002762342370054B28001B68F9
:10CD100098473800FEBDC046E4050000A8050000A5
:10CD2000E8050000124B70B51B6805009847114BD1
:10CD3000AA001B680600D0580C2400280FD003005E
:10CD40005C331C78002C03D0012C0ED0002406E0AC
:10CD50002100E9F701FC21002800FFF731F8064B1C
:10CD600030001B689847200070BD02221A70EDE762
:10CD7000E4050000A8050000E8050000F0B5060085
:10CD80001D00294B85B01B68039202919847274BE1
:10CD9000B2001B680C27D4580190002C3CD0230013
:10CDA00070205A331B78029A70431370236C039AD5
:10CDB0009B0813801E4B0A9AC3181B8821009BB244
:10CDC0002B701B0A6B701B4B0027C3181B885D312F
:10CDD0009BB2AB701B0AEB70174BC3181B889BB23E
:10CDE00013701B0A5370154BC01803880E9893706C
:10CDF000626C0B9B1A60230048331B880C9A1380CB
:10CE000023004A331B880D9A5B341380052208F0F7
:10CE10003BF823780F9A1370094B01981B689847C9
:10CE2000380005B0F0BDC046E4050000A8050000CC
:10CE30005E4100506041005062410050644100502A
:10CE4000E8050000480828049042BE11174B10B5B1
:10CE50001B680400834205D00022154B11000120FD
:10CE60001B689847002C1BD023002A331B78002B0B
:10CE700005D000220E4B110001201B6898470D4A77
:10CE8000A37D527B20009B18A375E9F747FA002881
:10CE900005D000221100064B1B680120984710BDE9
:10CEA000034B220021001B68F7E7C046AC050000D9
:10CEB000580600004419031810B5044C20680028D7
:10CEC00003D005F09FFD0023236010BDAC050000DA
:10CED00010B5184B04001B6888B0834205D00022AF
:10CEE000154B110001201B689847002C1AD0134BDA
:10CEF00069460093636822690193002303920293B9
:10CF00000493A27D68460A75F02212010B83CA823F
:10CF10000B774B758B76E9F70FFE01232A342370CC
:10CF200008B010BD044B2200210001201B68984767
:10CF3000F6E7C046AC05000058060000F1CF021825
:10CF4000264B70B51C680600002C41D0250001213D
:10CF500020002A35E9F700FB2B78022B1AD1FF229B
:10CF6000023300211E4805F08BFB0023E51D0370F2
:10CF7000EA7F9A4202D11B4B1B889BB2438005F08B
:10CF8000A3FBEB7F012B02D1A08CEAF795FDFFF705
:10CF900093FF70BD144B5A7B002E10D0A37DD31885
:10CFA000DBB2A3750F231A40C023DB011A43200014
:10CFB000A282E9F7B3F9002803D12870E9E71B7BC7
:10CFC000EFE700221100094B1B6801209847E0E7BA
:10CFD000064B220021001B68F7E7C046AC050000A5
:10CFE0000A020000AA410050441903185806000024
:10CFF000100010B5012A03D0022A04D0002A14D14F
:10D00000FFF79EFF10BD0B4B1968002907D10A00DE
:10D010000120094B1B689847F4E7F6F7DBFE002078
:10D02000F6F746FF0028F8D1ECE7034B03201B6816
:10D03000F1E7C046AC05000058060000F0B5D54F3A
:10D04000C5B03E680C250090002E00D0FAE23100F9
:10D05000302005F04DFC041E386001D100F0DBFBF0
:10D06000F6F77EFF302231000390200007F028FF02
:10D07000C94B2362C94BA361C94B1A7B5B7BA27569
:10D08000C84A22610F221A40C023DB011343A38246
:10D09000009B1F78E31DDF77009B5A78230008333D
:10D0A000DA77009B5A7923002B331A70009B9B7907
:10D0B0000193230001992C331970009BD979230027
:10D0C0002D331970009B1B7A0293230002992E3393
:10D0D0001970002F00D0A1E1A0218020C9050B68A4
:10D0E000C001034380200B60AF4900050B68AF4EC1
:10D0F00003430B601D21AE4B1F80AE4B1F80AE4B18
:10D100001F80AE4B1980AE4BAE491980FF21AE4B4C
:10D110001980AE4B1F80002A00D131E1019B002B0A
:10D1200000D028E12F00AA4B8F391A78131D4B43EA
:10D13000901C474354336D39FF337F188B43DB1901
:10D140008B439C46A34B00021F7838235F437F1814
:10D150003B003027574363448B43AB337F188B43EB
:10D16000DB199D4F8B43DB19462757438B437F18B1
:10D17000DB1940188B431B18272042438B4352185E
:10D180009B188B438446693394488B431B188B430D
:10D190005B188B435B18924A9B089BB213808C4BA5
:10D1A000702218786B461B89871C0293031D53431A
:10D1B0007D435433FF338B436D185D19854B383AEB
:10D1C0001B788D4353435B18EB18302545438B4345
:10D1D000AB336D188B435B1946257F4A8B439B18F5
:10D1E000624645438B436D1850435B193F028B43A6
:10D1F0007F18DB1940188B431B188B437748693322
:10D200008B431B188B435B188B4300985B188B4335
:10D2100099B2029A093004F0B9FA009B1D7AEB0921
:10D2200005D0704B019A012011001B6898477F229E
:10D23000338893431D433580A4236B49DB010A885F
:10D240000225D2B213430B803388684A1A40F82370
:10D250005B0113433380009B9E79002E01D1DE7960
:10D26000013DB701C0233A009A4305D000225D4B2F
:10D27000110001201B6898473601302332009A4381
:10D2800005D00022574B110001201B689847AD00C4
:10D290002F433E430127564B3E431E80554B0020F3
:10D2A0005B689847544B554A4F491A80544B554A2E
:10D2B0001A80554B554A1A80FF220B8893431A0057
:10D2C000552313430B80009B5D780C2D00D18CE21D
:10D2D000272D07D0002D00D189E20B2D00D982E245
:10D2E000013DEDB23F232A009A4305D000223D4B79
:10D2F000110001201B689847454B464AADB21D807E
:10D3000013883A490B401380009B1D78012D00D0F3
:10D310006FE21D790023013DEDB29E0032000C2327
:10D320009A4305D000222F4B110001201B6898471B
:10D3300003232A009A4305D000222A4B1100012022
:10D340001B6898478023354300265B011D43324B01
:10D3500020001D80164B1E80164B1E80164B1E8013
:10D36000039B6360E8F7DAFF0500B04200D04AE2B1
:10D370002A34207066E17F223388934333805BE751
:10D380007F2233881A49934333800B887E3A934334
:10D390000B8083E7AC0500004DCE0218D1CE0218F9
:10D3A00044190318C4090000D00000507641005011
:10D3B000AA410050AC410050AE41005050410050D5
:10D3C0006E4100502680FFFF884100508A41005086
:10D3D000050600000706000003090000F70500002D
:10D3E000784100505806000064410050FFE0FFFF04
:10D3F0006C410050200600005E41005029410000B1
:10D4000060410050767100006241005055550000A7
:10D41000684100505241005056410050012F00D049
:10D42000DAE1009B9A78230028331A70009BDA789F
:10D43000230029331A70EAF7E7FA002800D1FEE04A
:10D44000824BA084197870230A1D534303220231B2
:10D450004D435433FF33AD1893435B1938257C4952
:10D46000934309784D43AD185B199343AB33934312
:10D47000784A80219B18A0221880D2051368C90120
:10D480000B4313608022744D12012B6813432B60F1
:10D49000724B1E80724B1E80724B1E80009BD87890
:10D4A000072800D9C4E0704F07F0C2FC04A0A00414
:10D4B000A0A0A0A001222B6810406C4A400313409A
:10D4C000184328602B683B4080277F011F432F6053
:10D4D000009B9A78DB781D021543009AEDBA5679C5
:10D4E000721E96410F227601934305D00022604BB5
:10D4F000110001201B689847544B0C2118787023A9
:10D50000021D53430322023041435433FF33891831
:10D5100093435B184E499343087838214143891857
:10D520005B189343AB339343524A35439B18ADB2D8
:10D530001D800025009B5B790193AB4201D0009BCD
:10D540009D79AD01C0232A009A4305D00022484BA3
:10D55000110001201B6898471F23019A9A4305D0A8
:10D560000022434B110001201B68984770200C27B4
:10D570000321364E3278131D434302327A4354332B
:10D58000FF3352188B439B18314A2C3712788B4348
:10D590007A4352189B188B43374AAB338B439B1803
:10D5A000019ABC4615431D803278131D4343023255
:10D5B000643842435433FF3352188B439B18244A38
:10D5C0008B4312787A4352189B188B432B4AAB3308
:10D5D0008B439B181A885204520C1A80009B5B796B
:10D5E000002B4FD10023264A1380CCE0009B01384A
:10D5F0009E78062814D807F01BFC19041311131584
:10D600001700AA21320004A807F05AFCA18CB2B27C
:10D6100004A804F0BBF82B681F4058E7FF21F1E78E
:10D620000021EFE70F21EDE75521EBE7F021E9E7D6
:10D630000F4B3200310038001B68984748E7FFF76E
:10D640003BFC0725280045B0F0BDC046050600009C
:10D650000706000004400050D0000050A4410050D4
:10D66000A6410050A8410050FFEFFFFFFFDFFFFF82
:10D6700058060000024000500E400050004000508C
:10D680007A410050009B9B79002BABD070253278FB
:10D69000131D6B43901C643D45435433FF338B4350
:10D6A00003355B195F4D8B432D7800027D430335B5
:10D6B0005B19302555438B43AB338B4303355B19E3
:10D6C000594D8B435B19462555438B4303355B19F5
:10D6D0008B4303301B182720702742438B430332B0
:10D6E0009B188B43514A69338B439B188B430333FD
:10D6F0004F4A9B089BB213803678009BB51C1A7A60
:10D70000331D7B43643F6F435433FF338B430337F5
:10D71000DB198B4301936346424F70433F782D02E0
:10D720005F43019B0337DB19302777438B43AB33D0
:10D730008B430337DB193C4F8B43DB194627774379
:10D740008B430337DB198B4303355B198B43033062
:10D750001B188B43354869338B431B188B43009848
:10D7600003338B4399B2093004F010F8009B1D7A03
:10D77000EB0905D000222F4B110001201B689847B0
:10D780002D4BADB21D802D4B0C2218787023011D3E
:10D790004B430321023042435433FF3352188B432F
:10D7A0009B18204A8B4310783822424352189B180A
:10D7B0008B43AB33224A9B089BB213801C22214B24
:10D7C00021491A800B88E33293431A001F4B2D33F3
:10D7D0001B7813430B8065E5164B320031000120A6
:10D7E0001B6898475EE5023D7BE526257AE5252501
:10D7F00078E5002D04D1009B1B79013BDBB28CE561
:10D8000000252B0089E50B4B3200310001201B68FD
:10D810009847350016E7074B020001001B680120FE
:10D8200098470FE70706000003090000F70500000E
:10D830007C410050580600007A4100500506000067
:10D8400074410050504100506A41005020060000D1
:10D85000F8B5254B0C241B689847244B05001F681E
:10D86000002F32D0224B01205B6898470022214BC9
:10D8700021481A60D03B19680140380019602A30ED
:10D880000478944203D0012C25D014001DE021001F
:10D890003800FE1DE8F760FEF37F012B02D1B88C43
:10D8A000EAF70AF90423FF220021144804F0E8FEF5
:10D8B00000230370F27F9A4202D1114B1B889BB266
:10D8C000438004F001FFFFF7F7FA0E4B28001B68B6
:10D8D00098472000F8BD80211C68C90421431960C5
:10D8E00002230370D1E7C046E4050000AC05000048
:10D8F00020060000D0000050FFBFFFFF0A0200001A
:10D90000AA410050E805000010B5012802D0022805
:10D9100004D010BD0022034B1A60FAE7FFF7CCFADF
:10D92000F7E7C046AC05000070B58600150018008A
:10D930004C003100D5F774FBAB00A4190833611A11
:10D940008B4200D989198808401B80B270BD000045
:10D950007B4BF7B51B688000C4580D000092F6F7AA
:10D96000FFFA2300270052331B78451B2D0101933A
:10D970003D3706002D09387801356D08012800D0A3
:10D9800084E0E9F7AFFD236C6E4A6360636CA17DB0
:10D99000A36023004D331B785B009B5AA26C9B183D
:10D9A0005B00694A7D33FF33236193788B4200D259
:10D9B0000B00A375D3780F221A4080239B011343D9
:10D9C0002000A382E8F7AAFC011E5DD123000120FC
:10D9D0004D331E78A36C22000093B0429B415B4202
:10D9E00002333E323701137030233A009A4303D09A
:10D9F000564B0A001B68984770253021019B760022
:10DA00005D43534BEA1813888B431F4317809C22B6
:10DA1000009B92009F184B4B4E49985BC019D5F75D
:10DA2000EFFA4D4BC0B2EB1818804C4B009AEE1831
:10DA30008023DB019A4221D338004649D5F7E0FA2A
:10DA40008023C0B21B021843308023004C331E7861
:10DA5000434BB6021E4205D000223C4B1100012070
:10DA60001B6898473F4B5034ED182B889B059B0D46
:10DA700033439BB22B8000232370F7BD009B0133FF
:10DA80005B089BB23380E0E700233B70636A364F4C
:10DA90009D423CD25B1B6362666A344BBA88734317
:10DAA000934200D91300009A2361274B002A03D127
:10DAB0009A79A2756268A2620F22DB7970251A40FA
:10DAC000C023DB011343A38223000120019A3E33CC
:10DAD0005543214A1870AA18B3B21380330404D5F1
:10DAE00000221A4B11001B6898471C4B2000EA18B3
:10DAF0001F4B1E43B6B2168000261E4BED182E801B
:10DB0000E8F70CFCB04213D150342070B5E7012087
:10DB1000E9F7E8FC3868E38D421C05D1A08D164A70
:10DB2000C01A40008019104000226060A260B2E775
:10DB3000064B3200310001201B6898479DE7C04624
:10DB4000B005000058F102184419031858060000E7
:10DB50005641005071020000804100506E4100505B
:10DB6000FF03FFFF8641005048030000E20400006D
:10DB70000080FFFFA6410050FCFFFF0FF7B5A02774
:10DB80000026FF05294CB30001932368B200D0584A
:10DB9000002806D0020031321578002D21D0012D49
:10DBA00034D0012E1BD123681A002B321278002AA0
:10DBB00014D19D68281E0AD1382329001C48FF3241
:10DBC00004F05EFD23682C331B784570037004F06D
:10DBD0007BFD206804F016FF00232360F7BD0126BB
:10DBE000D0E72900E8F7B8FC0120E9F77BFC2368BF
:10DBF000B200D05804F006FF0121B1402368B20002
:10DC0000D5502B331A788A431A70CAE770215230E4
:10DC100003784B4307495B1880211D803B6849040A
:10DC20000B433B6002231370BBE7C046B005000006
:10DC30000902000080410050F0B5CC4B8BB01E684B
:10DC4000002E00D157E280008759002F00D152E208
:10DC50003B0052331878F6F72BF900280FD13A0021
:10DC60003D321178022906D03B0050331B78002B3F
:10DC700003D1012901D1002313700BB0F0BDBC4BBF
:10DC80000321C0331B780393BA4B039A18781C23E3
:10DC9000534370220193031D53430230643A4243BD
:10DCA0005433FF3352188B439B18B34A8B4310787D
:10DCB0003822424352189B18019A8B439B18AF4A53
:10DCC00094469C44624611883D22114200D0CBE02C
:10DCD000320050321478002C00D0C5E0A84A9A18BF
:10DCE0001588E9B20491A7495918088881B20291B0
:10DCF00039000120503108700E210D3029400542B5
:10DD000000D0B4E01488220A07929F4A9A18148817
:10DD1000C440E2B203929D4A9B181B889AB20692B5
:10DD20001B0B04D09A4B0A001B680D3898477021D2
:10DD30000C2003258F4B1A78131D4B4302324243AC
:10DD40005433FF335219AB439B188B4A383912783E
:10DD5000AB434A4352198F489B18019AAB431218A0
:10DD60001C20D2181288E1B292B20592804AC032C9
:10DD70001278424388481218D3181B8807989BB220
:10DD8000049305F04BFC854A63009C5A0399041BDD
:10DD9000222005F043FC049B963400199B059B0D43
:10DDA0004000C01A9C23DB007D49C018D5F728F934
:10DDB000069B059A1B041343C0187021000100093B
:10DDC00070650C2038246B4B1A78131D4B430232BC
:10DDD00042435433FF335219AB439B18664AAB435B
:10DDE0001278624352199B18019AAB439B186D4AF3
:10DDF000373C9A18118832004C321180604A0299DF
:10DE00009B1832001B8858325B0923401370330083
:10DE1000039A4E331A703B0032331800062203F087
:10DE2000ADFC70210C20534B1A78131D4B4302326A
:10DE300042435433FF335219AB439B184E4A38398F
:10DE40001278AB434A434E4952198C469B18019AAB
:10DE5000AB4362449B1832001B8833329B0923403A
:10DE60001370330050331C70F5F7B4FFF0E60F2247
:10DE7000049911400A004C4958180188058889B254
:10DE8000ADB2072A00D091E04B06EDD53B003D3303
:10DE90001C70EB0506D538000299013A323003F0C8
:10DEA0006DFC0624AB0500D506346B05DB0FE418CA
:10DEB000C0232A005B011A409A424CD1029B1819D8
:10DEC00080B203F06DFC029BA11C59180322388715
:10DED00089B209A803F052FC70220321254B18785F
:10DEE000031D53430230643A42435433FF33521804
:10DEF0008B439B18204A8B43107838224243521898
:10DF00009B188B431D49019A8C4662449B181B88C1
:10DF10001B051BD4099A13025B0F022B07D838008C
:10DF200003994030F6F7E8FE012200280FD10534AE
:10DF3000AB0400D512346B0496D5029B1C19A0B219
:10DF400003F040FC3B003C3318708DE702223B009D
:10DF50003D331A70EBE72B05EAD5029B181980B206
:10DF600003F01EFC02347887E2E7C046B0050000EB
:10DF7000A004000005060000070600000240005053
:10DF80000440005014400050064000500A40005029
:10DF900058060000084000500C4000508805000062
:10DFA000710200001040005012400050082A00D0BA
:10DFB0005AE7398F7A8F914200D097E0C0229200C1
:10DFC0001540954200D091E062461288520500D477
:10DFD0008CE04C4A9A181288920B04924A4A9B1879
:10DFE0001B889AB203921B0B05D00022474B1100ED
:10DFF00001201B6898477022454B032019780B1DA0
:10E0000053430231643A4A4338215433FF331218E0
:10E0100083439B183F4A83431278514309185B1886
:10E0200083431A001C21019B9C183B4BE3181D885D
:10E030003A4BADB2C0331B784B4339495B189B1840
:10E04000304A1B88A21812883649920B5200505A47
:10E050003549963040009B05081A9B0DC01A9C2339
:10E06000DB00C018D4F7CCFF3200039B4C321B04FA
:10E070001D432E4B013DE41823884019000100097F
:10E080009BB270651380002B05D0380006220299E0
:10E09000323003F073FB33000121049A58331970B6
:10E0A0000A3B1A7070220320194B1C78231D53431E
:10E0B0000234643A62435433FF33121883439B188B
:10E0C000144A834314783822624312189A18824300
:10E0D0001748019B84466344D31832001B883332AF
:10E0E0009B090B4013703300503319703B00002222
:10E0F0003D331A70B8E60022044B110001201B6862
:10E100009847BAE5064000500A4000505806000003
:10E11000050600000706000008400050A0040000AB
:10E120000C400050880500007102000010400050B3
:10E1300004400050F0B5DB4D8BB009922A68019085
:10E140000891002A00D1C4E183009C58002C00D122
:10E15000BFE12300002652331F78213B1A781E703E
:10E16000022A00D18FE101212000E8F7F5F97023A0
:10E170005F43CD4BFF183B885B0505D53B88CB4AF9
:10E180003D3413403B8026700198FFF755FD2F6802
:10E1900003213B002C331B784B43DBB205933B0040
:10E1A00050331B78002B00D18EE1C14B70261878BC
:10E1B0000C23021D7243023043435432FF325B187A
:10E1C0008A43D218BB4B8A431878382358434018E7
:10E1D00012188A43AB328A430599B74809010918D6
:10E1E00052181288D20B00D16EE1019A00219200E0
:10E1F000D259B2480292FF2204F042FA3B004E3359
:10E200001B78AF4A0400D55C6B1E0693029B069AEE
:10E2100052331B785E43AB4BF61833887E6D9BB24E
:10E2200004930A235343FB18D8899D894000301A70
:10E23000AD00000129000009D4F7F2FE73195B1A42
:10E240001B011B090393039A049B961B36019B0039
:10E250003609B34203D9AD182D012B090393382693
:10E2600000213200200006F02BFE3B000122333358
:10E270001B7820001340A218D3773B004C33079340
:10E280001B880E300493002B00D105E10499884BC4
:10E290001A31062289B21D7803F070FA7023281D06
:10E2A0005843AB1C0C2503216B435430FF305B18E3
:10E2B0008843C018049B8843181A3100D4F7A0FE85
:10E2C0003B00C0B24643323304961B789E071ED5EE
:10E2D00070200321764E3278131D023255430122FD
:10E2E00043435433FF338B436D185D19724B8D4399
:10E2F000ED18049BED182B88DB09134207D0079B10
:10E30000A01C19880532303189B203F037FA702128
:10E310000C250326664B1A78131D4B4302326A43C1
:10E320005433FF339219B3439B18634AB3439B188A
:10E33000049A9B181B881B0721D53B0020004C33F7
:10E34000198806221431083089B203F017FA7022B6
:10E35000574B1B78181D504302335D435430FF3038
:10E36000B043AD19544B4019B043C018049B6F3AE9
:10E37000C01803881A4002231343621CD37720007D
:10E3800039000A2504223431143006F07DFD2000C6
:10E390003900069B05225D437D19AB892D3123830E
:10E3A000EB892130638306F06FFD2A7DE31DDA7768
:10E3B0003A00200039004E3212780133DA772B8A86
:10E3C000032223856B8A2C306385383106F05CFD8F
:10E3D0003A0023003B3212782F331A703A003C3255
:10E3E00012785A703A003D3212789A70029B029A63
:10E3F0001B8F528F9B1A5A1E934122003332137087
:10E40000039B3A00E36123005832127834331A70C8
:10E41000012363703B002C331B782370BC60FFF733
:10E42000ADFB234B0C2118787023021D53430322AC
:10E43000023041435433FF33891893435B181D491D
:10E44000934308783821414389185B189343AB33D1
:10E450009343059A1849120152189B181A885204BE
:10E46000520C1A800F4B1B68002B13D0019A92009C
:10E47000D358002B0ED0099A08990198FFF768FA33
:10E4800008E0F5F7A7FC3800F5F712FD0028F8D1F1
:10E49000FFF774FB0BB0F0BD02990622323106F093
:10E4A000F3FC6CE7B00500006A410050FFFBFFFF82
:10E4B00005060000070600000040005009020000A9
:10E4C0008E360318A44100503B00002250331A70CE
:10E4D000A7E7034B03201B6801999847DAE7C0467A
:10E4E00058060000F7B506000C001500012903D9F5
:10E4F000354B03201B689847042D5FD8280006F091
:10E5000097FC03090C5D10000022E0B23100FFF718
:10E5100011FEF7BD0122E0B2F8E7E0B2FFF78CFB95
:10E52000F7E72A4B1A68002A3AD0E3B29B009D58BD
:10E53000002D35D0F5F714FD2B00002731331A7864
:10E5400006001F70022A02D1FFF718FBE1E7012144
:10E550002800E8F701F8AB6AAA8DF31A1B011B0922
:10E560005200934212D31A4BDB790193AB7D019A8F
:10E570009B18FF2B05DD144B3A00390001201B6866
:10E580009847AB7D019AAE62D318AB752B003D3333
:10E590001A78012A0BD02800E7F7C0FE0028B8D06F
:10E5A000002201201100084B1B689847B1E70021A9
:10E5B000E0B219703100FFF7CBF9AAE7024B2A004D
:10E5C000210003201B68F0E758060000B00500009A
:10E5D00044190318F0B504008BB000285BD0314B10
:10E5E00046681D68030052331B78019303003E33D5
:10E5F0001F78E989A88933003A00FFF795F970235D
:10E60000019A5A4313000092274A9B181880298BBD
:10E61000E88A33003A00FFF787F9009B234A9B18EA
:10E620001880698C288C33003A00FFF77DF9204A66
:10E63000009B9446634418801E4B019A0293A36882
:10E640000396049302AB1A76230051331B7802AA77
:10E650000693236902A90593A37D1375002202ABDB
:10E660005A75154B9B788B750F23CB7523003D3363
:10E670001B783134013B59424B4102A908008B768B
:10E680000A774A76E8F758FA0120E8F71FFF0123D6
:10E6900023700BB0F0BD094B020001001B68012084
:10E6A0009847F6E7B00500007E41005096410050C3
:10E6B0009A410050E5E40218441903185806000076
:10E6C000F8B5041E3FD0030031331E78002E32D13E
:10E6D000F5F746FCA36AA28DC31A1B0105001B09AE
:10E6E000520093420FD31A4BDF79A37DDB19FF2B26
:10E6F00005DD184B3200310001201B689847A37DCF
:10E70000A562FF18A77523003D331A78012A0AD0A5
:10E710002000E7F703FE00280CD0002211000D4B6B
:10E720001B6801200DE00021513419702078290068
:10E73000FFF70EF9F8BD31000320064B5134227863
:10E740001B689847F6E7034B020001001B68E8E7E7
:10E7500044190318580600000B7803704B78437077
:10E760008B788370CB78C3700B7903714B794371CD
:10E770008B798371CB79C3710B8903721B0A437246
:10E780004B8983721B0AC3728B8903731B0A437301
:10E79000CB8983731B0AC3730B7C03744B7C437458
:10E7A0008B7C8374CB7CC3740B7D03754B7D43756D
:10E7B0007047000010B501281DD002281AD1104C56
:10E7C0002368002B16D09868002802D00C3803F07C
:10E7D000ADFF23681868002801D004F013F92368FE
:10E7E0005868002801D004F00DF9206804F00AF9F7
:10E7F0000023236010BD0022014B1A60FAE7C046D7
:10E80000B0050000F0B5A9B00090C37C0C240893BB
:10E81000E34B1B780193E34B1B780793F5F7A0FBC1
:10E82000E14B03901B689847E04E05003368029364
:10E83000002B01D000F040FC19005C2004F058F8D7
:10E84000071E306001D100F060FC2E02330A5C220A
:10E850000299059306F034FB009B3800DA7C3B00FC
:10E860002C331A70009B00991A7D3B0032331A70CA
:10E87000009B3E305A7D3B0033331A70009B9A7DDB
:10E880003B004F331A70062206F0FEFA3800009B58
:10E890000622063319004430069306F0F5FA3800D4
:10E8A000009D05222D1929002D3006F0EDFA009B60
:10E8B000D97C3B00343318000493F6F7D9F9330AB6
:10E8C0003B873B00360E3A331E703E0002233B3638
:10E8D000059821003370D4F7A3FB0531CBB2059323
:10E8E0003B00059A3C331A70F5F76AFB3B003D3359
:10E8F00018700400042204990CA806F0C5FA390027
:10E90000032238310DA806F0BFFA33780CAAD37170
:10E910001300029A29001A8110A8052206F0B4FA01
:10E92000059B64011C430CAB5C75009B3A009D8BFE
:10E93000DC8B188C598C3B0005970C332A32029ED5
:10E940001D805C809880D9801E720A339A42F6D16D
:10E95000009B01259B7C1E002E402B4247D00021AE
:10E96000542003F0C5FF041E386000D130E154226A
:10E97000002106F0A5FA8E4B8E4923628E4BA361CF
:10E980008B79A375009B5A8B8C4B98888C4B534387
:10E99000834200D903002361CB790F211940C023A2
:10E9A000DB010B43A382009B1B8BE285A385230025
:10E9B00062627F223C331A70220001233E321370C0
:10E9C000009A5234D27C2270009A928BBA81009ABB
:10E9D000D28BFA81009A128C3A82009A528C7A82F7
:10E9E00000223A753A002B3211780B4313700C2435
:10E9F000019B2000991C1A1D702353430322484396
:10EA00005433FF33801893431B183820079D9343DA
:10EA1000684380181B183020019D93436843AB3333
:10EA2000801893431B18674893431B18462068437C
:10EA3000934380181B180902891893435B182721F8
:10EA40006943934389185B1893439BB20493BB8932
:10EA50000CAA53813B8A110093817B8A12A8D3812F
:10EA6000FFF77AFE1622049912A802F08FFE009B8F
:10EA70009B7C9B070DD57443009B1C19E28BA38BD9
:10EA80003A83228CFB827A83628CBE770136BA830A
:10EA9000F6B2FB8A0CAA53817B8B11009381BB8B4E
:10EAA00012A8D381FFF758FE04991622223189B2A9
:10EAB00012A802F06BFE009B9B7C5B074FD50021E8
:10EAC000542003F015FF041E786000D188E0542222
:10EAD000002106F0F5F9364B364A2362364B009991
:10EAE000A3619379A3750C237343CB18598B334BD4
:10EAF0009888334B4B43834200D903002361D37979
:10EB00000F221A40C023DB011343A3820C2373435B
:10EB1000009A0320D3181A8BE185A2852200303297
:10EB2000107061622100012251310A7015398A701A
:10EB30001B4A7C3012785234087022709A8B3A84C7
:10EB4000DA8B7A841A8C5B8CBA84FB843B003A00A3
:10EB50000933DE7702232B3211780B4313703B8C81
:10EB60000CAA5381BB8C11009381FB8C12A8D3811A
:10EB7000FFF7F2FD04991622443189B212A802F07F
:10EB800005FE009B5A7C3B002A331A70009B1B7DBC
:10EB90009B072FD4009B3C331B78002B2AD113E01A
:10EBA000050600000706000014070000B00500007D
:10EBB000C1E6021844190318D5E5021848030000FD
:10EBC000E20400000309000000230793029337E0EA
:10EBD000074B020001001B6828009847260006E743
:10EBE000034B020001001B6801209847B7E7C046AD
:10EBF00058060000009B9B7D002B00D05FE2009B2D
:10EC00000698597DF5F796F8F34B02001B7883427E
:10EC1000DAD97020F14B1C780C23211D48430321C5
:10EC2000023463435430FF305B188843C0183823E4
:10EC30005A4388438018800883B2029301230793C4
:10EC40000322089B02995343DBB20993009B4A1E9F
:10EC500091411B7D3A009B07DB0F9B000B933B0010
:10EC60004A321170099A0833120108920A930697E2
:10EC7000069B1B680193002B00D1F7E052331B78F1
:10EC800070249C46D64B70212D331A78634603209E
:10EC90005C43D44BD14DE3181A80D34BBA89E318A7
:10ECA0001A80D24BFA8AE3181A80D14B3A8CE318B7
:10ECB0001A802A78131D4B43023264394A43543375
:10ECC000FF33121883439B1838228343C2480678C7
:10ECD000564303369B190326B343AB33B343089E15
:10ECE0009B19C44E9B089BB2A619338070262D78C1
:10ECF0002B1D734302354D43017854334A436D3E17
:10ED0000FF33AD19B3435B199219B3439B18B34357
:10ED1000089AAB33B3439B18B74A9B08A2189BB21F
:10ED20001380009B5B7C5A1E9341B44A0E33A21899
:10ED30001380B34BB34AE3181A80B34BB34AE318BA
:10ED40001A80B34BB34AE3181A80FF22B24BE11882
:10ED50000B8893431A005523134300220B80AF4BBB
:10ED6000E3181A80009B9A7D3B004A331978AC4B1C
:10ED70001502E018009B3C331B781B012B430B9DB5
:10ED80002B434D002B43079D2B430380002900D1CB
:10ED900099E1A44B029AE3181A800021A24BA34ADE
:10EDA000E3181A80A24B0120E3181980A14BE31845
:10EDB0001980009B1E7D63461D029F4B06401D422D
:10EDC00003D09E4B0A001B689847354320269C4B76
:10EDD0003543E3181D80009B1A785B781B021343B0
:10EDE000984AA2181380009B9A78DB781B02134381
:10EDF000954AA2181380009B1A795B791B02134372
:10EE0000924AA2181380019B30331E780C23B50060
:10EE10002A009A4305D00022884B110001201B686C
:10EE2000984733000322934305D00022834B1100FF
:10EE300001201B68984735438026854BB601354332
:10EE4000E3181D80019B5D6A824BAAB2E3181A8009
:10EE50002B0405D50022794B110001201B6898472F
:10EE60007D4BE4187D4B1D43ADB22580069B0433DA
:10EE70000693069A0A9B934200D0F9E6574B0C245E
:10EE80001978099B0A1D1B019C46754B023163448E
:10EE9000019370235A43614354326D3BFF32C918CA
:10EEA0009A43521838214C489A4305784D43ED183F
:10EEB00052199A43019DAB329A4352190F25168875
:10EEC000AE430A3D354370261580444A15782A1D05
:10EED0007243023565435432FF32ED189A4352199A
:10EEE00005789A434D43ED18521965465D4E9A4395
:10EEF000AD197026AB329A435219049D1580374ADA
:10EF000015782A1D7243023565435432FF32ED18DD
:10EF10009A43521905789A434D43ED1852199A4372
:10EF2000019DAB329A43521988251688AD01F6B27D
:10EF3000354315804C4E294A15786246B4467026F2
:10EF4000624494462A1D7243023565435432FF32AF
:10EF5000ED189A43521905789A434D43ED1852190A
:10EF600065469A43AB329A4352191588AD0BAD03EF
:10EF700015801A4A15782A1D7243023565435432AA
:10EF8000FF32ED189A43521905789A434D43ED1814
:10EF900052199A43019DAB329A435219009D6F3E1C
:10EFA0006D7D3540314EED013543702615800B4A9D
:10EFB0001278151D7543023262435435FF35D2185D
:10EFC0009D43AD1802789D435143C9186D189D4368
:10EFD000AB359D434CE0C046070600000506000027
:10EFE000200600006A4100508241005098410050C4
:10EFF0009C410050744100509441005050410050D9
:10F000005E410050D6BEFFFF60410050898EFFFF79
:10F01000624100505555000064410050A641005027
:10F02000664100508C410050684100502780FFFF2E
:10F03000884100508A410050FFE0FFFF5806000061
:10F0400052410050584100505A4100505C4100501C
:10F0500056410050804100506E4100500080FFFF3B
:10F0600002400050044000500040005025220000A3
:10F070006346ED182B885B045B0C2B800023BB6080
:10F08000059B1D68002D11D0039B28006B60AB62AF
:10F09000E7F744F9041E30D12B0050331870E88D87
:10F0A000039B4000C018000103090393059B0A9AC3
:10F0B000043305939342E3D1200029B0F0BD01232E
:10F0C0000793002382E5002A00D066E6009B124ADF
:10F0D000009D0633A2180C355878197800020143B8
:10F0E000023311800232AB42F6D10122009B5B7DDC
:10F0F00013400A4AA21813804FE60022084B110061
:10F1000001201B6898470024D0E7054B020001004E
:10F110001B6801209847CFE78C4100509241005076
:10F1200058060000094B70B51B689847084B04004F
:10F130001B680C25002B02D0FEF720FD0025054B97
:10F1400020001B689847280070BDC046E4050000F9
:10F15000B0050000E8050000940B6C065C558619AC
:10F16000F8B51D4B80001B68C658350072352B88DA
:10F17000002B30D0776E19483900D3F741FF184B78
:10F18000181A184BBC331988330076331B88C918FA
:10F19000D3F736FFB36E441E9F4205D30022124BB5
:10F1A000110001201B689847716EB06ED3F728FFDD
:10F1B0002A88431E934200D91300A34200D923009A
:10F1C000FA222B805200934205D30022064B1100F5
:10F1D00001201B689847F8BDB405000000E3080053
:10F1E00020A10700A004000058060000184B800072
:10F1F0001B6870B5C458230084331D78154B1878EC
:10F20000154B121A15485043C018230091331B7830
:10F21000134A5B009E5A2300863340081B889638A9
:10F22000801B984200D918004900535AC01A0D4B50
:10F23000C95A230082331B885B0601D58B00C01A94
:10F24000D3F7DEFEA84200D928008A34207070BDB2
:10F25000B40500001C060000ADF8FFFF71020000BD
:10F260003417031824170318C24BF0B51B6880002D
:10F27000C3588BB01A6B002A09D19A6A1A63002A04
:10F2800005D01900D28880319205920D0A801A00AB
:10F290008232128800211C6BD2060AD58C4208D01B
:10F2A0001A00803212880131002A02D121684A1ED8
:10F2B00091415A6A002A02D1002900D122E11800A6
:10F2C000903000780190022800D1EAE0012739400F
:10F2D0000691A9490978099103210198012800D9CB
:10F2E00010E1002A00D10FE19079029092880891F4
:10F2F000079200225A621A008C32127810264A4372
:10F30000D2B204921A008F321078049A1218013087
:10F3100038400590180082300588D2B2002035426E
:10F320000AD0844208D01800803006883800002EA9
:10F3300002D12068461EB04106003E4006966E0689
:10F3400003D5029E0436B6B20296AE0400D50FE194
:10F35000002802D13D4200D009987026874D120145
:10F360002D7803922A1D72430235643E7543543250
:10F37000FF3203358A435219814D2C362D788A434A
:10F380007543AC460325AC4462448A43039DAB32CB
:10F390008A4352197B4D0001521916006A46157AAC
:10F3A0002D02AC466246089D1543284370253080E7
:10F3B0000C26724A1078021D6A43023070435432A0
:10F3C000FF3203308A4312186D482C3600788A4386
:10F3D0007043033012188A430398AB328A431218E1
:10F3E00069481218079810801A0082321288920415
:10F3F00029D4624A1278101D68430232643D6A4380
:10F4000035005430FF300332884380185C4A059E33
:10F4100012788843554303354019B4468843AB30CE
:10F4200088430500049A6244D0B20001574A281864
:10F4300082181288D20B06D1524D4019102502882D
:10F44000AA432A4302804D4A10787022051D6A4360
:10F45000851C0C2068435432FF3203308A43121853
:10F4600047488A430578382068430330101888439A
:10F47000039AAB3088438018444A801802885204AB
:10F48000520C02801A0005988F32107018009030CC
:10F49000027801320270019A0132D2B20192002246
:10F4A0001BE7364A0C2014787022211D4A430321A1
:10F4B000023460435432FF3240188A4312183048F5
:10F4C0008A43047838206043401812181800012439
:10F4D0008C331B788F304B4300788A4301302040B7
:10F4E000C318AB32DBB28A431B01D318274A9A18E0
:10F4F0001288D20B06D1234A9B18102219889143F7
:10F500000A431A800BB0F0BD069A002AFAD0180000
:10F5100080300288002A08D12268002A05D01A63A8
:10F52000D488A405A40D04801400E2880088A5886E
:10F530009605B60D2D1AAD19ADB2079515130D40F0
:10F54000013D6E1EB541013508951D008A352D78A7
:10F55000854200D90500AEB202960D4E401B3240E6
:10F56000802676013243E2801A0080321080C2E6A3
:10F570000020F2E6B4050000BC050000050600000E
:10F5800007060000024000500440005000400050B8
:10F59000FFCFFFFF3C4B82001B68F0B5D55885B00C
:10F5A0002B002F00039092331B788637023B012BF0
:10F5B00007D8A922398812010B1C914200D2131CD2
:10F5C0003B802B002E0091331B788836023B012BA9
:10F5D00007D8A922318812010B1C914200D2131CBA
:10F5E0003380338838882949C018E7239B00C01826
:10F5F000D3F70EFD6B6E0293254B1C78029B1C1BF0
:10F60000023C6408A04200D2241A2B0082331B88DB
:10F61000DB071BD51F4BC821BC3318882B00763362
:10F620001B88C900C018029B5843D3F7E9FCA023EC
:10F630009B00C0181549D3F7E3FC2B0074331B88DB
:10F64000241A002B02D09C4200D91C007020039B7E
:10F65000A4B25843104BC3181C80104BC018048030
:10F6600032883B8804209B1800225533FF335B000F
:10F67000EB652B618C3529789BB20092029AE7F7F3
:10F6800079FF05B0F0BDC046B4050000710200006E
:10F690001C060000A0040000804100507E41005084
:10F6A000F0B5830085B00393464B15001B688200BC
:10F6B0009C580600002C0FD000290FD131000420E7
:10F6C000E7F778FF3F4C039A2368985803F09AF9BC
:10F6D0000022236803995A5005B0F0BD01230102AE
:10F6E000FF221943384802F0CBFF27000570283766
:10F6F00002F0EAFF380004F03DF8032501902300F2
:10F7000090331B78002B11D1636A002B02D09888AC
:10F71000E8F7D8F8019B002BD0D0019B9888E8F738
:10F72000CBF9380004F026F80190F3E77022274B5C
:10F7300019780B1D53430231643A4A435433FF3363
:10F740000332AB439B18224AAB43117838224A4319
:10F7500003329B18220021008C3212788E316A43CA
:10F7600002910978AB435218AB33D2B21201AB43CA
:10F770009B18184A9A181188294003290ED000298D
:10F780001CD0220090321378013B13700122029B9F
:10F790001B7801331340029A1370B0E70E4A9B188E
:10F7A000188880B2E8F78EF8636A002BE9D000224F
:10F7B00011000A4B1B6801209847E2E7074B0A003B
:10F7C0001B68F8E7B40500001202000005060000FF
:10F7D0000706000002400050044000505806000098
:10F7E000F8B5244B82001B680400D5582E0046361D
:10F7F0003178022916D003291DD0012933D1030203
:10F800001943FF221C4802F079FF2000FFF7C2FED7
:10F810002B009233200019786A6EFFF7E7FC002373
:10F820003370F8BD040201218420FF2221438000AF
:10F8300002F064FFF3E72A002B002F003532127824
:10F8400091331A705D3B1B7892373B70FFF7A2FE35
:10F85000200039786A6EFFF7C9FC21020124FF22DB
:10F8600006482143E4E70022054B110002201B68F3
:10F870009847D4E7B40500000F0200001102000011
:10F8800058060000F0B504008DB0002800D1FFE05C
:10F890000300010002008C3303931B787025009352
:10F8A00078327A31138808881B1820009BB21380A5
:10F8B000009A823055437A4AAA1813800288794BFD
:10F8C00013400380930514D5220026008B320B8849
:10F8D00010787E36584333882521C018D3F7A0FB13
:10F8E0003F20714BEA18138883430B439BB213806C
:10F8F00031802300002601277A331E8008331B88BD
:10F900003B4220D0E36CD819684BF840EB180293C7
:10F910008023DB01984200D2B7E09C239B00C018F3
:10F920006349D3F76DFB030001901B0405D5614BC0
:10F930003200310038001B6898475F48019B18432C
:10F94000029B80B21880260046363278A11D002A1C
:10F9500071D0230027007833C98F1B8838375B1A92
:10F9600056499BB28B4266D8022A2FD13B781D3272
:10F97000934305D000224F4B110001201B6898478C
:10F98000230034331A7801331B781B0213434C4A8B
:10F99000AA181380230036331A7801331B781B0210
:10F9A0001343484AAA1813803F781F233A009A430A
:10F9B00005D000223F4B110001201B6898471F21F2
:10F9C000414BEA1813888B431F4317803378032B6E
:10F9D00026D1230035331E780C23B60032009A431B
:10F9E00005D00022334B110001201B6898470C22E0
:10F9F000364BED182B8893431E4323002E8034335F
:10FA00001E78032332009A4305D00022294B1100AF
:10FA100001201B68984703222B8893431E432E80A6
:10FA20002300012546331B78AB4205D12300433325
:10FA30001D78002D00D10025254B009A04936368A2
:10FA400008920593A36804A9069304AB1A76236968
:10FA500004AA0793A37D0800137500235375F022B1
:10FA60001201CA828D348B760B774B76E7F764F8F8
:10FA70002378022B01D001232370002D03D0039B98
:10FA80001878FFF7ADFE0DB0F0BD0130400857E724
:10FA9000084B020001001B6801209847F3E7C046AD
:10FAA000B0410050FFFEFFFF684100506E41005022
:10FAB00071020000580600000080FFFFFE7F00007A
:10FAC0008241005084410050864100505641005010
:10FAD000C5FF0218F0B5CC4B85B01B6802908000C2
:10FAE000C4580091230082331B88A66C9C462300D7
:10FAF000463318786346DB43A71D9B0722D12500B8
:10FB0000002394352B709A421CD0230072331B883B
:10FB1000002B17D06146BD4A0A408021C9008A42A5
:10FB200010D1624612070DD4002800D048E1626E61
:10FB300074375A439219120116093A889B183B8070
:10FB400001232B702200B24D7A32009B9B1B1B01BC
:10FB50001B09AB4200D84FE1A36D0093012848D1A7
:10FB6000270043373B78002B43D123007A3301939E
:10FB7000019A023B12881B88A51D9B18EA8F9B1ACD
:10FB8000A44A9BB2934234D8230042331B78A11C71
:10FB9000002B1ED1A38F62469B191B011E096346D1
:10FBA0000240034204D0CB8F5B089B191B011E0946
:10FBB000636BE18F6366230072331980A36B0121AD
:10FBC000A366230042331970002A00D02CE10123E0
:10FBD0003B702300019A783312881B888E499B184A
:10FBE000EA8F00969B1A9BB2013B9BB28B4200D0DE
:10FBF00027E1230082331B889B0700D428E1A36EF2
:10FC000001931C270025230082331A88009B019949
:10FC1000F31A1B011B098B4200D329E101231A426D
:10FC200000D130E123006E3300229B5E0393236DED
:10FC3000F51A02F04FF82D0114232D09002802D1E6
:10FC4000764BBC331B882200C82176321088C9004D
:10FC5000C0186843D3F7D4F9230082331A884030A0
:10FC600000236F4D4700920705D4230070331B8893
:10FC70006B43FF180123220046321278012A00D07C
:10FC8000EBE0210042310978A21C002900D1E4E018
:10FC9000210043310978002900D0DEE0D38F6B4387
:10FCA000FF185F497808D3F7ABF94543039A331A35
:10FCB00079081B01521A1B09AD1804D5584A013B9B
:10FCC0001B011B09AD18E26DA560D219226120004D
:10FCD0006360E6F723FB002800D1D6E0514AA37DFC
:10FCE000527AA11D9B182200A375636E7A32F61812
:10FCF00033011E091388343A01339BB2938612787C
:10FD0000012A00D07FE7200043300078002800D08F
:10FD100079E7C98F5B1A21007831039109885B1854
:10FD20003C499BB28B4200D96DE7230042331B78DC
:10FD3000A01C002B2CD1A38F9B191B011E09230093
:10FD400082331B8819001140134204D0C38F5B0813
:10FD50009B191B011E09636BE28F636623007233DC
:10FD60001A80A36BA366002904D023008C33187873
:10FD7000FFF7F6F92300012242331A70A36E0193B4
:10FD8000230082331B88134202D1230043331A70AD
:10FD90002200039B7A3212881B881F499B18A21DE0
:10FDA000D28F00969B1A9BB2013B9BB28B4200D133
:10FDB00029E7009A606E121A120112090092F3E705
:10FDC000022800D0BEE6220078321588FA8FEF189C
:10FDD000974202DB013A531B9BB2626E5A4392195F
:10FDE0001201160922007A3215885B19138023004C
:10FDF000012294331A70A5E6636EF61833011E09CA
:10FE0000138801331380A0E6B40500000404000049
:10FE1000FEFFFF07FE7F0000FFFF0000A0040000C0
:10FE2000710200004419031823008C331878FFF77F
:10FE300097F92300012282331B88134200D0C8E6C1
:10FE4000C5E6009A606E121A120112090092CBE602
:10FE50000623626E5A430192D3E6002B00D020E7BE
:10FE6000636E6B435B082D3BFF3B834200D918E771
:10FE70008234238808229B0700D43E220121029865
:10FE8000FFF70EFC0EE0330021E723008D331870DE
:10FE9000A6640B3B1B88DB0704D523001C376C339F
:10FEA0001D80E76405B0F0BD70B5041E24D0F4F7E2
:10FEB00057F823008D331B780500002B05D0002256
:10FEC000114B110001201B689847A36C626E29003A
:10FED0009B1822001B011B09A3647A32138801338B
:10FEE00013800A4AA37D527A9B18A3758C34002292
:10FEF0002078FFF7EFFD70BD034B020001001B6887
:10FF000001209847F7E7C046580600004419031837
:10FF1000F8B5294B82001B680500D4580E00002C50
:10FF200043D001212000E6F717FB230027008D3383
:10FF30001B788237022B09D13B883D221B0600D457
:10FF4000273A01212800FFF7ABFBF8BDF4F708F8CA
:10FF500006233A88010013400520022B08D113071D
:10FF600006D4230046331B78013B58424341181DF9
:10FF7000A36C676E4000DB1927001B011B097A3751
:10FF8000A3643B8801333B800C4F002E0BD03F18FD
:10FF9000A37D78781B18DBB2D2052800A375D20F99
:10FFA000FFF798FDD1E73B5CF6E7054B2200210007
:10FFB00001201B689847C8E7B405000044190318DE
:10FFC00058060000F0B50F0089B0042A00D923E3D9
:10FFD000100004F041FF05000B000E001302E002C8
:10FFE000C8B20021FFF794FF09B0F0BDC8B20121EB
:10FFF000F8E7B14BC9B21B688A00D458002C00D175
:020000041803DF
:10000000C4E222000421FBB28232039313883F0230
:100010008B430339394313808FB20398F3F748FFBA
:1000200002900028E0D01C21A44B0C221878A44B8D
:10003000C0331B78594370230091011D4B430321AA
:10004000023042435433FF3352188B439B189D4A6E
:100050008B4310783822424352189B18009A8B43E6
:100060009B18994A01209A181588AAB20492974AB7
:100070009A18128892B20192954A9A181288D1B2AF
:10008000069129009204920E0592014005421ED06D
:1000900000230293F3F764FF8E4B0500DB6906989B
:1000A00098472300933318708B4B1B68002B00D1AB
:1000B0009AE1029A002A00D19AE1039998472A000E
:1000C00001210598F3F72CFFF3F784FEA5E7626D95
:1000D0000D000792220082321288024227D07F4A06
:1000E0009B181B889DB21B0B03D07D4B0A001B681D
:1000F0009847724B0C2218787023011D4B43032143
:10010000023042435433FF3352188B439B186D4ADD
:100110008B4310783822424352189B188B43009A25
:1001200070492D0452189B181B881D43256521001A
:10013000802382310A885B001A424BD113430B8023
:10014000D3070FD5230046331B78012B0AD1220099
:1001500042321278002A05D02200433203981370ED
:10016000FFF73EFB2300012078331A889A800A3378
:100170001B88034248D1A36C2365636521000122DB
:10018000022582310B881A402B4200D07FE02B439E
:100190000B80002A10D02B00FF223900524802F0B9
:1001A0006FFA636D05005808636E5908D2F738FF7F
:1001B0002800298002F088FA2100823108884B4A01
:1001C0000240022A06D1019B5B0703D58023DB0096
:1001D00003430B80049B1B0700D559E7236D049A4A
:1001E000A36566231A4200D054E71300DB0600D44F
:1001F00088E022008023823211880B431380230081
:1002000002228D331A7045E72C4B0C211E78702387
:10021000321D53430322023671435433FF3389188E
:1002200093435B18274993430E783821714389180B
:100230005B1893432E49009A52189B181A88230082
:1002400091331B782B495B00595A9C2349009B0032
:100250009205920D5B1A9B1A274A1EB29B18274AD9
:100260009BB2934204D900221D4B11001B68984792
:10027000002E05DB23006E331E80A56465657DE7D7
:100280001F4B013DF6182D0136B22D09F0E7002A6B
:1002900092D0636D5808079B5B08C01A636E00011B
:1002A00000095908D2F7BCFE002985D085202B0013
:1002B000FF223900800072E7B40500000506000047
:1002C000A004000007060000024000500440005057
:1002D0000640005020060000B80500000A4000500B
:1002E00058060000084000501302000002040000FD
:1002F0000C40005088050000E10400005107000098
:1003000071020000019B1D0A00D1C3E60323019A7C
:100310001A400492019A1A4200D1BBE6042D06D974
:10032000230082331B889B0601D5043DADB2BC4A35
:10033000BC4B94461878009B0C22634400937023B6
:10034000011D4B430321023042435433FF33521803
:100350008B439B18B44A8B4310783822424352187F
:100360009B18009A8B439B181E88049BB6B28B4245
:100370002FD1AB1D9BB2FF223900AC4802F080F9AF
:1003800023008570868078331B88038002F09CF9F7
:1003900022000423823211880B431380A14B0C22CC
:1003A00018787023011D4B4303210230424354331C
:1003B000FF3352188B439B189B4A8B43107838228B
:1003C000424352189B18009A8B439B1800221A80B4
:1003D00060E60623FF223900954802F051F9049B9C
:1003E000068045800371D1E7029B002B00D066E6B2
:1003F000453000DA68E62A00002162E68D4BC9B27A
:100400001B688A00D458002C00D1BFE023008C3335
:100410001A780323534322008E32127839029B1834
:1004200001220A4392B2DBB201922200903210788C
:10043000002820D07B4A0C21157870221B010293E2
:100440002B1D53430235694354336D3AFF338918EA
:1004500093435B18744993430D7838216943891895
:100460005B1893430299AB3393435B187249591855
:100470000988C90B0CD10822823423889343421E79
:100480009041C00018432080F8B2FEF7EDFEABE5C6
:100490006A4959180888024069481B181B889BB292
:1004A0000093032A2ED0002A6AD00D882D0A042D2D
:1004B00032D9230082331B885B0601D5043DADB2DF
:1004C000A66A002E05D15F4B3200310001201B6867
:1004D0009847009BB2885D19F3889B059B0D9B187C
:1004E0009D421BDB2000283003F044F9236B9E4221
:1004F00001D100232363B088E7F7DEFAFF220199D8
:10050000514806E00098E7F7DDF98320FF220199C2
:10051000800002F0F3F801E0002DD1D1414B03211E
:1005200018787023021D5A430230643B434354320F
:10053000FF325B188A43D2183B4B8A431878382322
:1005400043433E485B1884461020D2188A43029BDE
:10055000AB328A436344D21813888343138022004A
:1005600090321378023A013B937013780F380133BD
:1005700003401370023A127851435B18DBB254E720
:10058000304B110001201B689847C7E722002D4B14
:100590001B6803203EE0274ACBB212689B009C58A0
:1005A000002C32D02600F3F7DBFC8D3633780500C3
:1005B000013B012B05D90022224B110001201B68B1
:1005C000984701212000E5F7C7FF3378022B05D1BA
:1005D00016220121F8B2FFF763F805E5A36C626EFD
:1005E00029009B1822001B011B09A3647A3213887F
:1005F00001331380154AA37D527A9B18A3758C345E
:1006000000222078FFF766FAEEE4220021000120A4
:100610000C4B1B689847E7E40A4B1B68B9E7C046D8
:100620001440005005060000070600000B02000001
:100630000D020000B40500000040005002400050D0
:1006400004400050580600000E0200004419031830
:10065000F0B583008BB0EF4F0593059A3B680C24EF
:100660009D182E6804900391002E00D057E23100AF
:10067000982002F03DF93B68059A28609D58002DAE
:1006800000D183E2F3F76CFC982231000990280036
:1006900004F016FCE04B049A2B62E04B0121AB61A5
:1006A000DF4B9B7AAB7580239B01AB822B008C3395
:1006B0001A70039B0533DA7F13008B4303D0D94BA9
:1006C00003201B68984728000123823002882900F4
:1006D0009A43039B2E005C1DE37F7E311A43002367
:1006E000AB670B8003997036C97989003180039913
:1006F00009898900296603994989890069660399EE
:100700008E89290072310E800399C9894901A96631
:1007100003994E7D29008B310E700399C24E897D5D
:1007200049008E5B290076310E801021BF4E1640A5
:100730003143018029008E310B808B700E396B6242
:100740002B630B802B001B2184331980039B063302
:10075000DB7F991E012900D8E4E1A421490028008B
:1007600086300180418029001B208A31CB710B72B9
:100770002B000870002193331970D30704D52B0088
:100780008C331878FEF7ECFC7027E37F5A1E9341F8
:10079000049A02335743A64ABA181380039B0633C0
:1007A000DE7F0C23B40022009A4305D000229D4B2B
:1007B000110001201B689847032332009A4305D09B
:1007C0000022984B110001201B689847344388266B
:1007D000984B76013443FB181C80049B1C02964BFB
:1007E0001C4205D000228F4B110001201B68984746
:1007F00020231C43914B0126FB181C80039B0024E3
:100800001A888F4B8F48FB181A80039B5A888E4B8F
:10081000FB181A80039B9A888C4BFB181A80FF22C6
:100820008B4BF9180B8893431A00039B9B79134356
:100830000B80039B1F210733DA7F2B008B331B7840
:100840000B401B0251030B43824972400B43824908
:100850009BB279180B80814B5202FB181C802B0035
:100860008233198801400A431A807D4B04982D3346
:100870001A787C4BFB181A80FEF78CFEFB227A4B11
:100880007F21FB181A80794BED3AFB181C80784BBE
:10089000FB181A80039B1A7C5B7C1B021343754A6E
:1008A000BA181380039B9A7CDB7C1B021343724AA9
:1008B000BA181380039B1A7D5B7D1B0213436F4A9A
:1008C000BA1813806E4BFB181C806E4BFA181388F5
:1008D0008B4313806C4BFA181388B34313806B4B14
:1008E0000322FB181C806A4BFB181C80694BFB1809
:1008F0001C802B008C331B7806935343DBB2079389
:1009000070200C26631C0893634B19780B1D43431E
:10091000023171435433FF33033193435B185F4912
:100920002C368C4609789343714303315B18079941
:1009300093430C19E4B221010591AB335849934319
:1009400058180599089C401801212140079C6118FE
:10095000C9B20901C9183F4B8908194389B20180FE
:1009600070200C244C4B19780B1D4343023161431A
:100970005433FF33033193435B1861460978934343
:10098000714303315B1893434649AB3393435B1880
:10099000059964345B18002119803F4B1878031DBA
:1009A00063430230643C60435433FF33033093436A
:1009B0001B18604600789343704303301B18934321
:1009C0003948AB3393431B1805981C18089B2180AA
:1009D0000124022B94D1304B6F3419780B1D6343E3
:1009E0000231643C61435433FF33934303315B185A
:1009F0006146097893434E4303369B199343AB33C7
:100A00009343302206994A439B18284A9B089BB27D
:100A10004EE0C046B4050000A9FE021885F8021891
:100A2000441903185806000098360318FFFBFFFF0F
:100A30005041005056410050FFE0FFFF524100502E
:100A40005E410050FFFDFFFF6041005062410050D9
:100A5000644100500080FFFF68410050B8410050E1
:100A6000200600006A410050884100508A41005031
:100A70006E41005082410050844100508641005038
:100A80007A410050764100506C410050B241005014
:100A9000B4410050B64100500506000007060000B2
:100AA000004000500240005004400050744100508B
:100AB000BF183B802B000122012182331B881A4082
:100AC0000B4232D1039B186A2B006E3328651A80C3
:100AD0001300296DA8646965A96551420B4029007E
:100AE0001BB26C310B801C21002A04D0290070310C
:100AF00008882A4941435242134004980022E9647D
:100B0000AB600999FEF7E6FF2A0000242B698C32BE
:100B10001178009404206A6E9BB2E6F72BFD20004A
:100B20000BB0F0BDA921090119E6039B9C26D969E8
:100B30000633DC7F1A4B6000C35A03985B00008BBE
:100B4000B6001B1808009BB2B34218D829652900CB
:100B50006E310B8003990831CE7F0421002E03D023
:100B60004918012C00D904312C00703424882E6ED1
:100B70006408A4192018401800010009A9E7094FCA
:100B80000130DB1900019BB20009DDE7064B2A00AA
:100B9000290001201B689847C1E7C0467102000088
:100BA0002C1703188FFDFFFF58060000F8B5184BEF
:100BB00005001B680F009847164BAA001B6806002B
:100BC000D05800281BD003008D331C78002C03D094
:100BD000012C11D0002409E0002F0DD02100E5F7F1
:100BE000BBFC162201212800FEF75AFD0A4B3000FB
:100BF0001B6898472000F8BD02221A70EAE7074BED
:100C0000020001001B68012098470C24EEE7C04653
:100C1000E4050000B4050000E805000058060000E7
:100C2000F0B5354B85B01B680E0001909847019BCD
:100C3000324F9B000293029A3B680C259C5803900C
:100C4000002C18D0636A002B05D000222C4B110019
:100C500001201B6898476662260008238236328886
:100C6000019813433380FEF7FFFA23008D331D787C
:100C7000002D07D00025234B03981B6898472800B8
:100C800005B0F0BD3388DB07F4D5230094331B781F
:100C9000002BEFD03B68029A9F58F3F761F9A36CE1
:100CA000626E1B1A1B0106001B099342E2D9290040
:100CB0003800E5F751FCA36C626E9B1B1B011B09FE
:100CC000934205D8002231000198FEF703FFD2E7D6
:100CD00027007A373988002904D1094B0A000120FE
:100CE0001B689847A36C626E9B1A1B011B09A364C7
:100CF0003B88013B3B80DEE7E4050000B4050000D3
:100D000058060000E8050000F0B5334B85B01B68BD
:100D10000D0001909847019B304E9B000293029A70
:100D200033680C279C580390002C13D02000290016
:100D30002500283002F0D6FC082382352A88019845
:100D400013432B80FEF790FA23008D331F78002F7A
:100D500007D00027224B03981B689847380005B03E
:100D6000F0BD2B88DB07F4D5230094331B78002BD0
:100D7000EFD03368029A9D58F3F7F2F8A36C626ED5
:100D80001B1A1B0106001B099342E2D939002800F7
:100D9000E5F7E2FBA36C626E9B1B1B011B099342F0
:100DA00005D8002231000198FEF794FED2E7250015
:100DB0007A352988002904D10A4B0A0001201B68D2
:100DC0009847A36C626E9B1A1B011B09A3642B88B6
:100DD000013B2B80DEE7C046E4050000B4050000BF
:100DE000E805000058060000F0B5374B85B01B68D9
:100DF000009002919847009B344F9B000193019A09
:100E00003B680C259C580390002C0ED02600102225
:100E1000823633889343029A511E8A41120113434A
:100E20003380029B002B07D10025294B03981B68B8
:100E30009847280005B0F0BD0098FEF715FA23008A
:100E400090331B78002BEFD023008D331D78002DBD
:100E5000EAD13388DB07E7D5230094331B78002BD6
:100E6000E2D03B68019A9F58F3F77AF8A36C626E60
:100E70001B1A1B0106001B099342D5D92900380013
:100E8000E5F76AFBA36C626E9B1B1B011B09934277
:100E900005D8002231000098FEF71CFEC5E72700A8
:100EA0007A373988002904D10A4B0A0001201B68CF
:100EB0009847A36C626E9B1A1B011B09A3643B88B5
:100EC000013B3B80DEE7C046E4050000B4050000BE
:100ED000E805000058060000F0B587B002930CAB9F
:100EE0001B88060003930DAB1B88019204930EAB85
:100EF0001B88009105931F4B0C251B6898471E4BC0
:100F0000B2001B680700D458002C26D023004633BB
:100F10001978A21D002927D101311970059BD387AB
:100F2000009B9900A31CD987019B9A00029BA28772
:100F30009A00039B6263E387049B5B01A363636E78
:100F40009A4207D2230092331978012902D930003E
:100F5000FEF74CF900250434E587084B38001B6880
:100F60009847280007B0F0BD054B002203201B68FE
:100F70009847EFE7E4050000B4050000E80500002D
:100F800058060000F8B5154B04001B680E0017004A
:100F90009847134BA4001B680500E0580C24002858
:100FA0000DD0030046331C78821D002C0DD1022188
:100FB00034301970D7873100052203F065FF094BE3
:100FC00028001B6898472000F8BD074B210000222D
:100FD00003201B6898470C24F1E7C046E405000095
:100FE000B4050000E805000058060000F0B585B023
:100FF00005000393134B02921B6801919847124B13
:10100000AA001B680600D4580C27002C12D023001D
:10101000029A84331A80019A28005A80039A002782
:101020009A80FEF7B7FA2300923328001978626E8F
:10103000FEF7DCF8054B30001B689847380005B018
:10104000F0BDC046E4050000B4050000E80500005E
:10105000F7B5060001931C4B00921B680D009847E2
:101060001A4BB2001B680700D3580C24002B1CD06D
:101070001A0046321478991D002C1CD103201070E0
:10108000019A6800CA871A000099343215705170AD
:101090005E3212780E495200405A525A904204D998
:1010A000290030005A6EFEF7A1F80A4B38001B6881
:1010B00098472000FEBD084B2100002203201B683A
:1010C00098470C24F1E7C046E4050000B405000091
:1010D00024170318E805000058060000F8B50500BD
:1010E0000E4B0C001B6898470D4BAA001B680600AE
:1010F000D3580C27002B0BD0596E0027A200914229
:1011000006D992331978012902D92800FEF76EF822
:10111000044B30001B6898473800F8BDE405000018
:10112000B4050000E8050000F8B50400144B0D00FC
:101130001B689847134BA2001B680700D3580C2666
:10114000002B09D01A0092321178042D0AD1200008
:101150005A6EFEF74BF800260B4B38001B68984779
:101160003000F8BD094A68004900805A8A5A0026B2
:101170009042F1D9290020005A6EFEF737F8EBE7CC
:10118000E4050000B4050000E8050000241703187A
:1011900010B50400074BA4001B689847064B1B685A
:1011A000E3581C1E01D078331C88044B1B689847F9
:1011B000200010BDE4050000B4050000E8050000B3
:1011C000F0B5040085B002932B4B0F001B6803920F
:1011D00098472A4BA4001B68E458002C40D02300F9
:1011E00022007A3319887832A36C1588666E0193D1
:1011F0006E346D182488ADB2214B1B68984780234C
:10120000E91B1B0299422FDD0FB27E43019B1D4952
:10121000F618029B36011F68360978000019D1F7CD
:10122000EFFE039B8519280159004009D1F7F8FE0C
:10123000154B88B21D40AE1B36013509114E6E4369
:10124000341B002C13DD0134029B64103F1B1F6014
:101250000A9B1B681C1B01930A9B1C6005B0F0BD18
:10126000250026000194C7E77F1B3FB2CDE7013C74
:10127000E30F1C19E8E7C046E4050000B4050000D0
:10128000E805000071020000FEFFFF0FF7B5040043
:1012900001931C4B0D001B68009298471A4BA40049
:1012A0001B68E3581E001C001F1E09D019001A00FD
:1012B00078317A320E8811885F6E76189C6CB6B2DF
:1012C000124B1B6898478023701B1B02984216DD47
:1012D00005B2009B7D439E00019BB6B25800201AC8
:1012E0004019000131000009D1F79AFE711A8E42AF
:1012F00000D100210648484301304010FEBDAD1B1F
:101300002DB2E6E7E4050000B4050000E8050000A2
:10131000710200000D4B02001B688000C35810B51D
:10132000002B12D0702004245043094A82338018C5
:101330000288A2438C002243028040201A88824304
:10134000481E814189011143198010BDB405000078
:10135000524100500D4B02001B688000C35810B56D
:10136000002B12D0702002245043094A8233801887
:101370000288A2434C002243028020201A88824324
:10138000481E814149011143198010BDB405000078
:10139000524100501C4B70B51B688400E358002B71
:1013A00030D070235843194B1600C41800232380F3
:1013B000174C083604192380164C04192380164C48
:1013C00004192380154C04192380154C041923801B
:1013D000144BC318557814782D022C4302321C800C
:1013E00002339642F6D1104BC0180F23CA18013AA7
:1013F0001478CA5C2402023B2243DBB20280023032
:10140000FF2BF3D170BDC046B4050000A4410050CD
:10141000A6410050A8410050AA410050AC410050E4
:10142000AE4100509C4100508C410050F8B5060080
:10143000114B0F001B689847104BB2001B6805004A
:10144000D458002C10D0702046430D4B3900F618AC
:1014500030880C4BC0B25B69984704000A4B2800E7
:101460001B6898472000F8BD084B2200310003207C
:101470001B689847F2E7C046E4050000B405000089
:101480006A41005020060000E805000058060000F0
:1014900070B50D4B05001B6898470C4BAA001B68E4
:1014A0000600D458002C08D09334247864B2084B3A
:1014B00030001B689847200070BD064B22002900B1
:1014C00003201B689847F2E7E4050000B40500001C
:1014D000E80500005806000070B50F4B06001B68B9
:1014E00098470E4BB2001B680500D458002C0CD056
:1014F000636D616E58084908D1F792FD8CB2084BB4
:1015000028001B689847200070BD064B2200310060
:1015100003201B689847F2E7E4050000B4050000CB
:10152000E80500005806000070B50E4B04001B686B
:101530000E0098470C4BA2001B680500D258002AE9
:1015400009D0723220001680FDF70AFE074B2800F2
:101550001B68984770BD064B210003201B68984705
:10156000F4E7C046E4050000B4050000E80500000B
:1015700058060000F7B5144B05001B6801920F00D8
:101580009847124BAA001B680600D458002C14D0B0
:10159000230074331F8082342800FDF7FBFF22886C
:1015A0000B4B1A40019B591E8B415B031A4322804F
:1015B000084B30001B689847F7BD074B22002900F5
:1015C00003201B689847F3E7E4050000B40500001A
:1015D000FFDFFFFFE80500005806000070B5012896
:1015E0000AD0022810D10F4B1878013840B285007C
:1015F0000D4B1B68002808DA0A4B00211A780A4BA9
:101600009200186803F05CFC70BD5B59C4B2002BFB
:1016100004D0162200212000FEF742F8013C60B2FF
:10162000043DE5E705060000B4050000084B800016
:101630001B68C358002B09D01A0082321288D207C7
:1016400004D5044A49008A5A76331A807047C04646
:10165000B405000098360318F8B507001C000D4BC0
:101660000E001B68150098470B4BBF001B68FB580A
:101670000C27002B09D01A0000277C3212883280F8
:101680005A6D6E332A601B882380044B1B68984771
:101690003800F8BDE4050000B4050000E8050000CE
:1016A000F8B504001D00184B0F001B681600984782
:1016B000164BA4001B68E3580C24002B11D01A0011
:1016C0008232118802220C00144011420ED01A00FE
:1016D00000247C3212883A805A6D6E3332601B8847
:1016E0002B800B4B1B6898472000F8BD1A0019008F
:1016F00078327A311288098852183A809A6C6C33A1
:1017000032601B882B80ECE7E4050000B405000084
:10171000E8050000002801D0014B18607047C04662
:10172000B805000008000400400010006001B4008B
:10173000500BEE0350002C00D002CE0110B5024C2D
:101740002468A04710BDC046DC05000010B5024C5F
:101750002468A04710BDC046E005000010B5024B4C
:101760001B68984710BDC046D805000010B5024B55
:101770001B68984710BDC046D405000010B5024B49
:10178000C91803F081FB10BD00400050030010B5E4
:1017900002480818190003F077FB10BD0040005004
:1017A000034A034BC35C801840780002184370471B
:1017B00000400050024BC0180170090A4170704788
:1017C00000400050014BC05C7047C04600400050D4
:1017D000014BC1547047C04600400050004870475C
:1017E0003419031870B500251F4C257001F08EFCCC
:1017F0001E4B28001A681E4B92B2196800F0E0FFD9
:101800001C4B01201A681C4B92B2196800F0D8FFDB
:101810001A4B02201A681A4B92B2196800F0D0FFD6
:10182000184B03201A68184B92B2196800F0C8FFD1
:10183000207802F0E9FF1549280003F073FA2078B8
:10184000E2F7B0FDE2F7C4FB2078E2F77DFB2078F9
:10185000E5F7D0FE207800F095F90D4B1B6898470E
:101860000123237070BDC04654060000F00500003F
:10187000C4050000EC050000C0050000F4050000F0
:10188000C8050000F8050000CC0500003419031855
:10189000D00500001D4B70B51B689847050001F08E
:1018A00053FC1B4C207802F0AFFF2078E2F77AFD62
:1018B0002078E2F749FB2078E5F79CFE207802F0DB
:1018C00065F82078E4F718FD2078E5F7FDF8207832
:1018D000E5F700FC2078E4F73DFF2078E5F7C2FD4E
:1018E000207800F04FF92378022B02D1094B1B68B6
:1018F000984702232370084B1B68002B00D09847A1
:10190000064B28001B68984770BDC046E4050000E0
:1019100054060000200600005C060000E8050000F8
:1019200010B5034BDB8ADB0701D401F0C3FB10BD0C
:10193000700600003D1703184D1703185D170318B4
:101940006D1703180501050110010A010E011001B0
:1019500005010A010C010A010A011FB5052001F069
:1019600059FBA021102268464900FFF707FF69468E
:10197000002002F091F805B000BD000001224021D6
:10198000094B524210B59A60084A13688B431360A2
:1019900000F02AFD002802D000F00AFD10BD04204E
:1019A00001F016FBFAE7C046700600001800005070
:1019B000074B10B51B78002B03D0064B1B689847CC
:1019C00010BD054BC0030549C018D1F719FBF7E757
:1019D000680600008C0600003F420F0040420F00E6
:1019E000802270B504000D4D12062B6813432B6046
:1019F0002B68002BFCDB0A4B1B689847094B2D68B2
:101A00001E68094B2D011B6898479C239B002D09DC
:101A10009E1B20002560666070BDC046F800005027
:101A2000E4050000FC000050E805000010B50400CB
:101A3000054B1B689847054BDA8A1443DC82044B3C
:101A40001B68984710BDC046E40500007006000002
:101A5000E805000073B5434DEB8ADB0760D5EB8AE0
:101A6000002B63D19C246846FFF7BAFF019BA400BA
:101A7000E41AAB8A287E9C42A441009B6442E4188D
:101A8000431E9841C823384E4042DB0006400234D2
:101A9000F618AB68240124095A1C07D0334A12688F
:101AA000002A45D09047864200DD06002B685A1C6C
:101AB0000DD080211A1B1201090512098A4203D98F
:101AC000E31A1B011B095A42964200DD16006A68A0
:101AD000531C0DD08021131B1B0109051B098B42D0
:101AE00003D9A41A2401240963429E4200DD1E008A
:101AF0000A2E1BDD1E4B1978002925D01D4B300006
:101B00001B689847441E03F073F900280CD0082086
:101B1000FFF78CFF184B20009B6A9847022006E0D5
:101B200001F032FB00289AD1002000E0012076BDB0
:101B30008022181B0001120500099042B3D9E01A57
:101B4000000100094042AEE70C4B9E4204DD0C4B05
:101B50000A0001201B6898476421B002D1F758FAA7
:101B6000D0E7C04670060000C0DD57006C060000DC
:101B7000680600006406000020060000FEFF3F002B
:101B800058060000F0B585B0002804D001380128BF
:101B90000AD905B0F0BD3C49052001F0FDF98020CF
:101BA0004000FFF743FFF4E702AB9F1D0123374CD2
:101BB0005B420022A36023606360A02380213A700F
:101BC000E260DB05E2821A6809060A431A601A68B5
:101BD000D10F0191002AFADB2D4B2E4A2E4D1A60AF
:101BE000012302AA537102AB591D3A0011202B6840
:101BF0009847061E06D0019B3B7080204000FFF7EF
:101C000015FF2DE03B78002BF7D002ABDA1D591DF4
:101C100012202B689847002801D002ABDE7102AB7E
:101C2000DB792E205A1E93412376022302AA537198
:101C3000220002AB591D14322B689847002802D0AD
:101C4000C8235B00A38200238020144923610A6813
:101C5000237E0006DB0752001B18520813430B605B
:101C60000F4B104A104C1A60012302AA02A95371AB
:101C7000182022002B6805319847002800D188E7FA
:101C80000323237085E7C0465B1903187006000024
:101C9000180000500E8000001006000030000050B8
:101CA000E00000502C017C011C06000010B504006F
:101CB000054B1B689847054AD38AA343D382044B3C
:101CC0001B68984710BDC046E40500007006000080
:101CD000E8050000024BD88AC004C00F7047C04618
:101CE00070060000F0B51D4B85B01B6804000D00A8
:101CF0000290039101919847194B1A4E01909C60F4
:101D0000621C26D0DD6080235B059C4205D3002247
:101D1000154B110001201B689847144B1C609C2434
:101D2000A400A54205D900220F4B110001201B6819
:101D300098470F4B641B1C6040230E4A13603268A7
:101D40009A43134333600C4B01981B68984705B0C6
:101D5000F0BD402233689343F4E7C046E405000039
:101D6000700600001800005058060000F0000050F7
:101D7000F400005020000050E80500000E4B70B544
:101D800004000E4D1860431C11D0030F05D0002233
:101D90000B4B110001201B6898470A4B0A4A1C6034
:101DA000102313602A689A4313432B6070BD1022DE
:101DB0002B689343F9E7C0467006000018000050F6
:101DC00058060000E4000050200000501A4B70B587
:101DD00005000C00194E5860431C28D09C239B0022
:101DE000994204D9164B002203201B6898472B0FF9
:101DF00005D00022124B110001201B6898479C213E
:101E00008900104B0C1BA4B21D60A30A05D0002250
:101E10000B4B110001201B6898470B4B0B4A1C60B1
:101E20002023136032689A431343336070BD20222D
:101E300033689343F9E7C04670060000180000506D
:101E400058060000E8000050EC0000502000005050
:101E500070B5040010200D00FFF7E8FD9821280060
:101E600010224900FFF792FC234B1B6898476178CA
:101E70002378A27809021943E378120411431B0660
:101E80001E4A0B43136061792379A2790902194331
:101E9000E379120411431B06194A0B431360617A5C
:101EA000237AA27A09021943E37A120411431B062A
:101EB000144A0B431360617B237BA27B0902194305
:101EC000E37B120411431B060F4A0B4313604C22A1
:101ED0000E4B0F491A6004230E4A13600A689A4396
:101EE00013430B6001210C4A13680B4313600B4B27
:101EF0001B68984770BDC046E4050000B400005060
:101F0000B8000050BC000050C0000050C400005099
:101F10001800005020000050B0000050E8050000FC
:101F20000823074A074913600A689A431343A0220B
:101F30000B608021D205136809050B4313607047BD
:101F40002000005018000050F7B510226A4B1C68A2
:101F500014420BD00121694B49421A60684B196049
:101F600068490B6893430B60E4F7FEFB20221442A0
:101F70000BD00121614B49421A60614B59606149A4
:101F80000B6893430B60E4F71FFB0122144239D026
:101F90005A4B5B4D1A60EB8A134233D06846FFF709
:101FA0001FFD0122574E009F336838009343336072
:101FB0000199009700F0DEF92B685A1C0AD0BB4249
:101FC00008D1012310225B422B60336893433360B6
:101FD000E4F7CAFB6B685A1C0AD0BB4208D1012344
:101FE00020225B426B60336893433360E4F7ECFA82
:101FF000AB685A1C03D0BB4201D1FFF7BFFC0120E4
:10200000FFF754FE80252D022C4203D0E4F778FD23
:102010003A4B1D6002231C423ED0384E08203360EC
:10202000394B1F68FFF742FE0120FFF7FFFC374BDB
:102030001B78002B53D0364B38001B68984707009D
:1020400038003449D0F7DCFF8023334A1B060343B2
:1020500013609C232F4D9B004543ED1BED18ADB243
:10206000AB0A05D000222D4B110001201B689847B8
:1020700008212B4B2B4A1D6013680B431360214A28
:10208000294913680B400121136013688B430B43EC
:102090001360316002F0A4FE40231C4203D0174AB3
:1020A0001360FFF76BFC04252C420BD0134B102060
:1020B0001D60FFF7FBFD134A05201368AB43136057
:1020C00000F086FF0822144207D00C4B0D491A601D
:1020D0000B6893430B60E4F7EFFA2000FEBD3D254B
:1020E000074AF9001369FB186F435B18180ADBB243
:1020F00013613F18A4E7C0461C00005020000050A8
:1021000070060000180000503800005068060000FB
:1021100060060000710200004400005058060000F4
:102120004000005030000050FFFFFF8F0122F0B54B
:1021300085688C68074F2B1B1B01C668C968100097
:102140001B09BB4204D80020A54201D1B142404145
:102150001040F0BDFEFFFF0710B5848803000A0C95
:102160000020944204D1D88889B2401A4342584191
:1021700010BD10B5C2884C8803000020944205D1E0
:102180009B880888C01A43425841C0B210BD000065
:10219000074B70B51B680400984705002000FFF747
:1021A0001FFC044B28001B689847200070BDC046E8
:1021B000E4050000E80500001FB5040002A8019135
:1021C000FFF7E6FF029A0849A31A1B0101201B0929
:1021D0008B4206D80020944203D1019B039A9A4275
:1021E000404104B010BDC046FEFFFF077FB5012689
:1021F0007642042000F00EFF174B1D69002D29D0F8
:1022000002A8AC68FFF7C4FF029BE41A033C134B1F
:10221000240124099C4210D8A868E968FFF762FDF0
:10222000A868E968FFF7C8FF002813D001200C490F
:10223000404200960191FFF755FD0A4801F09AFAD5
:102240000400C188FF22808800F058FA200000F0C6
:10225000D9FBCEE77FBDC046E4060000FEFFFF07C6
:1022600071020000F406000037B56B46084D9880F7
:10227000D9802800074901AA00F069FA041E05D098
:102280000830EB689847200000F0BCFB37BDC04623
:102290009006000073210318F7B507000E00150023
:1022A000054C0193200001F007FA019BA760E6604E
:1022B00025616361F7BDC04690060000F0B59C271C
:1022C000002689B0019002910392BF001C4D019B32
:1022D000AA6901369818029BEA6900019918000959
:1022E000B94204D9174B013000010009C918A8618F
:1022F000E961FFF7F7FC04A8FFF74AFF039B049C82
:10230000114A002B14D0AB69E31A1B011B0993423D
:102310000BD804A9082206A8013402F0B5FD20015B
:10232000000907990690FFF7DDFC300009B0F0BD09
:10233000A869241A240124099442C7D9F5E7C046A4
:102340009006000090FDFFFFFEFFFF0773B56C468F
:102350000E0005002000FFF71BFF054B2800183377
:1023600006CC06C331000022FFF7A8FF73BDC046AC
:102370009006000007B50C4B00905A69002A0DD05A
:1023800001009869081A80210001000909058842A6
:1023900005D8002803D0054B5843904707BD9869DE
:1023A000D969FFF79FFCF9E7900600007102000071
:1023B00010B5024B1B69984710BDC046900600003F
:1023C000083810B501000400064801F0DDF90028C6
:1023D00007D0A088FF22E18800F090F9200000F0EB
:1023E00011FB10BD90060000024B9868431E9841F7
:1023F000C0B270479006000010B50420014900F0FB
:10240000CBFD10BDED210318F0B5434F87B0BB687D
:10241000060014000091002B14D0FFF725FF0221C5
:102420000C2000F065FA0500009B0100C380868047
:10243000380001F057F928002100BB6808309847A0
:1024400007B0F0BD354F3B69002A00D10134A0220E
:102450009204944200D3324C0193002B0BD0002104
:102460009A880191B24206D1DB88009A9B1A5A429F
:102470005341DBB20193009B32042A492A481A4394
:1024800000F065F9051E0ED10221102000F030FA8F
:10249000051E05D1254B020001001B68012098474D
:1024A000009BAE80EB80FA22D200544304A8FFF7D1
:1024B0006FFE20001E49D0F7A3FD049B1C49C018E5
:1024C00006012000D0F7ACFD9C23059C36090C19B1
:1024D0009B009C4204D9174B013636013609E4189B
:1024E000154A29001048AE60EC6000F050F9019ADE
:1024F0003B69002A01D19D4203D19868D968FFF752
:10250000F1FB30002100FFF757FE002800D197E7CC
:10251000042000F05DFD93E790060000E406000053
:10252000FFFF7F0259210318F4060000580600003F
:102530007102000090FDFFFF2D2103181F4A0300C8
:10254000926873B5002A02D0FFF78EFE73BD1C4D52
:102550002C69002CFAD0A2881A489A4226D1E28827
:102560008A4223D101F006F92D696B46002D17D060
:102570002A001900083241CA41C100985968FFF782
:10258000B1FB002D08D0A868E968FFF715FE002808
:1025900002D0042000F01CFD200000F033FAD5E743
:1025A000012252420092084A5A60E6E71A040A439E
:1025B000064900F0CCF8041EC8D0EDE790060000F4
:1025C000E4060000F406000071020000592103181F
:1025D000124A030013B59068002811D068461468A9
:1025E0008380C180002C03D1631E9C41E0B216BDE4
:1025F000200001A9FFF7BDFD0028F5D12468F1E70F
:10260000074A10690028F2D082889A4202D1C28813
:102610008A4201D00068F5E70120E8E79006000053
:10262000E406000070B5FA26F6004643114B124945
:1026300030001C69D0F7E4FC0F4905003000D0F7EA
:10264000EFFC9C229200002C00D170BDA368E068D2
:10265000EB181B011B090818A360E060904206D923
:1026600001331B011B09A360044BC018E060246800
:10267000E9E7C046E40600007102000090FDFFFF9C
:10268000F7B5070018000E000C3002211D00019262
:1026900000F02EF9041E05D10A4B020001001B6850
:1026A0000120984701235B422360019BA780E680BD
:1026B000658123810C342A000021200002F000FCF7
:1026C0002000FEBD5806000070B5094B04001B68D1
:1026D0009847210005000C39064801F003F8064B25
:1026E00028001B689847032000F072FC70BDC046AC
:1026F000E4050000E4060000E805000010B5002332
:10270000FFF7BEFFFFF7E0FF10BD030010B50C3B65
:10271000D9801A81FFF7D8FF10BD10B504000C3C1A
:10272000A180E2802381FFF7CFFF10BD10B500F03C
:1027300069F910BD0C38C08870470C3800897047A3
:102740000C3800680130431E9841C0B27047F7B59D
:1027500005001700002604680191002C0ED0019B93
:10276000390020009847236800280DD0002E07D09C
:1027700033602368002B05D0002323602000FEBDBA
:102780002B60F6E76E60F9E726001C00E5E7F7B579
:1027900007000C00002605680192002D08D02900D2
:1027A0002000019B9847002803D12E002D68F4E7F4
:1027B0007C602560002E01D03460F7BD3C60FCE7F2
:1027C00070B50326CB1C8918B343084CB143851D53
:1027D000AD00C91A2B5159800549143019800021C8
:1027E000400059609960025370BDC046E406000085
:1027F0005AA5FFFF0C4A831D9B0070B59D580B4BDB
:1028000014301B684000845A984703232C199C43BA
:1028100023006C885D1B641B63425C41044BE4B283
:102820001B689847200070BDE4060000E405000026
:10283000E80500000323F7B503309843051D0F009A
:102840000C2D00D20C25254B1B689847FB1C0190D2
:10285000009303233B40224A06339B009E58002EE0
:1028600005D1204B3200310001201B68984700241D
:10287000002E15D1002C05D02A0063880C3293421B
:1028800000D21D00009BBB4202D00137002CE0D0DB
:10289000154B01981B689847631E9C41E0B2FEBD32
:1028A0003288124B9A4205D000220E4B11000120B3
:1028B0001B6898477388AB420BD32A000C329342B3
:1028C00002D2B268002A04D0002C04D062889A4256
:1028D00001D87668CCE73400FBE7C046E405000089
:1028E000E406000058060000E80500005AA50000B4
:1028F0000323F0B5C51C9D4385B0043501900091BC
:102900000C2D00D20C25394B1B689847009B009F6B
:1029100003330390029303233B40354A06339B0065
:102920009E58002E05D1334B3200310001201B6828
:1029300098470024002E24D1002C05D02A0063885B
:102940000C32934200D21D00029BBB4235D00137AE
:10295000002CE0D06388AEB2AB4242D1A16800291E
:1029600004D1244B0A0001201B689847A2686368C1
:102970005360002B00D09A601F4B66802380043484
:1029800028E032881D4B9A4205D00022194B1100D5
:1029900001201B6898477388AB420CD32A000C3285
:1029A000934202D2B268002A05D0002C02D062887D
:1029B0009A4200D934007668BCE7002CCAD10D4D8C
:1029C0000320009A01992B689847220021000120DA
:1029D0002B6898470A4B03981B689847200005B05E
:1029E000F0BD9B1B9BB26380E418C5E7E4050000C3
:1029F000E4060000580600003883FFFF5AA50000D7
:102A0000E8050000F7B5051E05D1484B020001009E
:102A10001B68032098472E1F3188454B994204D0EC
:102A2000424B2A0003201B689847424B338073882F
:102A30000093414B1B689847002301903F4A404850
:102A40000024082B38D0002C2CD0A54205D8002219
:102A5000364B110001201B68984700272288394B0C
:102A60009A4205D00022314B110001201B68984783
:102A700063881A19B24231D1009AD3189BB26268A6
:102A8000191963808A4208D151885B1863805368A2
:102A900063605368002B00D09C602B4B01981B682F
:102AA0009847F7BD9469C15AA54202D309198D42CE
:102AB000C7D904320233C3E7002CC6D11B4B220016
:102AC000210001201B689847002366602B60009B53
:102AD0006C60043D6B801D4B2B80DEE7B4421FD938
:102AE000002F05D1114B3A00390001201B6898478F
:102AF000164B043D7E602B80009BAF60F3189C4218
:102B00000AD163686B606368002B00D09E606388A5
:102B1000009AD3186B80C0E76C60009BA660F9E751
:102B200063682700002BCFD01C0097E758060000F1
:102B3000388300000FF0FFFFE4050000E40600000A
:102B40000C0700005AA50000E80500005AA5FFFF89
:102B50000438034B0088C018431E9841C0B2704728
:102B6000C87CFFFFC088401A43425841C0B270473A
:102B7000F7B5494F3B6898470500484800F0FAFD13
:102B8000474B04001B6828009847002C31D00123D4
:102B90005B4223602000FFF7DBFFE3880093A688F9
:102BA000002806D0310003203E4B009A1B6898474E
:102BB0001FE06B461D783C4B3C4A1B7812780A3369
:102BC0009B189D4205DB374B2A00310003201B6810
:102BD0009847374BAD001B68ED582B89002B17D158
:102BE000304B0220E288A1881B6898472000FFF73D
:102BF0009DFD3B689847294B04001B68002B02D1C0
:102C0000032000F007FA264B20001B689847F7BD09
:102C1000009A120A01929A422BDA2A68002ADFD01F
:102C20006B892448013B591CDAD0D9005518515AF8
:102C30008E4201D0814227D16968002904D1194B05
:102C40000A0001201B6898476D68A088E288002D63
:102C5000C6D0210023890C31A8470128C9D00228F9
:102C600014D00028C2D000220E4B110001201B6896
:102C70009DE70C4B32001B680320009998472B8975
:102C8000019A9A42ACDAC8E7013BCCE721000A4836
:102C900000F028FDADE7C046E4050000E4060000B2
:102CA000E8050000580600000606000008060000BF
:102CB000B0060000FFFF0000EC06000010B5084B56
:102CC00000211A78074B0A321B78D218064B920063
:102CD000186802F0F5F80320044900F05DF910BD12
:102CE0000606000008060000B0060000712B03185D
:102CF000F7B5164B04001B6801919847144F154E09
:102D00003A7833780A32D218050094420BDA124B23
:102D1000A0001C68042624182368002B0FD1019AF8
:102D20001E0022600BE00D4B21001B68032098471A
:102D30003B7832780A339B1803269C42E7DB084B2A
:102D400028001B6898473000FEBDC046E40500001F
:102D50000606000008060000B00600005806000045
:102D6000E80500000B4B70B51B68040098470A4B40
:102D70000A4A1B7812780A339B1802259C4204DA0F
:102D8000AC400025064B1B68E550064B1B68984776
:102D9000280070BDE40500000606000008060000DB
:102DA000B0060000E8050000F7B52D4F2D4A3B782E
:102DB00012780A33C6B29B1804000191050AB34287
:102DC0000EDD294BB2001B68D758002F16D1274BB8
:102DD0002A00310003201B68984700231B89FFDE6F
:102DE0000022224B11001B68012098471D4A3B78A6
:102DF00012780A339B18B342E9DDE2E73A8995423B
:102E000025DA7B685D19002D05D1184B2A002900B1
:102E100001201B6898472B78019A93421FD02A7093
:102E2000220013491348FFF792FC051E17D0124BDE
:102E30001B68984706002900104800F053FC104B0F
:102E400030001B689847032000F0C2F8E8E7074B02
:102E500029001B68032098473B899D42D1DBF7BDC1
:102E60000606000008060000B00600005806000034
:102E7000652B0318EC060000E4050000E4060000E2
:102E8000E8050000F8B51B4F1B4E3B7832780A333B
:102E9000C4B29B18050AA3420EDD184BA2001B68A2
:102EA000D658002E15D1164B2A00210003201B688E
:102EB000984700231B89FFDE0022114B11001B687D
:102EC000012098473B7832780A339B18A342EADD09
:102ED000E3E73289954202DA7368585DF8BD084B22
:102EE00029001B680320984733899D42F4DBFF20AB
:102EF000F4E7C0460606000008060000B006000021
:102F0000580600000020704702207047F7B50226DF
:102F10000D4D01902C68002C00D1F7BDFF22E388F5
:102F200027001340019A24689A4206D139002800EC
:102F300000F02AFC3800FFF7F9FB002CEED1012E3F
:102F4000EBD00126AC68E6E7E40600000A4B0B492B
:102F50001B7809780A33C2B25B189A4209DC084B25
:102F600092001B68D358002B03D01A89030A9A4297
:102F700000D2FF207047C046060600000806000089
:102F8000B006000010B530220021024801F098FF81
:102F900010BDC046B406000070B504000D000A283C
:102FA00007D8002905D0A000074C24180020656030
:102FB00070BD064B2A00210003201B6898470A2C8D
:102FC000F1D90320F4E7C046B4060000580600001B
:102FD00010B504000A2805D90A4B0100002203207D
:102FE0001B689847084B1B6898470A2C05D8012393
:102FF000A340064A11680B431360054B1B689847B2
:1030000010BDC04658060000E4050000B4060000EC
:10301000E805000010B504000A2805D90A4B010094
:10302000002203201B689847084B1B6898470A2C0E
:1030300005D80123A340064A116899431160054B46
:103040001B68984710BDC04658060000E405000004
:10305000B4060000E805000070B505000A2805D98F
:103060000A4B0100002203201B689847084B0024EC
:103070001B6898470A2D04D8064B1C680123EC40B6
:103080001C40054B1B689847200070BD5806000087
:10309000E4050000B4060000E8050000014B1868D4
:1030A0007047C046B40600000022014B1A6070470A
:1030B000B4060000F8B580251F26124C2D062268A4
:1030C000002A00D1F8BD00212B00CB401A4202D1CA
:1030D00001312029F8D1711ACFB20A2F04D90A4B35
:1030E000390003201B689847B90061184968002916
:1030F00002D088472268E3E7034B0A0001201B68DF
:103100009847F7E7B40600005806000010B50D4CCC
:10311000102220000021183001F0D2FE20000822E9
:103120000021283001F0CCFEFFF72CFF0023A36024
:10313000E3602360636023616361FFF7BFFDFFF716
:103140005BF910BDE406000010B50E4C200000F045
:1031500011FB002802D0FFF7E9FAF6E7200008305B
:1031600000F008FB002802D0FFF7E0FAF6E72000A5
:10317000103000F0FFFA002802D0FFF743FCF6E71A
:1031800010BDC046E406000010B5FFF787FF4342BC
:103190005841C0B210BD10B50A2403680200591C82
:1031A00001601B78303B98B211680B78303B092BDB
:1031B00000D910BD4B1C604313600B78303BC01826
:1031C00080B2F1E7002310B5C45CCA5C944204D11C
:1031D0000133062BF8D1012010BD0020FCE70000D0
:1031E00070B50200011D0F260020074D0C7823004A
:1031F00024093340EB5C2C5D1B19C018C0B20B00D6
:1032000001399A42F2D170BDA8360318F0B50D000D
:103210008BB01099EB1805900792039309910295D2
:10322000002D03D00200531E9A410292002904D1BE
:10323000754B0A0001201B689847099B1A783C2AA5
:1032400009D10133099301230093002301221F00B8
:10325000059C01936BE0012100913E2AF5D15B189A
:1032600009930023F0E7303B092B03D809A8FFF7A7
:1032700092FF0200099B591C09911E784E2E31D8ED
:10328000412E31D9300042380C282DD801F0D0FD24
:10329000092C692C2C07382C2C2C8F2C380001235E
:1032A0000193AB180493029B0692002B0ED0039B54
:1032B000A9188B4200D29EE0019B002B02D0009BFC
:1032C000002B1BD02900200001F0E7FD069BE4182D
:1032D0006E2E00D08CE0049B049D013B1A780023E5
:1032E000019324E06E2EDCD0032720E0013A92B255
:1032F000A95C19700133002AF8D1E7E72300FAE747
:103300000123691C9943029B881C002B23D0039B3B
:10331000834200D26FE0009D0B88002D10D02370F7
:103320001B0A63704E2E00D10A8805000234099BE7
:103330001B78002B61D0002F95D038000BB0F0BD6A
:103340005BBA9BB223701B0A63704E2EEDD10A88C4
:1033500052BA92B2E9E74E2EE7D1009B002BF6D08D
:10336000E2E70321EB1C8B4302991E1D00290BD0C1
:103370000399B1423FD3196800980B0C002806D07E
:103380002170090A6170A37035000334CFE7FF2074
:103390000D0400042840FF25DBB22D02184329400C
:1033A00001430B0A2170090C6370A170ECE7032143
:1033B000EB1C02988B43191D00280DD003988842FE
:1033C00019D31B68009E1D0A180E002E07D023700B
:1033D0001B0C6570A370E0700D000434A7E71BBAE6
:1033E000180A23706070180C1B0EA070E370F3E7CE
:1033F0000122049D73E7012799E7002F9DD1059BCA
:10340000E41A079B1C8098E758060000F0B58DB0C1
:103410000892CB180393089B129A1B880C00C318C0
:10342000049006930B920290002803D021004B1EBB
:103430009941029113783C2B19D101320B923B3BFD
:103440000193002301221F00049D05930B9B1B7811
:10345000002B01D0002F12D0039B9C4200D90127E2
:103460003800049BED1A089B1D800DB0F0BD0121B2
:1034700001913E2BE5D1521800230B92E0E7303B3F
:10348000092B03D80BA8FFF786FE02000B9B591CE3
:103490000B911E784E2E36D8412E36D93000423848
:1034A0000C2832D801F0C4FC09316E3131073D31AE
:1034B000313196313D0001230593A3180793029BF8
:1034C0000992002B13D0039BA1188B4200D2A1E0DC
:1034D0000699AB18994200D29EE0059B002B02D0C2
:1034E000019B002B1BD02100280001F0D6FC099B7A
:1034F000ED186E2E00D08AE0079B079C013B1A78DE
:1035000000230593A2E76E2ED7D003279EE7013A4A
:1035100092B2A15C19700133002AF8D1E7E72B00C1
:10352000FAE70123691C9943A31C9C46029B002BCC
:1035300022D0039B63456DD306988B1C98426BD3B6
:10354000637820781B0203430198002809D00B8080
:103550004E2E03D1627820781202024364468D1CFD
:1035600074E75BBA0B804E2EF8D162782078120295
:10357000024352BA92B2F1E74E2EEFD1019B002BDB
:10358000F3D0E7E70323E91C9943E018029B002BE3
:103590001DD0039B83423DD3069E0B1D9E423BD311
:1035A0006378A57826781B02019C2D0433432B43B6
:1035B000002C01D00B600AE0FF2424021D0C1C40EB
:1035C0002C43FF251B042D042B401C430C600400DE
:1035D0000D1D3BE70323E91C9943029B201D002B93
:1035E000F5D0039B834215D3069E0B1D9E4213D339
:1035F000637825781B022B43A5782D041D43E378BF
:10360000019C1B062B43002CD4D11BBAD2E701220C
:10361000079C75E7012719E7022717E703000A004F
:1036200010B5032913D8080001F002FC0205080DAB
:103630000A33D80010BD0B339800FBE7B4229B017E
:1036400092009818F6E71801CF30FF30F2E70349EF
:103650000C6801000320A0470020EBE7580600009B
:103660000123456789AB0000000000000000000056
:103670000000000000000000000000000000010049
:103680000200010200030000010300010204010224
:103690000303000102040400F401FA009600640030
:1036A0004B0032001E00140000010102010202035F
:1036B0000102020302030304002303604360704716
:1036C00070B50D0000240160013BA34205D85A43A8
:1036D000002389180B60416070BDAE182E60013464
:1036E0003500F2E770B505000C1E04D1074B0A0047
:1036F00001201B6898472B68002B04D12C60002305
:103700006C60236070BD6B681C60F8E758060000B1
:1037100070B506000D001400002904D10B4B0A00FF
:1037200001201B689847002C05D1084B220021007E
:1037300001201B6898473368002B04D135600023B3
:103740007460236070BD73681D60F8E75806000060
:1037500070B505000C1E04D1054B0A0001201B6842
:1037600098472B68002B00D16C6023602C6070BDE3
:103770005806000003000068002804D002681A60A0
:10378000002A00D15A60704770B505000E0000286D
:1037900005D1184B020001001B6801209847002347
:1037A0002C68002C01D1200070BDB44217D02B68CA
:1037B0002268934205D10F4B03201B68A2B2210C53
:1037C00098472368A34205D10A4B03201B68A2B285
:1037D000210C984723002468E3E71A6003E032686D
:1037E000002BFAD12A606A680120B242DCD16B60FA
:1037F000DAE7C0465806000070B504000E00150058
:10380000002805D1164B020001001B6801209847D3
:10381000002D05D1124B2A00290001201B68984772
:10382000002E10D12368AB4205D00D4B3200310081
:1038300001201B68984723681B6823606368AB42BC
:1038400000D1666070BD3368AB4205D00022044BE6
:10385000110001201B6898472B683360EEE7C046D3
:103860005806000070B504000E001500002805D1B0
:103870000C4B020001001B6801209847002D05D168
:10388000084B2A00290001201B6898472B68002E4E
:1038900005D123606368AB4200D1666070BD3360C0
:1038A000F8E7C046580600000068884201D00028AA
:1038B000FAD1081A43425841C0B2704770B50D00A2
:1038C00009680400002904D1084B0A0001201B6884
:1038D000984721682A686B68002904D122606360D8
:1038E00000232B6070BD61680A60F8E7580600008D
:1038F00070B505000E00141E04D10D4B11000120FF
:103900001B689847002E04D121002800FFF720FFF4
:1039100070BD00222B68B34201D0002B04D1002AD5
:10392000F2D014602360F3E71A001B68F3E7C04687
:103930005806000070B505000E00141E04D10D4B92
:10394000110001201B689847002E04D12100280097
:10395000FFF7C8FE70BD2B68B34203D0002BF5D033
:103960001B68F9E71A68002A00D16C6022601C60AD
:10397000F0E7C0465806000003680020002B00D185
:10398000704701301B6880B2F8E7000010B50128CD
:103990000AD0022804D010BDFFF7ECFEFFF732F882
:1039A00005480368002BF7D1034C2000FFF784FE85
:1039B00000232372EFE7C0461807000070B50E0021
:1039C000032115001C00FEF793FF466085604461EB
:1039D00070BD0000F8B504000D001600084F01008E
:1039E0003800FFF77FFEE56026613B7A002B05D1AA
:1039F0000133310028003B72FEF72AFAF8BDC046B9
:103A000018070000F7B50500019138200021FFF7E5
:103A1000D5FF0400060010272900250018363A00BB
:103A20002835300001F030FA3A002800019901F001
:103A30002BFA2A0031002000FFF7CCFFF7BD70B54C
:103A40000D00040011001A00049B002907D1182062
:103A5000FFF7B4FF2A002100FFF7BCFF70BD29006B
:103A6000FFF7D0FFFAE7000070B505000E00002454
:103A700088B0084B1B6898476A46A3000134D050B1
:103A8000082CF6D133002A00684604A9FFF7BAFFD4
:103A900008B070BD14070000F8B5154F05003800D8
:103AA0000E00FFF767FE3B680400002B0BD13B7252
:103AB000002C17D0002D0DD0A368002B13D12000AF
:103AC000FEF7A0FF0EE001221969D8683A72FEF7EE
:103AD000BFF9EDE76368002BEED031002000984776
:103AE0000028E9D1F8BD3100280062699847E6E76F
:103AF0001807000030B5013B5BB21C0600D530BD95
:103B0000CC5CD55C6C40C454013BF6E70A0030B590
:103B100004000F320E34637825785B00ED092B43E7
:103B20001370013A013C9142F5D103785B000B70B0
:103B300030BD0000F0B504002500270033353237D2
:103B40002A783B7808008DB0934216D92600238E40
:103B500012019A1AA36920369A1830001023FFF731
:103B6000C9FF32002000E169FFF734FF2B780133F1
:103B70002B70002318000DB0F0BDFD2A0DD8FE23D8
:103B80002B70230020331022180001F07DF9364AF3
:103B90002000E169FFF71EFFEBE70123FF2AE9D0D0
:103BA000FE332B70CD7B268EF03B04A9ED091E4021
:103BB000FFF7ACFF012D06D104AB1A7879235B42E5
:103BC000534004AA137008AD002E02D13B78002B9D
:103BD00043D104ABDF7B19001800FF09FFF796FF04
:103BE000012F06D104AB1A7879235B42534004AA13
:103BF00013700F2110276B0001932A000023891BEB
:103C00000291B91BF0B20391DFB2B8421BD9A76988
:103C10000399FF5CBC4666468F1A01997E540133B6
:103C2000013A102BF0D1260010232036290028005D
:103C300004AAFFF75FFF3200102329003000FFF7CE
:103C400059FF3200A4E7B84204D18021029E08AF98
:103C5000B955E4E70027D773E1E710222800A169EE
:103C600001F012F9DFE7C046D83C031870B5826155
:103C7000020003860F331B113232C161050013703D
:103C8000030001220400333320351A7028000F325C
:103C9000034901F0F9F829002000FFF74BFF70BD40
:103CA000C83C031870B50D00160004001A00054941
:103CB000049B3420FFF782FE33002A002100FFF727
:103CC000D5FF70BD353B0318000000000000000068
:103CD00000000000000000000000000000000000E4
:103CE00000000000000000000300F7B52C33019332
:103CF0001D7804000E00002D08D0012D22D0154B98
:103D00004269290003201B68984719E007001C3707
:103D100010222900380001F0D3F8032231003800C6
:103D200001F0B2F83F22A37F20001A404023134342
:103D3000A3773A00A169FFF74DFE0123019A1370A2
:103D4000002006E0C81C210003221C3101F09CF871
:103D50002800FEBD58060000F7B505000322C06923
:103D600001F084F8002826D02F0030373C78174B1C
:103D700001341B78E4B226010193AE19019BA342E2
:103D80000DD8019B3C70A34215D92A002101313185
:103D9000280020326918FFF71DFE0020FEBD30000C
:103DA00010220B49313001F061F810360028E8D1BB
:103DB0000134E4B2E2E7AB690120002BEED02A0027
:103DC00030321078696998470120E7E7070600005C
:103DD0006C360318F8B50500130030200A000C49B2
:103DE000FFF7ECFD8561050007001C3504002E007F
:103DF0002C37084B1B68984728700135BD42F8D115
:103E000032002000A169FFF7E5FD00232B70F8BD0B
:103E1000E93C031814070000F7B5204F00903878EC
:103E2000150000010E0000221D4901933430089B4B
:103E3000FFF7C4FD040031002600019B203683619A
:103E4000009B31301A0101F01FF810220021E561BA
:103E5000300001F035F8E91C00250322300001F0A4
:103E600013F83B78013B00932F01009B3137E71992
:103E70009D4208DB23003033320039001D702000E2
:103E8000FFF7A8FDF7BD10223800064900F0EEFF4D
:103E90000028EFD10135EDB2E6E7C0460706000085
:103EA000593D03186C360318F8B50700060038377B
:103EB0003D7804001836002D0CD10200102330008C
:103EC0002832FFF717FE012332002000E1683B7023
:103ED000FFF780FD2800F8BDF7B50D001600009033
:103EE000089A01930E49099B3C20FFF767FD0700E4
:103EF000040018373200290038001023FFF7FAFDBC
:103F0000200001991022283000F0BEFF230000227B
:103F100038331A7020003A000099FFF75BFDF7BDB7
:103F2000A93E031810B5FFF705FE10BDF7B50D004B
:103F30001F000090099B01920D49089A7820FFF715
:103F40003DFD060034363770202704003A00290072
:103F5000353000F099FF20003A000099553000F00C
:103F600093FF3200412320000199FFF77FFEF7BD48
:103F7000253F0318F7B504000E00FFF7DBFD051E13
:103F80001ED023009D3301931F78012F1AD0022FDA
:103F90002ED00025AF4213D1270038371022310030
:103FA000380000F071FF23007C331D700123019A5B
:103FB000390013702200200048323433FFF756FED8
:103FC0002800FEBD2000102231007D3000F05CFF93
:103FD00023007C331F700223019A210013702200FA
:103FE0002000483238313333FFF740FE0025E7E741
:103FF0002000310010228D3000F046FF210000200B
:10400000636B62697D319847DAE7656C7462000022
:10401000F7B515001E0000900A9B019100221B4974
:10402000A020FFF7CBFC030000229D331A70099BF0
:10403000072743630300040001324833FF321A802C
:1040400008993A004A3000F01FFF20003A00310082
:10405000513000F019FF102620003200290058309E
:1040600000F012FF200032000199683000F00CFFD0
:10407000200004220649783000F006FF20232000AB
:10408000009A0449FFF7F2FDF7BDC046753F0318DB
:104090000A40031898400318BE83605ADB0B376050
:1040A00038A5F5AA9183886C10B5FFF743FD10BDC4
:1040B000F7B50F00160000900B9A019319490C9B5D
:1040C0007820FFF77BFC1025040039002A006530BA
:1040D00000F0DAFE20002A003100553000F0D4FE56
:1040E00020002A000199453000F0CEFE20000899FA
:1040F0000322423000F0C8FE0726200025003200CF
:10410000343509993B3000F0BFFE320028000A998F
:1041100000F0BAFE2A00412320000099FFF7A6FD17
:10412000F7BDC046A940031810B5FFF703FD10BD49
:10413000F7B506000D0000920193089A099B0F49FC
:104140008420FFF73BFC202704003A003100643054
:1041500000F09AFE2900200025003A003435443052
:1041600000F092FE28000199102200F08DFE2A0036
:10417000502320000099FFF779FDF7BD294103186E
:10418000F7B508AC25780F24641BE6B20024019330
:10419000019B9C4200DBF7BD371B135DCD5D0134F5
:1041A0005D40C55564B2F3E70300F0B55133040038
:1041B0001878022702001023010087B03A40194006
:1041C000384267D02500002938D03F223E352B7871
:1041D0002600134022004F3212785036511E8A4179
:1041E0003821920113432B703378023BDA0FD21837
:1041F0005210D3008B4303D02F4B03201B689847EA
:1042000038213278023AD30F9B182A785B108A4300
:10421000DB00134307229343063A13432B70250018
:104220002200A38D2F352B7030321B0A13702A0009
:104230002000E169FFF7CEFB07B0F0BD3F35420734
:10424000F5D5220020002E3212784F30160103904F
:10425000002A0FD0023EB6B2039A1278921B934204
:1042600000DDD3B2226A0091280029009219FFF7DD
:1042700087FFDCE70E2202ABD218039B29001B78D4
:1042800028001B0213803B000096FFF779FF3900DE
:104290000E23E1E7002904D123002E331A780132DE
:1042A000D2B22300250001213E332F3519702A7028
:1042B00000220E3B1A70BAE7580600000300F0B562
:1042C000513387B0039304911C78102502232600F4
:1042D0000222070023402E40144243D02A003F30E0
:1042E00000F0D2FD3A002E32002E18D03B004F33A2
:1042F0001978002907D00423AC431C43039B1C708E
:104300000023137006E016239C430E3B1C43039BC3
:104310001C7011703800FFF747FF002338E0137856
:10432000610711D539000133DBB213704F311B0126
:104330000978023B9942EDDA06239C4302331C4381
:10434000039B1C701670E5E7022122008A43039943
:104350001B010A70BA8D9A42DCD80A239C4325437C
:104360000D70D7E70121828D2140002E39D0050044
:10437000503500291DD0816A8C46297899420AD887
:104380000020BA690123002A02D0796990470123ED
:10439000180007B0F0BD6146CE180F21C91A781871
:1043A000049C3F30615C007801334140B154DBB282
:1043B000E3E728783D007B6A0C0004999B184E3592
:1043C00003930F316342DEB2B042D9D9039A2E5D16
:1043D000D35C1A000B5D013C5A409642F2D001209A
:1043E000CFE703002E331B78180103000F339342ED
:1043F00001D3151AEDB27B6A00261C18BB6A1B1884
:10440000380005933F30B14230D022002B0001002C
:104410000096FFF7B5FE0F22AE420ADB039B1A7827
:1044200002231343039A13703A002E321378013398
:1044300067E70499931BCB5CA15D4B4005998B55B5
:10444000013676B2E8E7049ECA1AB25CE65C7240B6
:10445000059EF25401335BB2AB42F4DB0023010052
:104460000093059A2B00FFF78BFED7E70B000F2177
:10447000F2E70000F0B585B01D000AAB1B8807000D
:1044800000930BAB1B780C0001930CAB1B78160050
:1044900002930EAB1B78002203935420109B174904
:1044A000FFF78CFA0F9B039A83610D9BC761036230
:1044B00003004F33466285621A70009B019A838520
:1044C000030050331A70230002000C333132197884
:1044D000117019000132013B8C42F8D10100012218
:1044E00051310B789343029A13430C2293430632C3
:1044F00013430B70FFF758FE05B0F0BDBD42031823
:1045000070B505000C0034200449FFF757FA2A0063
:104510000349A3B2FFF7AAFB70BDC046353B0318A1
:10452000D83C0318F8B504000D00FFF703FB002882
:1045300016D0260039363378002B11D027003A37B1
:1045400029001022380000F09FFC00252300357060
:104550003833200039001B78626BFFF787FB280097
:10456000F8BD0000F7B51E0008AB1F780D00040071
:104570000A9B01920849099A4C20FFF71FFA030091
:104580000122383346631F705A706B462A0021009F
:104590009B88FFF76BFBF7BD25450318F7B50400B3
:1045A0000D00FFF7C7FA061E27D02300383301930A
:1045B000197803295ED8270008003A3700F038FC44
:1045C000021F344729001022380000F05DFC002350
:1045D00039001A002000FFF749FB220001252300C3
:1045E0006A32157039331B78103B9BB200263900B4
:1045F0002000FFF73BFB019B1D703000FEBD20003B
:104600002600290010225A30393600F03DFC30785F
:1046100010225A302900201800F036FC2200022512
:104620006A3215703378E1E7200026002900102255
:104630004A30393600F028FC307810225A302900F0
:10464000201800F021FC220003256A32E9E710223D
:104650002900380000F018FC22007F215A3213781C
:104660000B401370636B002BC7D0390000206269C8
:104670009847C2E7024B002203201B689847BCE71B
:1046800058060000F7B516001136F6B2009030005B
:104690000F00150001930022089B0C496C30FFF7B6
:1046A0008DF9019B002243630300040039331E701F
:1046B000013B39001A706B302A0000F0E5FB102333
:1046C0002000009A0249FFF7D1FAF7BD9D45031873
:1046D000D4460318B1108D4D1F9716FDBFBF71183A
:1046E0000C48904FF8B504000D00FFF723FA00289E
:1046F00014D0260034363378002B0FD02700290041
:10470000002535371022380000F0BEFB20000523BD
:104710003900034A3570FFF7A9FA2800F8BDC046F2
:104720005047031810B5130004000A00482006493A
:10473000FFF744F90300012234331A7003491023B0
:104740002200FFF793FA10BDE546031855470318FA
:10475000013436646902C39162136E718ACC95F19B
:104760000335443600000000F8B505000C00FFF7E3
:10477000E1F9002814D02E0034363378002B10D005
:104780002F002100002435371022380000F07CFB78
:10479000280004233900054A3470FFF767FA200027
:1047A000F8BD3F22237813402370F9E7DC47031854
:1047B00010B5130004000A0048200649FFF7FEF870
:1047C0000300012234331A70034910232200FFF73B
:1047D0004DFA10BD69470318E047031801366469B4
:1047E000BE495FAC54EE974C8766FACEB7C19A0EBD
:1047F00010B5024B1B68984710BDC0461407000057
:1048000010B5FDF761FF10BD70470000F0B585B031
:104810001E000AAB18880BAB0C0015001988FF228C
:104820004023FDF72DFF084A02900192020020323A
:104830000092064A03001768200032002900B8479A
:10484000002005B0F0BDC046014803182407000051
:1048500007B5044B01920091034A01000120FFF7C4
:10486000D5FF07BD68490318484903180300020033
:1048700010B51F331878002807D1591E9A4200D16D
:1048800010BD0B00F6E70020FAE71F23044CD05CB4
:10489000195D8842F7D801D3013BF8D20120EFE738
:1048A0008849031810B5040000294CD1FFF7A0FF78
:1048B000030A20706370030C000EA370E070FFF712
:1048C00097FF030A20716371030C000EA371E0715E
:1048D000FFF78EFF030A20726372030C000EA372AF
:1048E000E072FFF785FF030A20736373030C000E69
:1048F000A373E073FFF77CFF030A20746374030C57
:10490000000EA374E074FFF773FF030A207563754C
:10491000030C000EA375E075FFF76AFF030A20760B
:104920006376030C000EA376E076FFF761FF030ABF
:1049300020776377030C000EE077A3772000FFF762
:1049400095FF0028B2D010BD96C298D84539A1F481
:10495000A033EB2D817D0377F240A463E5E6BCF83C
:1049600047422CE1F2D1176BF551BF376840B6CB07
:10497000CE5E316B5733CE2B169E0F7C4AEBE78E03
:104980009B7F1AFEE242E34FA892317E61E5DC791B
:1049900042CF8BD3567D73DEFFFFFFFFFFFFFF7F0C
:1049A00000000080FFFFFF7F022210B582740268C2
:1049B000030014684068014AA04710BD194B031852
:1049C0000322030010B582741A68012114681130A3
:1049D000014AA04710BDC046194B031870B501230A
:1049E0000400102200210B48FDF74AFE0025057047
:1049F000DFF754FB200029000822083000F060FA9D
:104A0000637C20002374FFF7DBFF0420FDF74EF9E1
:104A100070BDC0460311000070B50620FEF7FAFA1B
:104A2000134C631DDA7FFF2A1ED00C235343E31877
:104A30009A69002A17D1DB69002B00D09847A0693A
:104A4000E31CDA7FFF23002802D0002A00D00023D5
:104A5000621DD377FF2B07D02368218C5D68054A40
:104A600023000131A84770BD0220FDF71FF9FAE7C6
:104A700028070000994A03180022030010B5827429
:104A80001A68012114681130024AA0470420FDF77A
:104A90000DF910BD194B031810B50400002905D0FD
:104AA0000022084B110001201B6898470C20631D51
:104AB000DB7F584300232418A3610620FEF788FA01
:104AC00010BDC046580600000122030010B58274D4
:104AD0001A6808301468034AA0470420FCF7A6FFB0
:104AE00010BDC046194B031810B50820FEF792FA06
:104AF000084C2089A17A6268DFF77CFF6068002893
:104B000003D0FDF77FFF002363602000FFF7B4FFB1
:104B100010BDC0462807000030B5040085B000294C
:104B200009D0012903D0837C002B00D167E020004D
:104B3000FFF754FF18E0807C032800D999E000F0CB
:104B400077F902155064637CE374042B03D005D815
:104B50005A1E012AEBD8494AD15C02E00821052BF4
:104B6000E5D12000FFF7B0FF05B030BDE17C0229A0
:104B70000AD005290CD00720012906D00320404B7C
:104B8000227D1B689847EFE70920FEF721FAEBE743
:104B90006089DAF7FDFCC3B20500FF2B10D1DF20DE
:104BA000E389072162890001FDF76AFD23890C383A
:104BB0004381E1890C3000290ED1FDF785FD1EE00F
:104BC000A089DAF7E5FC29000200A081E3892089A9
:104BD000FDF756FD0C38ECE760602000FFF7E4FEBF
:104BE000C2E7E17C022905D005290CD00129C5D1F5
:104BF0000820CAE7618920896268DFF7FBFF20008F
:104C0000FFF73AFFB0E76068D7E721001D4B0E3190
:104C100004226846009300F029F9011E17D02500F0
:104C20000A22194901A8083500F02EF90A222900A4
:104C300001A800F01BF900280ED1144B07211A78A7
:104C400001231800FDF71CFD01230370B5E70200E6
:104C50000F48DFF7CFFED2E70420FCF7E7FE210084
:104C600009222800093100F018F92000FFF7A8FEFA
:104C70007AE7034B0A0001201B6883E7164E0318EE
:104C80005806000001030C000C4E03180406000037
:104C9000030C0000092010B5FEF7BCF90C4C61892B
:104CA000208900290DD0DFF775FF6060002803D14F
:104CB0002000FFF793FE10BD20006189FFF774FE0E
:104CC000F9E70A00DFF796FF2000FFF7D5FEF2E7CD
:104CD0002807000070B50720FEF79CF9104CA57A54
:104CE0002089002D07D12A002900DFF783FE20004C
:104CF000FFF7C2FE70BDDFF773FEA84203D22000AB
:104D0000FFF76CFEF6E70221A07AFDF7F1FD606087
:104D10000028F4D02000A17AFFF746FEEAE7C0465B
:104D20002807000010B528244443104BE1501C19FB
:104D3000FF23621DD3770022A261E21CD377207586
:104D40008B6898470A490620FEF726F9094907208B
:104D5000FEF722F908490820FEF71EF90749092045
:104D6000FEF71AF92000FFF787FE10BD28070000A4
:104D7000194A0318D54C0318E94A0318954C03182F
:104D8000F8B506000F0002201D001400FCF74EFECF
:104D9000781E731E0670042B0FD80E4B98611C846E
:104DA000DD615A1DD17FFF2912D10021D1771A6808
:104DB000611C5468084AA0470AE0084C01223100EF
:104DC0000320236898470122310003202368984775
:104DD000F8BDC04628070000994A0318580600008D
:104DE00010B5024B1B689B68984710BD2807000050
:104DF00070B5054D2B68DB689847041E02D12B68FF
:104E00009B689847200070BD2807000005020D0D23
:104E100000100001000100030400020802B4714602
:104E200049084900095649008E4402BC7047C046F3
:104E300002B4714649084900095C49008E4402BC2D
:104E40007047C04603B47146490840004900095EF6
:104E500049008E4403BC704703B4714649084000C2
:104E60004900095A49008E4403BC704730B50024FC
:104E70000139A24201D1002005E0035D01340D5D3E
:104E8000AB42F6D0581B30BD002310B59A4200D17A
:104E900010BDCC5CC4540133F8E710B5884202D988
:104EA0008B18984203D3002307E08B5C8354013AAC
:104EB000FBD210BDCC5CC45401339A42FAD1F8E75E
:104EC00003008218934200D1704719700133F9E74B
:00000001FF
